GEOID,bgLat,bgLng
"421010149003"," 39.9814422589003","-75.1787648439551"
"421010305012"," 40.04086965939","-75.0998653220625"
"421010110004"," 39.9731818538161","-75.2017294855902"
"421010318004"," 40.0311387346088","-75.0817141781011"
"421010315022"," 40.0414479087548","-75.0525902832666"
"421010008034"," 39.949659352462","-75.1734571706231"
"421010169011"," 39.9947971725617","-75.1734863852048"
"421010012014"," 39.9463638140452","-75.1799087951216"
"421010372001"," 39.9139905711112","-75.1690285944637"
"421010362021"," 40.0904382067892","-74.9800730755198"
"421010294001"," 40.0122648081343","-75.0830177790514"
"421010115001"," 39.9796726125375","-75.2510528345059"
"421010071021"," 39.9428892741109","-75.2254626228185"
"421010212002"," 40.0324525256974","-75.2103127555658"
"421010028022"," 39.9271721426123","-75.1642367341949"
"421010376001"," 39.9595579203589","-75.1517338044183"
"421010286002"," 40.0251778350765","-75.1305257806859"
"421010084003"," 39.9571305330933","-75.236721745523"
"421010180012"," 39.9829197733011","-75.1111207783087"
"421010300002"," 40.0200975889737","-75.0745590625965"
"421010176021"," 39.9967506940938","-75.1276549641065"
"421010310004"," 40.0450847295234","-75.0747332036327"
"421010289011"," 40.0207598505281","-75.118344305697"
"421010101005"," 39.970410034307","-75.2456637030035"
"421010179003"," 39.9847602914193","-75.1134440141105"
"421010001001"," 39.9503819950312","-75.1453931405359"
"421010290003"," 40.0303459500673","-75.1204439296072"
"421010169022"," 39.9908580576935","-75.1831643653274"
"421010372004"," 39.9121296764329","-75.1543245947998"
"421010019002"," 39.9401829085773","-75.1753292710818"
"421010210003"," 40.0244054098972","-75.2099964861779"
"421010028023"," 39.9287920986465","-75.1600885642741"
"421010134023"," 39.9643156932321","-75.1690133766369"
"421010147002"," 39.9787241603273","-75.1610446921437"
"421010042013"," 39.9204054324887","-75.1489246702428"
"421010341003"," 40.0727638129878","-75.0805766258763"
"421010027012"," 39.9261147303494","-75.1542465526438"
"421010172022"," 39.9984702553509","-75.1751458554932"
"421010164001"," 39.9906063641379","-75.1410106998085"
"421010100002"," 39.970620619767","-75.2483757062688"
"421010180011"," 39.9795833457543","-75.113333251292"
"421010248002"," 40.0461570662071","-75.1679480354883"
"421010314011"," 40.0489106503049","-75.0662506765665"
"421010109001"," 39.9660000345586","-75.1923151393174"
"421010040011"," 39.9249122613318","-75.1641773244866"
"421010136022"," 39.9720463199891","-75.1830072160265"
"421010379002"," 39.988087617939","-75.099837657976"
"421010337012"," 40.0654882986249","-75.0516100012323"
"421010158004"," 39.9703766332854","-75.1328153004507"
"421010067002"," 39.919543534765","-75.2246211249883"
"421010202002"," 40.0076427030047","-75.1665852962111"
"421010359001"," 40.1168727758645","-75.0162223282057"
"421010266001"," 40.0616157292324","-75.1446249470817"
"421010040012"," 39.9224557461911","-75.164717704003"
"421010175003"," 39.9933736035928","-75.1438510441895"
"421010013004"," 39.9429384847534","-75.1819844994864"
"421010195023"," 40.0026896228569","-75.1309207779064"
"421010071025"," 39.9403401674169","-75.2313556763638"
"421010074004"," 39.9408408012256","-75.2181470823605"
"421010074003"," 39.9410949046453","-75.2151800977265"
"421010298003"," 40.016096772772","-75.0680894218522"
"421010195012"," 39.9998310580617","-75.1269968837478"
"421010012025"," 39.947266681218","-75.1729031378689"
"421010064002"," 39.92819775256","-75.2415747425638"
"421010174001"," 39.9963508743644","-75.1487205589151"
"421010356021"," 40.1029360420208","-75.0470297322843"
"421010010023"," 39.94667902252","-75.1468332693963"
"421010013003"," 39.9405703546186","-75.1796248042194"
"421010263013"," 40.0736026202153","-75.1612000661465"
"421010378002"," 39.980542992627","-75.0915751471141"
"421010190002"," 40.0111214597007","-75.0989018115834"
"421010085004"," 39.9544248703803","-75.2290757961581"
"421010164004"," 39.9880004306051","-75.1438056611305"
"421010256002"," 40.0635608760293","-75.189609559451"
"421010330002"," 40.0359992376863","-75.0326449831509"
"421010102003"," 39.9694032678978","-75.2304554839419"
"421010365011"," 40.1276283783333","-75.0096362197333"
"421010201023"," 40.011378112211","-75.156544006178"
"421010365013"," 40.1270952116411","-75.0168805292532"
"421010262004"," 40.064722769997","-75.1706298429904"
"421010372002"," 39.9134066871574","-75.1626621766034"
"421010300003"," 40.0173303429768","-75.0771563156528"
"421010110002"," 39.975324165469","-75.211179510693"
"421010207002"," 40.0141928168684","-75.1886118284523"
"421010320005"," 40.0262543309824","-75.0598669674725"
"421010388003"," 40.0564208376058","-75.1914972901337"
"421010372003"," 39.9147772020378","-75.1659971772888"
"421010257001"," 40.0738134557177","-75.194463826636"
"421010119001"," 39.9853668031923","-75.2307494514516"
"421010133002"," 39.9684244064854","-75.1624622056386"
"421010039022"," 39.9163821000203","-75.1732143502"
"421010106001"," 39.9655333323051","-75.2098277241968"
"421010030022"," 39.9334036405408","-75.1716142350584"
"421010314014"," 40.0438367043016","-75.0682799162144"
"421010062002"," 39.9191030873844","-75.2316558813922"
"421010137005"," 39.9781295985013","-75.1866648527377"
"421010209001"," 40.0205805499626","-75.2090105079931"
"421010357012"," 40.1127193123157","-75.026613219521"
"421010166001"," 39.9895233835702","-75.1531838327722"
"421010277005"," 40.04972175909","-75.1555392659579"
"421010063003"," 39.9229644797866","-75.2373264101015"
"421010122031"," 40.0075442841445","-75.2092559077673"
"421010104001"," 39.9682597237255","-75.2216957892445"
"421010149004"," 39.9817411316308","-75.1810840314086"
"421010078001"," 39.9454403755939","-75.2133125772071"
"421010095003"," 39.9630827574462","-75.2387994147214"
"421010210005"," 40.0229686336067","-75.2125880880135"
"421010301003"," 40.0199980971827","-75.0895886887621"
"421010329002"," 40.0350419405654","-75.0249860648969"
"421010252007"," 40.0497913565332","-75.1762285730942"
"421010261002"," 40.0676600533672","-75.1775094121899"
"421010316005"," 40.0328409126992","-75.0595944097741"
"421010178001"," 39.9946998683956","-75.1135823014617"
"421010033002"," 39.9398713683852","-75.1977266383957"
"421010195021"," 40.0038994976667","-75.1327491285902"
"421010168003"," 39.9889972315033","-75.1649564173039"
"421010314022"," 40.0404240519941","-75.0620809242572"
"421010267002"," 40.0539830895365","-75.144371473358"
"421010345022"," 40.0804495976893","-75.0343068491988"
"421010336004"," 40.0631452491596","-75.0616727319652"
"421010313003"," 40.038188812763","-75.0717114229161"
"421010200001"," 39.9999468633471","-75.1511439595661"
"421010004021"," 39.9541751219462","-75.1722300412979"
"421010271002"," 40.0473838080143","-75.1241555051918"
"421010302004"," 40.0264990288483","-75.0867898973938"
"421010380001"," 40.0041362632333","-75.0832989200719"
"421010311011"," 40.043309899327","-75.0764185131703"
"421010018002"," 39.9402894260211","-75.1610871575227"
"421010362014"," 40.0779589621896","-74.9868179317183"
"421010007002"," 39.9507009027174","-75.1689118948973"
"421010080002"," 39.9490051434524","-75.225221951776"
"421010282003"," 40.0367021442079","-75.1417391273599"
"421010078002"," 39.9451434442693","-75.2163851389151"
"421010188001"," 39.9992588982384","-75.1004111445777"
"421010362023"," 40.0774028917947","-74.980904728088"
"421010379001"," 39.9867402965933","-75.1029903425251"
"421010031005"," 39.9319467674074","-75.178034968314"
"421010157002"," 39.9788665820752","-75.1352370288805"
"421010379005"," 39.9863176218278","-75.0974750445631"
"421010042024"," 39.9190530121381","-75.1531665065401"
"421010135004"," 39.969157065521","-75.1674104907493"
"421010266006"," 40.0614655743206","-75.149594580888"
"421010032001"," 39.9348138588667","-75.1825363544956"
"421010308002"," 40.0582414257899","-75.0809838539415"
"421010192002"," 40.0017358347989","-75.1133956980004"
"421010317005"," 40.0284548154766","-75.0708171751524"
"421010331024"," 40.0462030106721","-75.0298323207533"
"421010377002"," 39.98151021392","-75.1479056484812"
"421010024004"," 39.9359910498033","-75.1570379821999"
"421010202006"," 40.0076195091468","-75.1631591666053"
"421010218002"," 40.0530367487764","-75.2333500335219"
"421010286006"," 40.0288689636597","-75.1295923129736"
"421010041022"," 39.9165301379662","-75.1590390506644"
"421010320003"," 40.0278753175149","-75.056574919094"
"421010081025"," 39.9534975497571","-75.2322661863692"
"421010300005"," 40.014184467888","-75.0801939843587"
"421010273005"," 40.0414854450937","-75.1211592133858"
"421010213003"," 40.0306077631594","-75.2145484901557"
"421010253001"," 40.0542285489474","-75.1789179733461"
"421010377003"," 39.9838648099759","-75.147106173071"
"421010028025"," 39.9313103417596","-75.1594230823692"
"421010118003"," 39.9821796049335","-75.2331386457211"
"421010276001"," 40.0422850747996","-75.136806452733"
"421010331011"," 40.0396936986823","-75.0417722978433"
"421010289021"," 40.0203205992899","-75.107863476351"
"421010316003"," 40.0291178913359","-75.0590318471187"
"421010033006"," 39.9352546368712","-75.1957054219078"
"421010265004"," 40.0574992807001","-75.1524871873779"
"421010214003"," 40.0277552285289","-75.2238680467765"
"421010311024"," 40.0379305607573","-75.081542609929"
"421010279011"," 40.0475942680348","-75.1529364445715"
"421010191001"," 40.0118933379353","-75.1092536168781"
"421010276004"," 40.0456147091346","-75.1405341468394"
"421010176012"," 39.9942555917834","-75.1387745631792"
"421010265001"," 40.0623068968493","-75.1540466902658"
"421010078005"," 39.9477947610338","-75.2140438348859"
"421010246001"," 40.0351397707012","-75.1696540521084"
"421010188005"," 39.9949275544932","-75.1107306875571"
"421010190004"," 40.0113938866038","-75.1009608183344"
"421010061001"," 39.9145204964191","-75.2289729232989"
"421010290002"," 40.0298185495969","-75.1142285922925"
"421010308003"," 40.054406600158","-75.0808524677197"
"421010197003"," 40.0184777393512","-75.1378430904281"
"421010033004"," 39.9378013233203","-75.1951358280861"
"421010305011"," 40.044870405806","-75.0975103302966"
"421010243002"," 40.0222048977544","-75.1728846048777"
"421010041023"," 39.9170309690749","-75.1629513361766"
"421010198002"," 40.0113305775146","-75.1428820318363"
"421010176013"," 39.9920054839537","-75.1307360714407"
"421010192004"," 40.0001698782951","-75.1092941644874"
"421010301005"," 40.023140029468","-75.0889128935437"
"421010288001"," 40.0202954715651","-75.12591501804"
"421010377001"," 39.9831366791937","-75.1536138273151"
"421010172013"," 40.0019420608757","-75.1678249842054"
"421010201011"," 40.0057827679769","-75.1552110940386"
"421010215002"," 40.0312323259268","-75.2306001723997"
"421010388004"," 40.0522743108704","-75.1971193553523"
"421010286001"," 40.0284071056016","-75.1247685696384"
"421010369001"," 39.9511605955327","-75.1898662647822"
"421010283004"," 40.0232323496522","-75.1435071754252"
"421010008043"," 39.9482878526016","-75.1667687032661"
"421010025002"," 39.9334030812742","-75.146689840071"
"421010030015"," 39.9304575037287","-75.1730498094705"
"421010373001"," 39.9104518079727","-75.1744088128729"
"421010081012"," 39.9475191379894","-75.2379064361207"
"421010098011"," 39.9782769990797","-75.2654989872735"
"421010104003"," 39.9662896431864","-75.2192909160185"
"421010158003"," 39.9722977751538","-75.1269417251502"
"421010165002"," 39.9904979126391","-75.1512548029458"
"421010209003"," 40.0163680807265","-75.2100720123707"
"421010219001"," 40.0509674413581","-75.2436648025749"
"421010355001"," 40.0925401189217","-75.0222966768443"
"421010272002"," 40.0458887996901","-75.1154787888293"
"421010361003"," 40.0942432934063","-74.9860180076048"
"421010351002"," 40.0465206088804","-74.9834682552367"
"421010348011"," 40.0540553547025","-75.0147770569458"
"421010340001"," 40.0739072007707","-75.0712164114689"
"421010008031"," 39.949688143137","-75.1767860651842"
"421010356013"," 40.0963910774525","-75.0438748954398"
"421010015002"," 39.9421641243901","-75.1612373065619"
"421010024003"," 39.9374856467363","-75.159341231275"
"421010023002"," 39.9344080971211","-75.1625964614742"
"421010063004"," 39.919663387216","-75.241987574445"
"421010067007"," 39.9275222961604","-75.2229651233471"
"421010084001"," 39.9558765994294","-75.2335083006736"
"421010091003"," 39.9596862830544","-75.200631955799"
"421010094004"," 39.96425856683","-75.2342539697353"
"421010111005"," 39.9749664853204","-75.2237926027775"
"421010113002"," 39.9782570934648","-75.2322329675384"
"421010120002"," 39.9965523310269","-75.2302984494124"
"421010131001"," 39.9656448147902","-75.1508976706461"
"421010132002"," 39.9660133609754","-75.158176163076"
"421010202005"," 40.0116631722213","-75.1587951526828"
"421010241001"," 40.0332724448537","-75.1759225562385"
"421010264005"," 40.0620781777723","-75.1654113416603"
"421010268004"," 40.0503069827797","-75.1403117150663"
"421010278004"," 40.0467291907433","-75.1466625577139"
"421010285001"," 40.0287163473165","-75.1337364494686"
"421010318001"," 40.0325254648139","-75.0753097864495"
"421010332002"," 40.0435689619767","-75.0429410993001"
"421010325004"," 40.0229115097756","-75.0436111717981"
"421010348023"," 40.0620911506289","-75.0113175672767"
"421010367002"," 39.9638876380418","-75.1454696077216"
"421010036001"," 39.9287176677739","-75.1894874082296"
"421010072001"," 39.942228179637","-75.2342090829832"
"421010136011"," 39.9686446958841","-75.1767755589842"
"421010138002"," 39.9751180077752","-75.1775886943751"
"421010145002"," 39.9745056054475","-75.1479234381029"
"421010153004"," 39.9826216813746","-75.1622488766576"
"421010149006"," 39.9825132366938","-75.1858689077891"
"421010163004"," 39.9868093215417","-75.1353302884697"
"421010163002"," 39.9899553151938","-75.1359537632318"
"421010202001"," 40.0049345706915","-75.1620473467638"
"421010137001"," 39.9764682707045","-75.1833653429983"
"421010142001"," 39.9679193011008","-75.1454838631614"
"421010111001"," 39.9770499382934","-75.2189620938107"
"421010112005"," 39.9746673312001","-75.2370329357508"
"421010114004"," 39.9771730360866","-75.2425764814209"
"421010114005"," 39.9785815095737","-75.2446025745818"
"421010118005"," 39.9868053508288","-75.2415593899091"
"421010119002"," 39.9857332416731","-75.2283475601235"
"421010125003"," 39.9618966943158","-75.1773213084921"
"421010135003"," 39.9705251321477","-75.1718421805724"
"421010006001"," 39.9494080729408","-75.1584635557803"
"421010009022"," 39.9474034341043","-75.1584399943598"
"421010011022"," 39.9449689323997","-75.1581612816165"
"421010012012"," 39.9478155692288","-75.1773220453036"
"421010012023"," 39.9455956879415","-75.1732748609794"
"421010013002"," 39.9425496658215","-75.1791942818644"
"421010021002"," 39.9370636041337","-75.175660086884"
"421010022002"," 39.9351267417329","-75.1698107721774"
"421010027024"," 39.9257292432568","-75.1511453908944"
"421010028024"," 39.9294312612535","-75.1626662914286"
"421010028011"," 39.9289710314094","-75.1568324225202"
"421010030023"," 39.9330389725677","-75.1735766546438"
"421010031002"," 39.9314039230549","-75.1755512573129"
"421010032005"," 39.9315823530234","-75.1866728480667"
"421010033001"," 39.933363455151","-75.1907401319807"
"421010036002"," 39.9308260770034","-75.1969400497241"
"421010037021"," 39.9246027817354","-75.1796129924622"
"421010362024"," 40.0874034774251","-74.9753818984902"
"421010039012"," 39.922104422026","-75.1718957554517"
"421010040014"," 39.9252186972717","-75.1674488885394"
"421010146003"," 39.9732576848111","-75.1544034529397"
"421010149002"," 39.9811427179246","-75.1764628080759"
"421010151023"," 39.9881110178969","-75.1814269686998"
"421010151011"," 39.9854209648738","-75.1860851400604"
"421010153002"," 39.9844819864868","-75.1607615204645"
"421010160006"," 39.97606174556","-75.1226756508316"
"421010160004"," 39.9819339559734","-75.1230045580677"
"421010162003"," 39.9837052956983","-75.136270593852"
"421010165003"," 39.9880071155456","-75.1482551258486"
"421010167011"," 39.9923571546794","-75.1606604073651"
"421010168002"," 39.9934999594632","-75.169691389552"
"421010169021"," 39.9957425031448","-75.180793152552"
"421010171002"," 40.0022822695989","-75.1705055989486"
"421010172012"," 39.9967214448296","-75.1697861714832"
"421010175005"," 39.9978579078263","-75.1421473828802"
"421010177025"," 39.9977737826916","-75.1233320434797"
"421010177022"," 39.9935456700099","-75.1214709233824"
"421010178003"," 39.9912532185543","-75.114595064484"
"421010178002"," 39.9924033123791","-75.1118074440291"
"421010215003"," 40.0350655563129","-75.2244125585984"
"421010217003"," 40.0421882600521","-75.2218252774091"
"421010236002"," 40.041479195085","-75.1919060122968"
"421010238004"," 40.0367067637388","-75.1840849672365"
"421010238005"," 40.0400059988529","-75.1861579120033"
"421010242004"," 40.0261641231698","-75.1694618596225"
"421010243001"," 40.0240990512331","-75.1753881787023"
"421010245003"," 40.0365185413225","-75.1611027105033"
"421010247003"," 40.0380684986472","-75.1663333021598"
"421010180023"," 39.9842363341728","-75.1084239014434"
"421010183002"," 39.9986325759613","-75.0718366693791"
"421010188006"," 39.9965447483426","-75.1093624945423"
"421010190001"," 40.0075555285212","-75.1011924928663"
"421010191003"," 40.0079079105081","-75.1044680863502"
"421010192003"," 39.9992065160096","-75.1145964728006"
"421010197006"," 40.0179893804019","-75.1397891421119"
"421010198004"," 40.0107056846612","-75.1392221037281"
"421010201013"," 40.0012850787553","-75.1562618043572"
"421010201022"," 40.0087731327394","-75.1538056852183"
"421010204001"," 40.021411815472","-75.1565035520647"
"421010207001"," 40.0157526711137","-75.1935921509395"
"421010209002"," 40.0184322571544","-75.2054143438778"
"421010213001"," 40.034973122583","-75.2193735913487"
"421010248001"," 40.0482432896559","-75.1646980250891"
"421010249001"," 40.0537534319653","-75.1594072579471"
"421010253005"," 40.0555404375239","-75.1817222526352"
"421010254002"," 40.0575391530964","-75.1770120667812"
"421010255001"," 40.0637144983242","-75.1852930510082"
"421010259001"," 40.0803375390936","-75.1727745308335"
"421010259006"," 40.0829958196652","-75.1753191837102"
"421010262001"," 40.0678477973064","-75.1647033289561"
"421010263021"," 40.0691637201964","-75.1542145302937"
"421010264006"," 40.0653380048287","-75.163768598627"
"421010264002"," 40.0587002825445","-75.1602094510475"
"421010264004"," 40.0625969424526","-75.1608943439905"
"421010266002"," 40.0650631845122","-75.1464095960947"
"421010266005"," 40.0638650240173","-75.1494262773098"
"421010267003"," 40.0519459570145","-75.146872813005"
"421010269001"," 40.0541538402213","-75.1285225994643"
"421010041021"," 39.919063157486","-75.1582078504619"
"421010042012"," 39.920918440373","-75.1527588586926"
"421010037012"," 39.9262279044723","-75.1774847521416"
"421010055002"," 39.9091032892919","-75.2450434439426"
"421010060002"," 39.9094829566335","-75.2341429574464"
"421010063002"," 39.9239448997055","-75.2354846372396"
"421010065001"," 39.9337803587128","-75.2299102950066"
"421010066003"," 39.9287126401049","-75.2337286856495"
"421010067001"," 39.9238402835188","-75.2205323553014"
"421010067003"," 39.9215870989127","-75.2273840917717"
"421010071012"," 39.9378641511325","-75.2254179336541"
"421010072006"," 39.9452693858971","-75.2363072307039"
"421010073001"," 39.9433301101249","-75.2201357340896"
"421010077001"," 39.9481312713069","-75.2086930026991"
"421010078003"," 39.9463811964677","-75.2203504305517"
"421010080003"," 39.9488670246617","-75.2291992493994"
"421010081021"," 39.9509460757113","-75.2369852455293"
"421010082007"," 39.9505429291281","-75.246224096951"
"421010082003"," 39.9470595693261","-75.2418465038086"
"421010083012"," 39.9579616799796","-75.2456819951151"
"421010084002"," 39.9578229024191","-75.2336046090378"
"421010085002"," 39.9565187294758","-75.2235733117642"
"421010086022"," 39.9557494320387","-75.2174900155593"
"421010088012"," 39.9555052603528","-75.1981105961864"
"421010090004"," 39.9572943775393","-75.1914514616113"
"421010094003"," 39.9619437904472","-75.2345584216268"
"421010098012"," 39.977097507754","-75.2674311836284"
"421010101007"," 39.9725649613568","-75.2434055080016"
"421010104002"," 39.969232497604","-75.2189351736284"
"421010105001"," 39.9658952266267","-75.2150132566723"
"421010108002"," 39.966547830245","-75.2004433781142"
"421010110003"," 39.9742411079443","-75.2070953584748"
"421010338003"," 40.0600310750634","-75.0757675115227"
"421010339001"," 40.0675792372663","-75.0815258385175"
"421010341002"," 40.0750419985012","-75.0771171046743"
"421010346001"," 40.0722312798082","-75.024609233127"
"421010348022"," 40.0639120627841","-75.014383595615"
"421010349004"," 40.0417005529523","-75.0184095404451"
"421010352003"," 40.0544701650773","-74.999459853255"
"421010356022"," 40.1070929098215","-75.0441802379975"
"421010358002"," 40.1246792657011","-75.0277513435942"
"421010347021"," 40.0615222953519","-75.0261060045304"
"421010363021"," 40.0948245495801","-74.9784303494289"
"421010292001"," 40.0267090428907","-75.1088888486401"
"421010358003"," 40.1191780114044","-75.0301422557723"
"421010083024"," 39.954615392926","-75.241282373558"
"421010273002"," 40.0345947539458","-75.120665305638"
"421010274013"," 40.0344496213498","-75.1294705512388"
"421010274023"," 40.037349231486","-75.125500541849"
"421010275003"," 40.0349224639809","-75.1329128244142"
"421010275001"," 40.0435504848345","-75.1320238284715"
"421010277003"," 40.050511243929","-75.1518124255489"
"421010279012"," 40.0449713245223","-75.1518768739836"
"421010280001"," 40.0235251814682","-75.1554533798445"
"421010283002"," 40.0269015565483","-75.1414865582431"
"421010286005"," 40.0310298566248","-75.1265118815669"
"421010289024"," 40.0243879570186","-75.118665991776"
"421010289013"," 40.019591903655","-75.114666962619"
"421010298002"," 40.0161707688107","-75.065128183181"
"421010300007"," 40.01914249079","-75.0801051119331"
"421010301001"," 40.0207302576389","-75.0840417350958"
"421010302002"," 40.0275596952035","-75.0804498992688"
"421010390003"," 40.0342386177926","-75.0887415319065"
"421010305021"," 40.0463571925355","-75.1020371141425"
"421010306003"," 40.0485303924246","-75.0951202810578"
"421010307001"," 40.0582430854328","-75.0867379800415"
"421010308001"," 40.0564171626101","-75.082305450547"
"421010310007"," 40.0514172823678","-75.07577331025"
"421010311021"," 40.0389149992041","-75.0838757751057"
"421010313004"," 40.0407300093256","-75.074608669449"
"421010313006"," 40.0408795101155","-75.0697410631221"
"421010314021"," 40.0431904771129","-75.0577413233642"
"421010315012"," 40.0354625948937","-75.0470085199442"
"421010316001"," 40.0347096607257","-75.057833516019"
"421010317003"," 40.0286477860709","-75.0638584826566"
"421010319002"," 40.0219173436292","-75.060500205301"
"421010320002"," 40.0265540157969","-75.0536988133522"
"421010321002"," 40.0175621747354","-75.0566105251288"
"421010325002"," 40.0257917094542","-75.0479130910806"
"421010326005"," 40.029487154289","-75.0365063983173"
"421010329004"," 40.0364876161019","-75.0287978636231"
"421010330003"," 40.0368068922589","-75.036880949049"
"421010331022"," 40.0435759821693","-75.0278411930506"
"421010333002"," 40.0531316740504","-75.0436857445779"
"421010336003"," 40.0593278539935","-75.0625016129721"
"421010338001"," 40.064137055615","-75.0684225832067"
"421010112003"," 39.9720482428754","-75.2331831291966"
"421010030013"," 39.9284561418484","-75.1721523531808"
"421010143002"," 39.9698605779354","-75.1278392415019"
"421010220001"," 40.0591442519507","-75.2501038364182"
"421010214004"," 40.0295188587151","-75.2262645161241"
"421010172021"," 40.0001443702289","-75.1726202339202"
"421010365012"," 40.1323459719357","-75.0166146112656"
"421010384002"," 40.0659077190752","-75.2360596356104"
"421010168005"," 39.9950317262003","-75.1693428353007"
"421010331012"," 40.0387106071064","-75.038274737324"
"421010178004"," 39.9900417124657","-75.1167268752642"
"421010016002"," 39.9399159061839","-75.1461065598376"
"421010037013"," 39.9270895977998","-75.1810158747374"
"421010030024"," 39.9314015952683","-75.1706665082695"
"421010259005"," 40.0813377151679","-75.1769413688787"
"421010083022"," 39.9598680556675","-75.241197079601"
"421010071011"," 39.9363689833543","-75.2275404867488"
"421010270002"," 40.0495185464853","-75.1349386224584"
"421010175001"," 39.9981494205308","-75.1449934433954"
"421010165001"," 39.9926635205385","-75.1509853880004"
"421010042023"," 39.9178017034799","-75.1534315323445"
"421010188004"," 39.9953290752523","-75.1060261856916"
"421010042014"," 39.923353794482","-75.1522273767115"
"421010024002"," 39.9339162752449","-75.1560807795611"
"421010362012"," 40.0853537531255","-74.9843844396873"
"421010111003"," 39.9722432166568","-75.2259180363489"
"421010169012"," 39.9913940541455","-75.1749464406732"
"421010281003"," 40.0262674443783","-75.1489324592635"
"421010288002"," 40.0219013334253","-75.1212789461386"
"421010356012"," 40.1008084593087","-75.0360173259477"
"421010284004"," 40.0217647472901","-75.1386193686555"
"421010039023"," 39.9137628423139","-75.1748628766934"
"421010168006"," 39.9929061620888","-75.1657124860855"
"421010098023"," 39.9761547237339","-75.2707940684319"
"421010176015"," 39.9939417876098","-75.1365122906104"
"421010309002"," 40.0417765069785","-75.0845311224287"
"421010133001"," 39.9646586522615","-75.1635677033683"
"421010169023"," 39.9931487638127","-75.1829525922083"
"421010135002"," 39.9694140131319","-75.1703351257765"
"421010178007"," 39.9905369662552","-75.1213995253851"
"421010238003"," 40.0360550223942","-75.1795686152421"
"421010270001"," 40.0489173504015","-75.1296332937802"
"421010305013"," 40.0419335448385","-75.1014799142157"
"421010334001"," 40.0582254467438","-75.048085308319"
"421010277006"," 40.0525277626286","-75.1565731933933"
"421010244001"," 40.0228058879129","-75.1651432407398"
"421010180013"," 39.9818252059961","-75.113433795763"
"421010078004"," 39.9471741913331","-75.2179693437119"
"421010320007"," 40.029752522533","-75.0534556275125"
"421010245002"," 40.0306614488106","-75.1602205176506"
"421010330007"," 40.0347266587955","-75.0350108932931"
"421010305022"," 40.0473851512939","-75.1052066683742"
"421010065003"," 39.9354012809527","-75.2308745724926"
"421010167021"," 39.9898323037751","-75.1591895207228"
"421010069001"," 39.9306277459721","-75.2128109358183"
"421010179001"," 39.9866601033615","-75.1142533461419"
"421010363032"," 40.100006472644","-74.9732855865699"
"421010336001"," 40.062200858764","-75.0545920799042"
"421010086023"," 39.9572887139661","-75.220372791742"
"421010103002"," 39.9662606497593","-75.2251725083086"
"421010335003"," 40.0559597291615","-75.0692239834282"
"421010175002"," 39.9968328014265","-75.1401747870393"
"421010093003"," 39.9604342297395","-75.2220008330449"
"421010118001"," 39.9898714236526","-75.2354524596542"
"421010326003"," 40.0320143173643","-75.0409803871982"
"421010063001"," 39.9251648250236","-75.2349791854137"
"421010137004"," 39.9742418254624","-75.1835494738741"
"421010074002"," 39.9415982837941","-75.2117587432696"
"421010134022"," 39.9662253485878","-75.167129401985"
"421010326006"," 40.0279545618958","-75.0394404973174"
"421010093001"," 39.9634885910712","-75.2218354641622"
"421010315013"," 40.0338268073797","-75.0509803185339"
"421010360001"," 40.1047150626593","-75.0104620598735"
"421010151022"," 39.9848565853","-75.1815334372243"
"421010101003"," 39.9741164995939","-75.2420027099706"
"421010087022"," 39.951031092664","-75.2075977209651"
"421010090002"," 39.9597595371545","-75.1914981325186"
"421010071024"," 39.9423834580563","-75.228630200751"
"421010008042"," 39.9484881721341","-75.1653481152887"
"421010298004"," 40.0131310924487","-75.0662585751753"
"421010259004"," 40.0795821169949","-75.1792378401706"
"421010313001"," 40.0398314397121","-75.0678105653565"
"421010114003"," 39.9774512138829","-75.2400704232572"
"421010301002"," 40.0180763954136","-75.0867436436601"
"421010202003"," 40.0083153224772","-75.1595970877526"
"421010008032"," 39.9494744146035","-75.1750306807785"
"421010166002"," 39.9876847233629","-75.1548334388476"
"421010096004"," 39.9648506361486","-75.2446979359019"
"421010348021"," 40.0664614885873","-75.0167832664034"
"421010347013"," 40.0700824540217","-75.0361317101497"
"421010268002"," 40.055656663936","-75.1388162737595"
"421010198005"," 40.0112723868913","-75.141039573333"
"421010094001"," 39.9639521759522","-75.2312221375467"
"421010001002"," 39.953422067025","-75.1473415241513"
"421010031006"," 39.9334911080305","-75.1803119295179"
"421010195011"," 40.0008648975818","-75.1350063021419"
"421010352002"," 40.0509836121244","-74.9938605608803"
"421010145001"," 39.9769381244843","-75.1486949049943"
"421010178005"," 39.9928322642808","-75.1170610645056"
"421010291003"," 40.0321885823646","-75.1050771092475"
"421010334003"," 40.0583961877525","-75.0526021189923"
"421010119003"," 39.9816050317534","-75.2267728916193"
"421010283007"," 40.0280981997156","-75.1459322311284"
"421010246003"," 40.0389951248022","-75.1744141786596"
"421010118002"," 39.9872823806025","-75.2348930298125"
"421010156002"," 39.9806460815737","-75.1425832682889"
"421010342001"," 40.0816156672337","-75.0746369647048"
"421010136024"," 39.9709704682232","-75.1754111838403"
"421010283001"," 40.0299204685132","-75.1408220020493"
"421010038002"," 39.9177005956886","-75.1840819228875"
"421010103001"," 39.9688999906656","-75.2256260996735"
"421010231001"," 40.0665804661413","-75.2029134908313"
"421010002001"," 39.9553929803402","-75.1569142166917"
"421010007001"," 39.9514589736794","-75.1750028998006"
"421010218003"," 40.0571414116188","-75.2305987658055"
"421010005001"," 39.9519410121802","-75.1580587428237"
"421010147001"," 39.9781732149761","-75.1640870241633"
"421010160001"," 39.9831519590428","-75.1206050696565"
"421010164002"," 39.9873951161109","-75.1402691546899"
"421010172024"," 39.9980696052093","-75.1722395669113"
"421010177013"," 39.9978030040122","-75.1172194803184"
"421010188007"," 39.9980258196176","-75.106920446469"
"421010008041"," 39.9487609600524","-75.1693473380208"
"421010012022"," 39.945232162435","-75.1700020068155"
"421010025004"," 39.9353878131634","-75.1522121953357"
"421010030014"," 39.9287242683108","-75.1742289667306"
"421010363033"," 40.0985587644729","-74.9715728365965"
"421010192001"," 40.0010440783044","-75.11802375194"
"421010201012"," 40.0009615301373","-75.1539006503573"
"421010213002"," 40.0329071399456","-75.217316055721"
"421010236001"," 40.0478287434127","-75.19466244432"
"421010262003"," 40.0675287466584","-75.1691851739152"
"421010265003"," 40.0596402086737","-75.151557915856"
"421010245001"," 40.0309343996315","-75.1639371031592"
"421010252003"," 40.0450740840751","-75.1781742775491"
"421010259003"," 40.0772749959427","-75.1772077685073"
"421010274021"," 40.0427559149844","-75.1245408643983"
"421010277004"," 40.05194419745","-75.1542244286378"
"421010290004"," 40.0276758044317","-75.1180626924968"
"421010302001"," 40.0242856505924","-75.0788516021213"
"421010040022"," 39.9174094645483","-75.1658161190636"
"421010067006"," 39.923556138183","-75.2242755544775"
"421010072005"," 39.9443052037527","-75.23248517008"
"421010080001"," 39.9517498769295","-75.224569293831"
"421010306005"," 40.0511052915999","-75.1002667404549"
"421010310005"," 40.0473864870998","-75.0780136075551"
"421010314013"," 40.042426853027","-75.0657067679805"
"421010317001"," 40.0290808644281","-75.0661464635495"
"421010323001"," 40.0188273091467","-75.0522484569995"
"421010330001"," 40.0380120165522","-75.0341854734238"
"421010084006"," 39.9591460392483","-75.2380604821099"
"421010087011"," 39.950432148975","-75.211088098376"
"421010091001"," 39.9616042846889","-75.1966371919121"
"421010108005"," 39.9645961332333","-75.2000815380443"
"421010112007"," 39.9750923408894","-75.2325751492952"
"421010119004"," 39.9905346679555","-75.2297654705669"
"421010339003"," 40.0699279175623","-75.0901515515957"
"421010341006"," 40.0804846630501","-75.079967190703"
"421010349003"," 40.0407243086539","-75.0137509578817"
"421010090001"," 39.9616785253248","-75.1925097540913"
"421010020002"," 39.9383013866615","-75.1867475877722"
"421010109003"," 39.9637902075202","-75.1921473684633"
"421010114006"," 39.9835288612201","-75.2434056954832"
"421010146001"," 39.9773979563735","-75.1551860917061"
"421010174002"," 39.9960689779314","-75.1521065779456"
"421010176023"," 39.9977042617698","-75.1331764192014"
"421010288003"," 40.0236750671562","-75.1239532131625"
"421010281001"," 40.0330763466002","-75.1486106319169"
"421010332001"," 40.0447707692544","-75.0488620888391"
"421010008011"," 39.9500638853861","-75.1800490773755"
"421010158001"," 39.9756423136281","-75.1301649766819"
"421010380002"," 40.0080398529446","-75.0743719623153"
"421010389002"," 40.0581109648475","-75.1688614317117"
"421010275002"," 40.0391268695937","-75.1313220288586"
"421010306006"," 40.0541312392471","-75.0960087881923"
"421010240002"," 40.0298907775338","-75.1791596352006"
"421010260001"," 40.0772724004693","-75.1680540000417"
"421010300001"," 40.0228165031528","-75.072488212161"
"421010134012"," 39.9657054181546","-75.1742798284203"
"421010306007"," 40.0519960803082","-75.0925331799685"
"421010031003"," 39.9295649938177","-75.176400830262"
"421010389003"," 40.0541797197498","-75.1732058769607"
"421010179004"," 39.9893813571933","-75.1110623440837"
"421010279021"," 40.0415045219881","-75.1522718997492"
"421010363022"," 40.0988668851141","-74.9820421684075"
"421010031001"," 39.9340697585707","-75.17675954235"
"421010007003"," 39.9519250538509","-75.1788261640837"
"421010167012"," 39.9928903992954","-75.1623956270447"
"421010206001"," 40.0190193767776","-75.1825101667391"
"421010122041"," 40.0015478612293","-75.2063015270849"
"421010010022"," 39.9441142115391","-75.1476396990063"
"421010085003"," 39.954425593883","-75.2240126998882"
"421010017002"," 39.9382278776904","-75.150701048314"
"421010238001"," 40.0432731742601","-75.1830123619752"
"421010041012"," 39.9211500218837","-75.1577532406241"
"421010030011"," 39.9300314484912","-75.1698513610553"
"421010082006"," 39.9482878180254","-75.2464496342062"
"421010340003"," 40.0690486279124","-75.0773511597698"
"421010312002"," 40.0366446166483","-75.0750682896565"
"421010139001"," 39.977881042503","-75.1725413354594"
"421010132001"," 39.9665997566683","-75.1550703546688"
"421010244002"," 40.0245760237932","-75.1619721951903"
"421010263023"," 40.0683019194799","-75.1607198658326"
"421010085005"," 39.9558457982446","-75.2287826759182"
"421010095002"," 39.9647709657793","-75.2370603691685"
"421010112001"," 39.9753889926138","-75.2305244926598"
"421010009011"," 39.9477507857059","-75.1611898398028"
"421010027013"," 39.9285550944413","-75.1537011419983"
"421010379004"," 39.9846914031588","-75.1011803210141"
"421010201021"," 40.0103538351928","-75.1535368195933"
"421010010012"," 39.9437639502063","-75.1519257550538"
"421019806001"," 39.9055099847213","-75.1708008250455"
"421010210004"," 40.0224895468272","-75.2179917153624"
"421010014003"," 39.9426037927276","-75.1683964784709"
"421010022003"," 39.9368434497933","-75.1719374171808"
"421010107002"," 39.9666797155968","-75.2056266729141"
"421010278002"," 40.0425217801509","-75.1456228378097"
"421010010021"," 39.9434712000665","-75.1460016803548"
"421010382001"," 39.993889905982","-75.1015192113636"
"421010066004"," 39.9267697615455","-75.2317949262631"
"421010162001"," 39.9833947936969","-75.1339973899042"
"421010184002"," 39.9969571994859","-75.0634984292858"
"421010197005"," 40.0141914694844","-75.1406163775132"
"421010030012"," 39.9281821155293","-75.1700481081265"
"421010341001"," 40.0779170196086","-75.0748294435598"
"421010121001"," 40.0013423324911","-75.222561137728"
"421010110001"," 39.9724209302057","-75.2052326465223"
"421010252002"," 40.0424280950134","-75.1787700965623"
"421010287001"," 40.0218812113673","-75.1331100958043"
"421010299003"," 40.0128743738717","-75.0718683169569"
"421010341005"," 40.078529517669","-75.0829513845835"
"421010349001"," 40.0479057345544","-75.0046242799073"
"421010361002"," 40.1037884579528","-74.996536173888"
"421010274011"," 40.0429600359979","-75.1279038353577"
"421010284001"," 40.0294412193999","-75.1378786488783"
"421010390002"," 40.0353232720962","-75.0899903740573"
"421010314023"," 40.0453716733195","-75.0608734942497"
"421010331023"," 40.0422926675175","-75.0308788711062"
"421010042021"," 39.917217719565","-75.1489087929369"
"421010065005"," 39.9439598894293","-75.242842668696"
"421010069002"," 39.9299550632564","-75.2181202206534"
"421010073002"," 39.9425774084761","-75.2225750810279"
"421010163003"," 39.9894733830336","-75.1322238308405"
"421010175004"," 39.9950367197519","-75.1444666035829"
"421010240003"," 40.0272746304878","-75.1751449544226"
"421010289025"," 40.0257395798625","-75.1154734329455"
"421010306001"," 40.0488181139538","-75.0889253525358"
"421010213004"," 40.0297263557865","-75.2175615360628"
"421010259002"," 40.0781902000551","-75.1748849037952"
"421010108004"," 39.9628619973274","-75.1998567510859"
"421010191006"," 40.0096836199471","-75.1085927820588"
"421010081022"," 39.9524674863185","-75.2366619145564"
"421010261001"," 40.0705620442653","-75.1738639486229"
"421010156001"," 39.9778908063684","-75.1414204781673"
"421010102002"," 39.9669210034433","-75.2317017489446"
"421010253003"," 40.0535448702954","-75.1847701785459"
"421010013005"," 39.9429798817497","-75.1864436790272"
"421010060005"," 39.9169556101449","-75.2385572892995"
"421010344003"," 40.0957246666681","-75.05411791311"
"421010108003"," 39.9652595690517","-75.1962751920175"
"421010390008"," 40.0326306118537","-75.0925802335462"
"421010336005"," 40.065538487656","-75.0592470780637"
"421010286003"," 40.0269681557908","-75.1304005912336"
"421010139003"," 39.9732811839874","-75.1720396861207"
"421010178006"," 39.9886419030774","-75.1206846048737"
"421010183004"," 39.9965118025938","-75.0770656415222"
"421010087021"," 39.9550172684535","-75.2068153911981"
"421010072004"," 39.9446110587666","-75.2289754333585"
"421010204003"," 40.0209022301214","-75.1511239481167"
"421010019003"," 39.9395683001305","-75.1688231747827"
"421010278003"," 40.0382617709268","-75.1474632319202"
"421010252004"," 40.0465270402559","-75.1763705076843"
"421010244003"," 40.0264240909787","-75.1646087628912"
"421010064001"," 39.9284715584935","-75.2386453064531"
"421010367001"," 39.9595293544736","-75.1434294055796"
"421010326004"," 40.0304594476359","-75.0396629776812"
"421010217001"," 40.0484056858091","-75.2236950174716"
"421010153001"," 39.9833557314533","-75.157744711075"
"421010267001"," 40.0568542503761","-75.1441269815752"
"421010017001"," 39.9373130359825","-75.1461248152239"
"421010382003"," 40.001090186556","-75.0939535710245"
"421010199003"," 40.0069302567059","-75.1458347453337"
"421010247004"," 40.0462034966003","-75.1615371910661"
"421010041013"," 39.9221245831215","-75.1612274191216"
"421010090003"," 39.960274301968","-75.1888335644873"
"421010050001"," 39.8898968259374","-75.1697663178675"
"421010366001"," 39.9449231907067","-75.1388164102202"
"421010125001"," 39.9604212169601","-75.1659010422365"
"421010284003"," 40.0248476297852","-75.1380337667311"
"421010293002"," 40.0112071411255","-75.091586763291"
"421010316006"," 40.0328600587292","-75.0543395464019"
"421010363012"," 40.0953430303495","-74.964805277213"
"421010060003"," 39.9139624201906","-75.2372079012132"
"421010065006"," 39.9405675224895","-75.2373373148868"
"421010211001"," 40.0226199923538","-75.2053077523517"
"421010382002"," 39.9901973663213","-75.1026815910499"
"421010337022"," 40.0704473791196","-75.0614642595865"
"421010070004"," 39.9350346443827","-75.2238068926012"
"421010319005"," 40.0244784027853","-75.0678766630191"
"421010243003"," 40.0217713042484","-75.1670844606804"
"421010004011"," 39.9541589998428","-75.1765837309133"
"421010070003"," 39.9332282557951","-75.2229896674667"
"421010015001"," 39.9413464494702","-75.1545963200467"
"421010263022"," 40.0656934125835","-75.155662879875"
"421010191004"," 40.0146374302921","-75.1045920634249"
"421010356014"," 40.0997506290172","-75.029172079376"
"421010180024"," 39.9808315037424","-75.1080284275613"
"421010158006"," 39.9742408420988","-75.126259864403"
"421010310001"," 40.0509961160339","-75.0690864309061"
"421010216002"," 40.0412266738546","-75.2401136197547"
"421010330006"," 40.0347948757271","-75.0380294781273"
"421010183001"," 39.9922665673944","-75.0723012273456"
"421010081023"," 39.9540050793591","-75.2363469216558"
"421010152001"," 39.9859166305301","-75.1656301574033"
"421010289012"," 40.0156146320863","-75.1141796794063"
"421010101002"," 39.9714598510129","-75.2392770883774"
"421010269002"," 40.0560731319512","-75.1336766034204"
"421010333003"," 40.0516456883008","-75.0480160255674"
"421010347023"," 40.0540226731009","-75.0317965800185"
"421010292003"," 40.0279270195083","-75.0900531069469"
"421010312003"," 40.033884231499","-75.0792596104782"
"421010041014"," 39.9244026227081","-75.1602699328564"
"421010101001"," 39.9743943374321","-75.2394983361745"
"421010025003"," 39.932721078213","-75.1519610004657"
"421010038003"," 39.9228129589427","-75.1781057182396"
"421010016001"," 39.9405242634766","-75.1501643149921"
"421010308004"," 40.0512347610288","-75.0837605740326"
"421010237003"," 40.0471913087253","-75.1903638539053"
"421010088023"," 39.9535147249911","-75.2025810154554"
"421010011013"," 39.9453129497176","-75.1609145475143"
"421010347011"," 40.059916782933","-75.0308404380207"
"421010098021"," 39.9742656151523","-75.2626324383731"
"421010245004"," 40.0336517757017","-75.1659681450562"
"421019805001"," 40.0175342835863","-75.1439081069153"
"421010255002"," 40.0642443745767","-75.1814987168889"
"421010325001"," 40.0315872431492","-75.0477401714623"
"421010029002"," 39.9303686527577","-75.1673149968575"
"421010062001"," 39.920353612699","-75.2298792958377"
"421010093004"," 39.9617140308322","-75.2258547894733"
"421010092001"," 39.959853300986","-75.208813867392"
"421010012024"," 39.9452211134541","-75.1665870578061"
"421010055001"," 39.910162512113","-75.2477718421424"
"421010190003"," 40.0115374939117","-75.0957918121706"
"421010038004"," 39.9214813996252","-75.1810878333021"
"421010095001"," 39.9681733303637","-75.2365147017436"
"421010263014"," 40.0704179575695","-75.1644011919469"
"421010218001"," 40.0611377666207","-75.2323591256696"
"421010120001"," 39.993082174983","-75.2285123919998"
"421010283005"," 40.0272104149113","-75.1438517660328"
"421010135001"," 39.9691487862026","-75.1733899664888"
"421010314012"," 40.0462683052006","-75.0645400039956"
"421010079001"," 39.9514214734864","-75.2155337715486"
"421010208001"," 40.0254615633912","-75.1879472224159"
"421010362011"," 40.0791698849696","-74.9843763740344"
"421010139002"," 39.9765882082818","-75.169493827978"
"421010379003"," 39.993702067917","-75.0888055314417"
"421010337013"," 40.0645011049108","-75.0469712855359"
"421010210002"," 40.0255182020855","-75.2168317287295"
"421010319004"," 40.0218529568131","-75.0653908487259"
"421010148001"," 39.9802069665017","-75.1691609602177"
"421010158002"," 39.9758129397894","-75.1278150870269"
"421010087012"," 39.9565771175003","-75.2099006845539"
"421010161003"," 39.9866867381428","-75.1271876496674"
"421010311012"," 40.0418518784612","-75.077815656912"
"421010112004"," 39.9717290823383","-75.2360933524689"
"421010252005"," 40.0481732128216","-75.173671796647"
"421010107004"," 39.9696092747179","-75.205818122732"
"421010363011"," 40.0887722893841","-74.965624547209"
"421010069003"," 39.9326800702214","-75.2184038772071"
"421019809001"," 39.9015387847018","-75.2140478484907"
"421010363034"," 40.1001402219403","-74.9647309543438"
"421010258001"," 40.0739896690531","-75.1822795434942"
"421010158005"," 39.9730057808707","-75.1319738821402"
"421010348033"," 40.0617402950741","-75.0079562025125"
"421010299004"," 40.016422338125","-75.073118210183"
"421010036004"," 39.9319766763821","-75.1948297433141"
"421010180022"," 39.982766298644","-75.1042422401728"
"421010096002"," 39.9636307156309","-75.2414237813544"
"421010088021"," 39.9498317834486","-75.2039211953756"
"421010173002"," 39.9985859788769","-75.1603718893891"
"421010079003"," 39.9493347638148","-75.2211649091684"
"421010160003"," 39.9796964951196","-75.1204440407741"
"421010064003"," 39.9240719550294","-75.2430099358188"
"421010298001"," 40.0192679818645","-75.0698186520559"
"421010337024"," 40.069026411685","-75.0562270206368"
"421010131002"," 39.9632740371734","-75.1501454760735"
"421010316007"," 40.0352706443316","-75.0618534968394"
"421010263012"," 40.075025949157","-75.1636646609553"
"421010340002"," 40.0691197281167","-75.0730672339099"
"421010315011"," 40.0374694089823","-75.0442954622089"
"421010235001"," 40.0394415976373","-75.2008442416429"
"421010293001"," 40.0162474561239","-75.0918918489706"
"421010055003"," 39.9032477186515","-75.2480095749923"
"421010086012"," 39.9537035732033","-75.2139534541918"
"421010100001"," 39.9676891940215","-75.2488265798072"
"421010375002"," 39.9824523340789","-75.2577467946403"
"421010376002"," 39.9601983726403","-75.15833464562"
"421010378001"," 39.9718044566561","-75.1177597098603"
"421010183003"," 39.9996733594026","-75.0787215882317"
"421010390001"," 40.0363851783751","-75.0956371639729"
"421010342002"," 40.0827577313424","-75.0714817347795"
"421010390004"," 40.0327076454378","-75.0865650576979"
"421010237002"," 40.0523479104014","-75.1900298490299"
"421019803001"," 40.0866531932609","-75.0062575966061"
"421010273003"," 40.0428995919451","-75.1176854638966"
"421010390005"," 40.0301787412331","-75.0897764132336"
"421010302005"," 40.0294498209975","-75.0838825257994"
"421010311023"," 40.0347154338843","-75.083492043789"
"421019891001"," 40.0343629967221","-75.0059769568192"
"421019801001"," 40.046929358135","-75.211920506919"
"421010373003"," 39.9020481335121","-75.1845675983968"
"421010195022"," 40.0031503964647","-75.1262641187545"
"421010029001"," 39.9281821185118","-75.1670138043345"
"421010175006"," 40.0012007707608","-75.1413831976718"
"421010062004"," 39.9195567789707","-75.234955097783"
"421010153003"," 39.9861231461927","-75.1612108902813"
"421010157003"," 39.9768467004902","-75.1353260162439"
"421010179005"," 39.9858115126271","-75.1176626151641"
"421010164003"," 39.991253655623","-75.1456873993645"
"421010168001"," 39.9909687773006","-75.1704985371834"
"421010199004"," 40.0031489412675","-75.1446665488173"
"421010080004"," 39.951850790321","-75.2285114117105"
"421010084004"," 39.9597108282547","-75.2340925517079"
"421010093005"," 39.9636373531428","-75.2264473932612"
"421010092002"," 39.96085159326","-75.2043753288511"
"421010094002"," 39.9626130008195","-75.2298436764939"
"421010101004"," 39.9697782954148","-75.2418844545473"
"421010106002"," 39.9639658903495","-75.2065055261871"
"421010115003"," 39.9764874780825","-75.2499911112351"
"421010117001"," 39.9919566032283","-75.2403370289665"
"421010207004"," 40.0107207824568","-75.1975796908159"
"421010170001"," 40.0045308541678","-75.1880468499626"
"421010141001"," 39.9704308560037","-75.1498417782196"
"421010140001"," 39.9725962022846","-75.1641126147701"
"421010140003"," 39.9743194391691","-75.1604999768158"
"421010144003"," 39.9733199430333","-75.1444600477241"
"421010142002"," 39.9649037434967","-75.1352270252512"
"421010020001"," 39.9380342456408","-75.1826504558817"
"421010021001"," 39.9374813306721","-75.1789313804964"
"421010024005"," 39.937993958711","-75.1639762732433"
"421019800001"," 39.984967828799","-75.2001370801124"
"421010369002"," 39.9464944898273","-75.1974080045018"
"421010282002"," 40.0342076244184","-75.1370565674327"
"421010281002"," 40.0294477276635","-75.1499269436983"
"421010280003"," 40.028433920322","-75.1537254015803"
"421010294002"," 40.0075598880973","-75.0880486780317"
"421010294003"," 40.010437281826","-75.0836359516206"
"421010309001"," 40.0461781852455","-75.0829646461141"
"421010335002"," 40.0526926788455","-75.0624324005949"
"421010325003"," 40.0274568132397","-75.0440465009578"
"421010323003"," 40.022268065229","-75.0499450228594"
"421010326007"," 40.0263597473934","-75.0365204062039"
"421010362033"," 40.0731245409916","-74.9769376748728"
"421010359002"," 40.1095252933523","-75.017633341013"
"421010027021"," 39.9301534402652","-75.1488214907893"
"421010036003"," 39.9243428621336","-75.1905401492796"
"421010060004"," 39.9148089250157","-75.2414240759083"
"421010369003"," 39.953867259686","-75.1878099803083"
"421010010011"," 39.9473743678233","-75.1513798477643"
"421010004022"," 39.9531414342779","-75.168045285189"
"421010200002"," 40.0042043228578","-75.1507456109578"
"421010203001"," 40.0090659761991","-75.1492799658726"
"421010192005"," 39.9998605053337","-75.120896522018"
"421010299002"," 40.0106432845671","-75.07472944363"
"421010190005"," 40.0058568883762","-75.0992073264223"
"421010198006"," 40.009727517948","-75.1374255347586"
"421010198001"," 40.011271823882","-75.145145541661"
"421010199002"," 40.0059640702543","-75.1422896105929"
"421010211002"," 40.0282887372601","-75.2070122358096"
"421010242003"," 40.0286997012333","-75.1665936566412"
"421010252006"," 40.0493257318663","-75.1799244278011"
"421010267005"," 40.0538394490983","-75.1522075025042"
"421010389001"," 40.0531693735092","-75.1661935997502"
"421010375001"," 39.9867079057565","-75.250246573137"
"421010345011"," 40.0720534061248","-75.0396627757694"
"421010345023"," 40.0815844467202","-75.0413166375086"
"421010348013"," 40.0521300504544","-75.0136470709506"
"421010161001"," 39.9825549516758","-75.1300001170194"
"421010353012"," 40.067283126306","-74.9925031718587"
"421010008033"," 39.9490045314717","-75.1722091907846"
"421010091002"," 39.9586353892513","-75.1966367721126"
"421010014001"," 39.9430380088905","-75.1732532244518"
"421010136012"," 39.9692676982697","-75.1801869856517"
"421010167023"," 39.9912870667167","-75.1565937516798"
"421010381001"," 40.0105332730159","-75.0558053601574"
"421010381002"," 40.0217539160851","-75.0302835240889"
"421010373002"," 39.9107456783941","-75.1854992426577"
"421010214001"," 40.0266374924016","-75.2257065506506"
"421010386001"," 40.0579250020268","-75.2102943048112"
"421010279022"," 40.0365826658073","-75.1547339600514"
"421010279014"," 40.044332291572","-75.1558154314485"
"421010317004"," 40.0333909841874","-75.0655925032301"
"421010003002"," 39.9577241998165","-75.1760403840352"
"421010009021"," 39.9469658473321","-75.1551063546206"
"421010009012"," 39.9480323611625","-75.163479488025"
"421010011014"," 39.945663828369","-75.1629053386757"
"421010011011"," 39.9456157857502","-75.1643902807218"
"421010012013"," 39.9460130635765","-75.1766016934941"
"421010024001"," 39.937098608533","-75.1549229777873"
"421010027011"," 39.930991057371","-75.1531513850636"
"421010027022"," 39.9258859196587","-75.1484336051751"
"421010028012"," 39.9265307489817","-75.1573752857151"
"421010028013"," 39.9314089483707","-75.1562882052923"
"421010030021"," 39.9331038122554","-75.1692309284711"
"421010032006"," 39.9331204758614","-75.1888986701108"
"421010032003"," 39.9311519761332","-75.1833292103132"
"421010033005"," 39.9341659244882","-75.1927653933525"
"421010033003"," 39.9365781803848","-75.1913749481546"
"421010037014"," 39.9279700481627","-75.1844491296213"
"421010039024"," 39.9176228007864","-75.176220314509"
"421010365022"," 40.1229439936635","-75.0031375247931"
"421010039011"," 39.92518378836","-75.1712228319309"
"421010039013"," 39.9218903812297","-75.1751861793099"
"421010040021"," 39.9199778225163","-75.1652496082902"
"421010253002"," 40.0509972653047","-75.1823597366412"
"421010254001"," 40.059992924832","-75.1716448832717"
"421010256003"," 40.0673272760626","-75.192176943393"
"421010257002"," 40.0708968872475","-75.1968010146734"
"421010260003"," 40.0755505388548","-75.1725242551422"
"421010260002"," 40.0736235200104","-75.1693326540491"
"421010262002"," 40.0695949847781","-75.16799354135"
"421010348012"," 40.0586608180604","-75.0204211643032"
"421010263024"," 40.071106172743","-75.1579996133025"
"421010264007"," 40.065189088926","-75.159536004001"
"421010264003"," 40.0596809114404","-75.16275568113"
"421010265005"," 40.0556990489521","-75.1553579645226"
"421010265006"," 40.0570175082975","-75.1580794077783"
"421010266003"," 40.0669348101151","-75.1484241417098"
"421010267007"," 40.0571770518134","-75.1474957402792"
"421010268003"," 40.0549035720687","-75.1418658982377"
"421010271003"," 40.0483880532422","-75.1264642052307"
"421010307002"," 40.0535675424235","-75.0886897223397"
"421010309003"," 40.0428758256658","-75.0865070170098"
"421010310006"," 40.0493739895144","-75.0786857107833"
"421010310002"," 40.0535459182557","-75.0734705391037"
"421010311014"," 40.0437830444949","-75.0800404511734"
"421010312001"," 40.0356109244074","-75.0794865190374"
"421010313005"," 40.0423980373002","-75.0716899242803"
"421010314015"," 40.0456916967034","-75.0698826641225"
"421010315014"," 40.0369298354423","-75.0507828972597"
"421010316002"," 40.0311457104844","-75.0565130873252"
"421010316004"," 40.0304201420478","-75.0614757990389"
"421010317002"," 40.0327721715344","-75.0697905190105"
"421010318002"," 40.0291381996758","-75.0762589133072"
"421010319003"," 40.0196322168522","-75.06412887992"
"421010320006"," 40.0246533111402","-75.05592765378"
"421010320001"," 40.0292798770142","-75.0505268734314"
"421010323002"," 40.0215622963986","-75.054645120196"
"421010326001"," 40.0345620553249","-75.0430994958067"
"421010329003"," 40.0337746714117","-75.0275499083849"
"421010329005"," 40.0391659799711","-75.0301396887432"
"421010330005"," 40.032270271031","-75.0339275760228"
"421010331021"," 40.045894001298","-75.023727758698"
"421010331014"," 40.0420209108644","-75.0369452264992"
"421010333001"," 40.0591527842952","-75.0414980749945"
"421010335001"," 40.0576945009555","-75.0651440517485"
"421010336002"," 40.0590464306184","-75.0571424337121"
"421010337021"," 40.0737227274371","-75.0516468836469"
"421010179002"," 39.987761074683","-75.1087662619213"
"421010180021"," 39.9857428532674","-75.1056793021423"
"421010037022"," 39.924513670203","-75.1834756268789"
"421010184001"," 40.0050812637979","-75.0713198349234"
"421010188002"," 39.997543790808","-75.1023506500702"
"421010188003"," 40.0001066607843","-75.103810909543"
"421010191002"," 40.0109949163394","-75.1038199593243"
"421010192006"," 40.0015552879325","-75.1220168473479"
"421010383003"," 40.0151391976581","-75.133444759361"
"421010197004"," 40.0154510979239","-75.1383085814216"
"421010198003"," 40.0087219060787","-75.1404949782886"
"421010199001"," 40.0060856802507","-75.1390056167356"
"421010201024"," 40.0130452894854","-75.1538709734511"
"421010202004"," 40.0103167143348","-75.163314766046"
"421010204002"," 40.0183170401949","-75.1510253332676"
"421010205002"," 40.0134637424732","-75.167126223137"
"421010209004"," 40.0195572346639","-75.212199194031"
"421010210001"," 40.0272938220582","-75.2129354878553"
"421010213005"," 40.0332207856737","-75.2224462906827"
"421010215004"," 40.0360970242535","-75.2306030195057"
"421010215001"," 40.038931406309","-75.2258347951103"
"421010216001"," 40.0397568942561","-75.2319464555756"
"421010217002"," 40.0468617199464","-75.2294240755135"
"421010388001"," 40.0596631944854","-75.1984860688107"
"421010237001"," 40.0440536131143","-75.1879059145825"
"421010238002"," 40.0396944277402","-75.1810477216556"
"421010239001"," 40.0349377497805","-75.1862639923462"
"421010272001"," 40.0483335659837","-75.1149603146878"
"421010272003"," 40.0485201609807","-75.1207347503551"
"421010274022"," 40.0340816015607","-75.1260856237165"
"421010274012"," 40.0385550811832","-75.1285750646948"
"421010274024"," 40.0404867387594","-75.1247067222693"
"421010136021"," 39.9712100822503","-75.1772805074933"
"421010137003"," 39.9790145251078","-75.1827916901857"
"421010140002"," 39.9748211370332","-75.1636090106955"
"421010144002"," 39.972091093425","-75.1379520395911"
"421010149001"," 39.98084074281","-75.174076362748"
"421010149005"," 39.9815431851013","-75.1830900393526"
"421010151021"," 39.9860451953437","-75.1768215434979"
"421010152003"," 39.985309903981","-75.1731046793302"
"421010160005"," 39.9792832389653","-75.1279991904992"
"421010160002"," 39.9776779707995","-75.12581823564"
"421010274025"," 40.0442834865462","-75.1241974292776"
"421010275004"," 40.0389424373409","-75.1335400955273"
"421010276003"," 40.0426380701676","-75.1414868427095"
"421010277001"," 40.0496494713463","-75.1449306026992"
"421010279013"," 40.0472243138127","-75.1565895925162"
"421010280002"," 40.0271625931044","-75.1572749711243"
"421010282001"," 40.0326631636043","-75.1437000744038"
"421010283006"," 40.0300754897467","-75.1431313141453"
"421010284002"," 40.027336940561","-75.1373952268164"
"421010289023"," 40.0235669879631","-75.1161275549066"
"421010289022"," 40.0229979602967","-75.1131240075998"
"421010290001"," 40.0333808566818","-75.1134236859981"
"421010338002"," 40.0584528292757","-75.0729905029052"
"421010338005"," 40.0644224439121","-75.0768095264095"
"421010339002"," 40.0662776229522","-75.0849474498984"
"421010341004"," 40.0750502262323","-75.0858419672606"
"421010344002"," 40.088985935448","-75.0521587416614"
"421010344001"," 40.0845888689824","-75.0491424637818"
"421010347012"," 40.0656933299178","-75.032833297188"
"421010067005"," 39.9253496087369","-75.2270237587601"
"421010067004"," 39.9237357449028","-75.2296267170484"
"421010240001"," 40.0283209949709","-75.1826407563556"
"421010242001"," 40.0306744342533","-75.1700157829981"
"421010243004"," 40.0196856302093","-75.1686515787865"
"421010263011"," 40.0721556790004","-75.1655677362356"
"421010247002"," 40.0421106072238","-75.1615131727887"
"421010247001"," 40.0428106271546","-75.16524396363"
"421010247005"," 40.040821053642","-75.1690489363867"
"421010160007"," 39.9804681393095","-75.1250016436714"
"421010161004"," 39.9851365115184","-75.1277194009082"
"421010161002"," 39.9860302885589","-75.1239145270143"
"421010163001"," 39.9893048802706","-75.1291338739045"
"421010167024"," 39.9873887081588","-75.1584824271036"
"421010167022"," 39.992779065204","-75.1588324924215"
"421010168004"," 39.9892886057999","-75.1671188918673"
"421010039014"," 39.9256002999887","-75.1743909480275"
"421010171001"," 40.0035334246248","-75.1742567527582"
"421010172011"," 39.9989080594534","-75.1684880677064"
"421010172023"," 39.9976314207451","-75.1773225415979"
"421010173001"," 39.9984753377385","-75.1651514495303"
"421010176014"," 39.9941867300677","-75.1328268736721"
"421010177024"," 39.994687981815","-75.1239875504271"
"421010177011"," 39.995286600304","-75.1183431659359"
"421010177012"," 39.9969020731716","-75.1143620878246"
"421010249003"," 40.048153856786","-75.1596025814125"
"421010252001"," 40.0443759791714","-75.1740591341635"
"421010253004"," 40.0571013734576","-75.1837291480738"
"421010363031"," 40.1075585151077","-74.970778034368"
"421010169013"," 39.9930120389586","-75.1778960289187"
"421010349002"," 40.0441674143996","-75.0111893376453"
"421010352001"," 40.0579632717039","-74.9881519437867"
"421010355003"," 40.0924413929564","-75.0301817249378"
"421010357022"," 40.117253991981","-75.0349271000952"
"421010358001"," 40.1202040444568","-75.0220156141119"
"421010353021"," 40.0774568041598","-74.9920130270681"
"421010365021"," 40.1245623816122","-74.9939496640298"
"421010012011"," 39.9475548489485","-75.183301221878"
"421010014002"," 39.9436645353331","-75.1763016772575"
"421010019001"," 39.940764446727","-75.1724950433291"
"421010022001"," 39.9370139898034","-75.168634549084"
"421010070001"," 39.9378058632277","-75.2198569879819"
"421010071022"," 39.9386505530456","-75.2293102520569"
"421010071013"," 39.9396498878155","-75.2228746603019"
"421010072003"," 39.9430043854182","-75.2313127108093"
"421010073003"," 39.9453399099741","-75.2221799449678"
"421010074001"," 39.9437302760932","-75.21016777003"
"421010077002"," 39.9444418226901","-75.2077936062542"
"421010079002"," 39.9496909728402","-75.2162637306674"
"421010079004"," 39.9516554630524","-75.2205530986007"
"421010081024"," 39.9512161785707","-75.2327429309692"
"421010082005"," 39.949826040394","-75.2481090251506"
"421010082002"," 39.949160333101","-75.241317683372"
"421010082004"," 39.9452544915128","-75.2446044887385"
"421010176011"," 39.9970902204101","-75.1366037668615"
"421010041024"," 39.9195635233965","-75.1621171528358"
"421010037023"," 39.9244255568274","-75.185656168138"
"421010042022"," 39.915538065323","-75.152689699046"
"421010042011"," 39.9228566348667","-75.1484148433299"
"421010040013"," 39.9229025950462","-75.1681591013932"
"421010054001"," 39.8879742091345","-75.2552414425771"
"421010060001"," 39.9095215552829","-75.2381786316514"
"421010121002"," 39.9947304356957","-75.2226511090201"
"421010125002"," 39.962446050625","-75.1713150296203"
"421010062003"," 39.9179568488436","-75.2332842505049"
"421010065004"," 39.9370282455627","-75.2325762404136"
"421010066001"," 39.930722476371","-75.2269733087368"
"421010066002"," 39.9308239785627","-75.2298969401569"
"421010087013"," 39.953334778629","-75.210569825954"
"421010088024"," 39.9514193999459","-75.2028245938846"
"421010088011"," 39.9527967994464","-75.1986884699204"
"421010093002"," 39.9620138236028","-75.2219754560693"
"421010096003"," 39.9632403483319","-75.244578476789"
"421010098022"," 39.9738930831867","-75.2692465131747"
"421010100003"," 39.9736646852187","-75.2484993110232"
"421010101006"," 39.9739447119138","-75.2456142667153"
"421010104004"," 39.9623447655052","-75.2180499694947"
"421010107003"," 39.9697572359471","-75.2099114625595"
"421010108001"," 39.9687609213647","-75.1996699214408"
"421010109002"," 39.9642865448069","-75.189670170417"
"421010111002"," 39.9716510540372","-75.2209221476256"
"421010112002"," 39.9723578843929","-75.2304504114521"
"421010134021"," 39.9661242044625","-75.1705375927115"
"421010240004"," 40.0253564670469","-75.1785129155979"
"421010112006"," 39.9749927813858","-75.234739528089"
"421010113003"," 39.9772314507954","-75.2362909462407"
"421010114001"," 39.9794400747419","-75.2477975148524"
"421010115002"," 39.9778125266761","-75.2535500017616"
"421010118006"," 39.9883075198371","-75.2384760511049"
"421010119005"," 39.9889917275102","-75.2295273684012"
"421010291001"," 40.0387144760896","-75.1071693675862"
"421010299001"," 40.0133149051056","-75.0766822423096"
"421010300004"," 40.0219292342473","-75.0765167008185"
"421010301004"," 40.020590388773","-75.0924613727622"
"421010302003"," 40.0248046618289","-75.0835052679299"
"421010390006"," 40.0383670526561","-75.0904430198666"
"421010305023"," 40.0488130234616","-75.1050223978958"
"421010305024"," 40.0426744868003","-75.1046309070772"
"421010306002"," 40.0474125159454","-75.0933517128327"
"421010306004"," 40.0495990747046","-75.0975663986955"
"421010083013"," 39.9548272189728","-75.2471860502396"
"421010085001"," 39.958612784499","-75.2231348841981"
"421010085006"," 39.9574093818557","-75.2284568753912"
"421010347022"," 40.0539574610861","-75.02578999963"
"421010362013"," 40.0810244631783","-74.9901312217107"
"421010362031"," 40.082466338469","-74.9720779602201"
"421010038001"," 39.920416169966","-75.1787196153447"
"421010353022"," 40.0718335799881","-74.9979511913974"
"421010083023"," 39.9566370775169","-75.2418694547748"
"421010083021"," 39.9530830124921","-75.2416017725375"
"421010136023"," 39.971508221563","-75.179670144682"
"421010122042"," 40.0005468137575","-75.2155168542783"
"421010330004"," 40.030883318404","-75.0313558313501"
"421010384001"," 40.0728086514999","-75.232039337397"
"421010146002"," 39.975190112165","-75.1531838545263"
"421010266007"," 40.0655275909846","-75.1520009870211"
"421010278001"," 40.0429934378272","-75.1486457150883"
"421010319001"," 40.0252767008454","-75.0625398617993"
"421010280004"," 40.0239514983372","-75.1515211810935"
"421010387001"," 40.0766491037498","-75.2023565726353"
"421010072002"," 39.9463706406273","-75.2312483529075"
"421010003001"," 39.9567073650089","-75.1675520170352"
"421010032004"," 39.9348359518623","-75.1863107514584"
"421010088022"," 39.9559986102702","-75.2022033276108"
"421010214002"," 40.0281470627375","-75.2188995828003"
"421010387002"," 40.0842805482906","-75.2161231717905"
"421019808001"," 39.9715696507793","-75.2626687271116"
"421010176022"," 39.9940450004982","-75.1278932835991"
"421010273004"," 40.0384931149106","-75.1220803327826"
"421010025001"," 39.9346335317675","-75.1489055673993"
"421010070005"," 39.9353440774231","-75.2193540555994"
"421010286004"," 40.0313908968598","-75.1301281027543"
"421010378003"," 39.9791606704181","-75.1169063030043"
"421010271001"," 40.0524472400866","-75.1245531141816"
"421010292002"," 40.0227978636737","-75.100678392547"
"421010353013"," 40.0629101662937","-74.9896409602926"
"421010082001"," 39.9511211482294","-75.2410390039145"
"421010040023"," 39.9178574066246","-75.169253780671"
"421010379006"," 39.9892998447112","-75.0945328337479"
"421010107001"," 39.9715687467168","-75.2095876443433"
"421010267006"," 40.0561423779097","-75.1508302292347"
"421010338004"," 40.0616111665347","-75.0776978561027"
"421010177023"," 39.9973830518998","-75.1203018322462"
"421010307003"," 40.0588163889164","-75.0897087518961"
"421010337011"," 40.0725780798877","-75.0476291104128"
"421010351001"," 40.0490288656463","-74.9883054717552"
"421010105002"," 39.9702785034146","-75.2143812067721"
"421010084005"," 39.9554163345954","-75.2370592605967"
"421010345012"," 40.0767126008883","-75.038830914443"
"421010027023"," 39.9281332008849","-75.1504217710547"
"421010383001"," 40.0101947818462","-75.1238346794245"
"421010114002"," 39.9800752306712","-75.2409461505295"
"421010086011"," 39.9538121246627","-75.2190742552705"
"421010267004"," 40.0544152811853","-75.1476210973767"
"421010265002"," 40.0595881287491","-75.1549939203415"
"421010177021"," 39.9917350491647","-75.125240173391"
"421010334002"," 40.0540335492763","-75.0519467718524"
"421010204004"," 40.0190512260561","-75.1539183426904"
"421010214005"," 40.0303317148968","-75.2220912356307"
"421010355002"," 40.0853537010429","-75.0307942702912"
"421010315023"," 40.0361128939128","-75.0552739769221"
"421010254003"," 40.0594234756467","-75.180805801965"
"421010291002"," 40.0349828961757","-75.1098356466953"
"421010023001"," 39.9356468391814","-75.1637504725935"
"421010029003"," 39.9321675677559","-75.1643415899329"
"421010073004"," 39.9463038882487","-75.2258581564734"
"421010096001"," 39.9673705798234","-75.2426753157009"
"421010171004"," 40.0008640053936","-75.1803608624731"
"421010137002"," 39.9767441765332","-75.1808340872951"
"421010162002"," 39.9843511682425","-75.1407386127981"
"421010311013"," 40.0402054540067","-75.0793841934171"
"421010315021"," 40.0392369318225","-75.0563431414351"
"421010320004"," 40.0233852398148","-75.057661569632"
"421010329001"," 40.0406689623918","-75.0238980007787"
"421010331013"," 40.0411381615856","-75.0339274265866"
"421010191005"," 40.0051457120529","-75.1084831151642"
"421010337023"," 40.0678898171041","-75.0544616830167"
"421010385002"," 40.0775569308433","-75.2164768646845"
"421010348032"," 40.0650286191964","-75.0047228895532"
"421010356011"," 40.0931670234314","-75.0389848495164"
"421010362022"," 40.0840120409176","-74.9781002904234"
"421010362032"," 40.0787978174827","-74.9688015281576"
"421010313002"," 40.0376355530805","-75.0656833676583"
"421010236003"," 40.0414086925266","-75.1961833974627"
"421019804001"," 39.8803732326464","-75.2318702178135"
"421010254004"," 40.0620783414138","-75.1758975441145"
"421010321003"," 40.0185652192661","-75.0604248752397"
"421010344004"," 40.0997071678018","-75.0598617096758"
"421010086021"," 39.9573756713398","-75.2149966358147"
"421010011012"," 39.9438315040452","-75.1627702383238"
"421010018001"," 39.9392192149482","-75.1545297681522"
"421010028021"," 39.9267454454631","-75.1605433908009"
"421010032002"," 39.9329859591136","-75.1829347923809"
"421010039021"," 39.9196062274506","-75.1724411438966"
"421010041011"," 39.9234975154491","-75.1564484333484"
"421010096005"," 39.9663748875061","-75.2444699974159"
"421010102001"," 39.9695892341944","-75.2339596006151"
"421010111004"," 39.9754492445355","-75.2281234456609"
"421010115004"," 39.9754094658397","-75.2537914286669"
"421010134011"," 39.9665114173314","-75.1773013778689"
"421010012021"," 39.9467740681048","-75.1689748277606"
"421010261003"," 40.0726800469853","-75.1772418614803"
"421010056001"," 39.8988236920454","-75.2447108322791"
"421010143001"," 39.9675490127192","-75.1258864723919"
"421010208002"," 40.0183132291091","-75.1978616070451"
"421010291004"," 40.0296102040744","-75.1095547546192"
"421010315015"," 40.0393435726719","-75.0485106611927"
"421010100004"," 39.9721104347117","-75.2521509670791"
"421010364001"," 40.1129353412272","-74.986796846937"
"421010345021"," 40.0840753550723","-75.0440125698274"
"421010256001"," 40.0687152711045","-75.1866053394328"
"421010095004"," 39.9674245069871","-75.2386094789469"
"421010334004"," 40.049334642281","-75.0556783371223"
"421010152004"," 39.9831694677671","-75.1685120919826"
"421019802001"," 40.0696966808548","-75.0489933899643"
"421010171003"," 40.0057552045715","-75.1710754267953"
"421010305025"," 40.0443305444832","-75.1081575193384"
"421010040024"," 39.9204191755944","-75.1687061105017"
"421010113001"," 39.9796789552171","-75.2369382268946"
"421010357021"," 40.1121617036637","-75.0379318869089"
"421010170003"," 40.0075212008613","-75.1827027846315"
"421010237004"," 40.0475509314474","-75.1853630339306"
"421010037011"," 39.9280673801245","-75.1770819104529"
"421010197001"," 40.0170846622064","-75.1358958495398"
"421010197002"," 40.0129963810127","-75.1378306210648"
"421010105003"," 39.9631097986226","-75.2137056307535"
"421010118004"," 39.9852021400647","-75.2366031107403"
"421010011021"," 39.9438883412397","-75.1559173255643"
"421010277002"," 40.0497137729267","-75.1488929675235"
"421010298005"," 40.0154156290064","-75.0701744275624"
"421010348031"," 40.0599730616991","-75.0005282970985"
"421010249004"," 40.0507029660554","-75.1617827747451"
"421010257003"," 40.0718411665417","-75.200045517466"
"421010266004"," 40.0653702254163","-75.1490356690962"
"421010311022"," 40.035491457767","-75.086187841242"
"421010318003"," 40.0304066092691","-75.0787407941056"
"421010326002"," 40.0333135419322","-75.0420746972549"
"421010195013"," 40.0002663973989","-75.1303851168501"
"421010212001"," 40.0359133749333","-75.2135689409605"
"421010385001"," 40.0716445516808","-75.2070459040395"
"421010144001"," 39.9711192435296","-75.1428824993069"
"421010152005"," 39.9830590505182","-75.1735959799258"
"421010169024"," 39.9962070039163","-75.1851488865627"
"421010081011"," 39.9485073859581","-75.2335372969976"
"421010167013"," 39.9886483601521","-75.1622734616565"
"421010138001"," 39.9781358761938","-75.1764854023616"
"421010151012"," 39.9884672705825","-75.1854227751422"
"421010157001"," 39.9808217484846","-75.1362110287615"
"421010357011"," 40.1070904307604","-75.0296792038376"
"421010061002"," 39.9180615409345","-75.2278760183575"
"421010065002"," 39.9319697296057","-75.2368035324615"
"421010070002"," 39.936837081024","-75.222244634315"
"421010074005"," 39.9378939992186","-75.215353371926"
"421010081013"," 39.9494409075373","-75.2372983976848"
"421010083011"," 39.9602912048559","-75.246604512207"
"421010242002"," 40.0280950173542","-75.1724380212629"
"421010249002"," 40.0507447895891","-75.1588117757808"
"421010255003"," 40.0592370889362","-75.1873541006881"
"421010170002"," 40.0105259211669","-75.1761071383431"
"421010353011"," 40.0690162737481","-74.9849218500197"
"421010383002"," 40.0159854375487","-75.1307518713475"
"421010203002"," 40.0150674724867","-75.1498150414597"
"421010207003"," 40.0120692811567","-75.1873463910976"
"421010217004"," 40.0392517835134","-75.2179384547444"
"421010239002"," 40.0331990267201","-75.1882995181648"
"421010300006"," 40.0159339207981","-75.083232580607"
"421010390007"," 40.0315586879051","-75.0908505995743"
"421010273001"," 40.0381888006526","-75.1170787573919"
"421010276002"," 40.0402709629296","-75.1419038456328"
"421010283003"," 40.023670171244","-75.146965048455"
"421010287002"," 40.0217838576156","-75.129479865961"
"421010246002"," 40.0424905510849","-75.1717031643417"
"421010264001"," 40.0617511440927","-75.1580259961906"
"421010266008"," 40.0685136808295","-75.1504153295507"
"421010268001"," 40.0606287378258","-75.1390922868276"
"421010071023"," 39.9406642235839","-75.2265923250888"
"421010013001"," 39.9443130905344","-75.1787751603608"
"421010031004"," 39.9303089022788","-75.1794762492843"
"421010037015"," 39.928991019081","-75.1811553334845"
"421019807001"," 39.9089585229489","-75.144521987561"
"421010152002"," 39.9874702374961","-75.1706191751746"
"421010122011"," 40.0040082235045","-75.2113239014143"
"421010361001"," 40.0987204617473","-74.9893787694863"
"421010122012"," 40.0042930156977","-75.20597912942"
"421010085007"," 39.9592211796086","-75.2280694697106"
"421010141002"," 39.9715441195774","-75.1564069159796"
"421010321001"," 40.0153310946016","-75.0586632643027"
"421010205001"," 40.0171906911082","-75.1628656333477"
"421010388002"," 40.0571735950193","-75.1943802258356"
"421010310003"," 40.0478898001446","-75.0720683880436"
