origin,MAE,MAPE
"421010001001",0.0222790537040664,0.44951267179381
"421010001002",0.0127969479965704,0.255938959931408
"421010002001",0.00578111841931512,0.190776907837399
"421010003001",0.0259816766308987,0.399981074449361
"421010003002",0.0294163523955859,0.705992457494061
"421010004011",0.0286357762951517,0.629987078493337
"421010004022",0.00559315736037632,0.285251025379192
"421010005001",0.00493655945471118,0.315939805101516
"421010006001",0.0337201984380331,1.18020694533116
"421010007002",0.0243013461479936,0.996355192067739
"421010007003",0.00926477075379353,0.194560185829664
"421010008011",0.207720259428456,3.42738428056952
"421010008041",0.0395060347396449,1.18518104218935
"421010008043",0.0175302816225344,0.525908448676032
"421010009021",0.0608288770053476,2.02222222222222
"421010009022",0.0269079330069093,0.591974526152005
"421010010011",0.121863799283154,2.72
"421010010012",0.0525316455696203,1.10666666666667
"421010010021",0.00645911849191997,0.200232673249519
"421010010022",0.0456811197195211,0.660619269789998
"421010010023",0.0213585216325674,0.854340865302696
"421010011011",0.0716392912653478,0.573114330122782
"421010011012",0.0297766749379653,0.631578947368421
"421010011013",0.0128362327680318,0.462104379649145
"421010011021",0.0222522359037481,0.422792482171214
"421010011022",0.0588620013080445,1.83673469387755
"421010012011",0.0501153286264306,0.76188844195587
"421010012012",0.0971893879695298,0.874704491725768
"421010012013",0.0394709294068195,1.08080691993379
"421010012014",0.218399619488177,4.03199297516634
"421010012021",0.0207827829800245,0.478004008540562
"421010012022",0.204545454545455,4.5
"421010012024",0.0846801224009121,0.757664253060792
"421010012025",0.0475371949003514,0.660516813352251
"421010013001",0.016663773235992,0.299947918247857
"421010013002",0.162393162393162,4.31818181818182
"421010013003",0.0166163952912096,0.348944301115402
"421010013004",0.0811965811965812,0.527777777777778
"421010013005",0.0247701829071485,1.18896877954313
"421010014001",0.0131301314319326,0.393903942957979
"421010014002",0.0344450444505036,0.482230622307051
"421010014003",0.0146869064949901,0.308425036394792
"421010015001",0.0223122935248626,0.423933576972389
"421010015002",0.0237101862096498,0.995827820805294
"421010016001",0.00994986291171604,0.388044653556925
"421010016002",0.0280749760214744,0.617649472472436
"421010017001",0.00868401011984612,0.182364212516769
"421010017002",0.0215079585102686,0.516191004246445
"421010018001",0.0957640289953914,1.69044329444039
"421010018002",0.0211113235012204,1.09778882206346
"421010019001",0.0839402038933041,1.76274428175939
"421010019002",0.0162776941878503,0.423220048884108
"421010019003",0.0111016658981413,0.277541647453532
"421010020001",0.045795300605558,1.37385901816674
"421010020002",0.0372095445577866,0.973919383642937
"421010021001",0.0266542646833858,0.506431028984329
"421010021002",0.0341008233643468,1.19352881775214
"421010022001",0.0475409836065574,0.90625
"421010022002",0.01258073770727,0.27677622955994
"421010022003",0.0382710057312681,1.22467218340058
"421010023001",0.011037579904158,0.264901917699793
"421010023002",0.0105261743789548,0.452625498295055
"421010024001",0.0311964918093952,0.788121898342614
"421010024002",0.0462226659567848,1.20178931487641
"421010024003",0.0456583774969425,1.00900900900901
"421010024004",0.00482895817040422,0.140039786941723
"421010024005",0.0191566454033394,0.555542716696842
"421010025001",0.0715665212111126,1.27842524637361
"421010025002",0.0194403649637268,0.486009124093169
"421010025003",0.0574050906902839,0.861076360354259
"421010025004",0.01142243837777,0.468319973488572
"421010027011",0.00612373631598703,0.189835825795598
"421010027012",0.02041566528739,0.530259225920801
"421010027013",0.0406285480798466,1.38137063471478
"421010027021",0.021499205448475,0.902966628835948
"421010027022",0.0113551697902101,0.272524074965042
"421010027023",0.0539772727272727,1.46153846153846
"421010027024",0.0181499278384559,0.598947618669045
"421010028011",0.0208382654749593,0.488879756311404
"421010028012",0.0361047440843979,0.974828090278744
"421010028013",0.032798598770688,1.21354815451546
"421010028021",0.00797089011366764,0.239126703410029
"421010028022",0.0363790128523912,1.20050742412891
"421010028023",0.0510129708393079,1.71833164932406
"421010028024",0.0204815860226017,0.450594892497237
"421010028025",0.0149820489024885,0.419497369269677
"421010029001",0.0118091483669079,0.531411676510854
"421010029002",0.0161853301071351,0.437003912892647
"421010029003",0.0105036662406838,0.3886356509053
"421010030011",0.104477611940299,5.09090909090909
"421010030013",0.0225157928740692,0.990694886459043
"421010030014",0.0712574850299401,2.47916666666667
"421010030015",0.0531544957774466,1.40789473684211
"421010030021",0.0229236287735666,0.618937976886297
"421010030022",0.0114474348696341,0.263291002001584
"421010030023",0.0398748192149034,0.785681623049207
"421010030024",0.0158042340567168,0.474127021701503
"421010031001",0.026702262476771,1.0146859741173
"421010031002",0.0221494383349676,0.398689890029417
"421010031003",0.00562285684066843,0.191177132582727
"421010031004",0.016994241524508,0.356879072014668
"421010031005",0.0329047340143642,1.25037989254584
"421010031006",0.0344114900283369,1.16999066096345
"421010032002",0.0298102765848187,0.298102765848187
"421010032003",0.0180885056273493,0.488389651938431
"421010032004",0.0329230294514467,1.02061391299485
"421010032005",0.032607137062341,1.04342838599491
"421010032006",0.0129867264209567,0.493495603996354
"421010033001",0.0178923428367673,0.984078856022204
"421010033002",0.00942614602189695,0.395898132919672
"421010033003",0.0302726551556951,0.998997620137939
"421010033004",0.0288149000229691,1.15259600091877
"421010033005",0.0343192148004293,1.16685330321459
"421010033006",0.0385514363840339,1.11799165513698
"421010036001",0.0164812138612122,0.84054190692182
"421010036002",0.0163079342492826,0.407698356232065
"421010036003",0.0208562553610658,1.08452527877542
"421010036004",0.0105782926688241,0.370240243408843
"421010037011",0.0427423981640849,1.49
"421010037012",0.0608996323420821,1.52823605688621
"421010037013",0.0171547500395459,0.806273251858658
"421010037014",0.0286808922836173,1.11855479906108
"421010037015",0.00943737798516302,0.254809205599401
"421010037021",0.0228373828488918,1.00484484535124
"421010037022",0.029563331310369,1.09384325848365
"421010037023",0.0235209533907017,0.399856207641928
"421010038001",0.0390971848358392,1.25110991474685
"421010038003",0.0115315417084777,0.426667043213676
"421010038004",0.0362693387997879,0.616578759596395
"421010039011",0.039742114011322,2.37876711401101
"421010039012",0.0285900693404281,1.00065242691498
"421010039013",0.026904207547016,0.914743056598543
"421010039014",0.0149400257712144,0.567720979306149
"421010039021",0.0261004187848119,1.07011717017729
"421010039022",0.0318920750386271,1.02054640123607
"421010039023",0.0302117281812073,1.02719875816105
"421010039024",0.0207901511428777,0.706865138857843
"421010040011",0.0487173804120925,1.36408665153859
"421010040012",0.00802212919168676,0.208575358983856
"421010040013",0.0144303870702343,0.216455806053515
"421010040014",0.0120873490243948,0.459319262927004
"421010040021",0.0253631299767214,0.634078249418035
"421010040022",0.0247168823696888,1.06282594189662
"421010040023",0.0472196244869368,1.98322422845134
"421010040024",0.028288250193844,0.933512256396852
"421010041011",0.0146286753366344,0.398108950232692
"421010041012",0.0191280663104038,0.631226188243325
"421010041013",0.0431998555816401,1.33919552303084
"421010041014",0.0269988166130442,0.728968048552194
"421010041021",0.00972588815696791,0.603005065732011
"421010041022",0.00463407192812776,0.254873956047027
"421010041023",0.0119113501771349,0.345429155136912
"421010041024",0.0144297542282945,0.519471152218603
"421010042011",0.0402071549250406,1.00517887312602
"421010042012",0.0295246988875788,1.121938557728
"421010042013",0.0125556192496885,0.477113531488164
"421010042014",0.00873165480044236,0.314339572815925
"421010042021",0.00833930699623556,0.316893665856951
"421010042022",0.0167749493354498,0.469698581392594
"421010042023",0.00494676027764144,0.262178294714996
"421010042024",0.0378711641772067,1.28761958202503
"421010054001",0.00606616028904173,0.151654007226043
"421010055001",0.00866266039131813,0.294530453304816
"421010055002",0.0303615815989109,1.09301693756079
"421010055003",0.0182696584316143,0.913482921580716
"421010056001",0.0366310998929417,0.915777497323544
"421010060001",0.0177745271765496,0.959824467533677
"421010060002",0.029168737188642,1.22508696192296
"421010060003",0.0388192147033813,1.31985329991496
"421010060004",0.0397749090104907,1.35234690635668
"421010060005",0.0486600583172505,1.11000294706327
"421010061001",0.0241570226287262,1.25616517669376
"421010061002",0.0216428801857463,0.670929285758136
"421010062001",0.0398631151654032,1.2357565701275
"421010062002",0.0367113680277704,0.477247784361015
"421010062003",0.0468315235164101,1.12395656439384
"421010062004",0.014559212732151,0.626046147482495
"421010063001",0.0192723020317078,0.462535248760988
"421010063002",0.00879447774767915,0.334190154411808
"421010063003",0.0244662525977729,0.631060584246005
"421010063004",0.00445225650464084,0.204803799213479
"421010064001",0.0110109443275332,0.407404940118728
"421010064002",0.0474259607125096,1.32792689995027
"421010064003",0.0205150002883925,1.00523501413123
"421010065001",0.0275822463733894,0.579227173841177
"421010065002",0.0466594373389101,1.26913669561836
"421010065003",0.0157847547359834,0.363049358927618
"421010065004",0.0491494646996192,1.32703554688972
"421010065005",0.0620595072306058,2.86663915591237
"421010065006",0.029635916754733,1.30398033720825
"421010066001",0.0336026497909266,1.24329804226428
"421010066003",0.0192999021193792,0.646371267343572
"421010066004",0.0250463821892393,0.54
"421010067001",0.0123804704482195,0.22284846806795
"421010067002",0.0575796864953991,0.786442551382993
"421010067003",0.0419970409574439,1.17591714680843
"421010067005",0.0272284362448419,1.25250806726273
"421010067006",0.0430087771861163,1.20424576121126
"421010067007",0.0408416770424623,1.31045807403759
"421010069001",0.0390246300639787,1.40488668230323
"421010069002",0.0329886710236159,0.72575076251955
"421010069003",0.0112345851592198,0.348272139935813
"421010070001",0.0339618757802429,1.29055127964923
"421010070002",0.0338397790055249,1.18072289156626
"421010070003",0.0285878910450505,0.60034571194606
"421010070004",0.029231665996345,1.37094247502238
"421010070005",0.0119324555327254,0.250581566187233
"421010071011",0.0148095959190299,0.281382322461569
"421010071012",0.0268950978449689,0.484111761209441
"421010071013",0.0103490100926428,0.25872525231607
"421010071021",0.0472499917852226,1.41749975355668
"421010071022",0.0424736649965729,2.29577482352166
"421010071023",0.0394042766341966,1.61944743854993
"421010071024",0.0534825870646766,1.79166666666667
"421010071025",0.0311921733371239,1.24768693348496
"421010072001",0.118614718614719,4.89285714285714
"421010072002",0.0296926301401956,1.02756517788542
"421010072003",0.0293227127659673,0.674422393617247
"421010072004",0.0259543704655842,0.519087409311683
"421010072005",0.0515384615384615,2.03030303030303
"421010072006",0.0791595260079956,2.81159376712736
"421010073001",0.0316764551855662,0.791911379639155
"421010073002",0.0767857142857143,1.16216216216216
"421010073003",0.0297463291822846,0.446194937734268
"421010073004",0.0126508733988666,0.354224455168265
"421010074001",0.0715372907153729,1.80769230769231
"421010074002",0.0402532680433174,0.724558824779714
"421010074003",0.0281853281853282,1.29203539823009
"421010074004",0.0194419125120976,1.04986327565327
"421010074005",0.0322664306097061,1.80213990220136
"421010077001",0.0920175685303422,1.28824595942479
"421010077002",0.0735716982057787,1.32429056770402
"421010078001",0.0193124405718487,0.28968660857773
"421010078002",0.0850722311396469,1.47222222222222
"421010078003",0.053263351135511,1.09023421855499
"421010078005",0.0112435406204419,0.247357893649721
"421010079001",0.0359356818533432,0.790585000773551
"421010079002",0.0315639913012104,0.410331886915735
"421010079003",0.0506848820371443,1.09817244413813
"421010079004",0.0824923832657933,1.74883852523482
"421010080001",0.0135761903233831,0.257947616144279
"421010080002",0.0231786116684415,0.478718652874939
"421010080003",0.0525078369905956,1.36734693877551
"421010080004",0.0432117061557439,1.25313947851657
"421010081011",0.00839720714414002,0.621393328666361
"421010081012",0.0479219355803324,3.13089979124838
"421010081013",0.0671428571428571,2.04347826086957
"421010081021",0.0389141903853045,1.32308247310035
"421010081022",0.0150644936958304,0.37661234239576
"421010081023",0.0250029439504336,0.600070654810407
"421010081024",0.0211701886805221,0.613935471735142
"421010081025",0.101862627084752,1.72977831549476
"421010082001",0.0331264427414342,0.828161068535854
"421010082002",0.0146880678089698,0.455330102078063
"421010082003",0.0401965936950445,1.4470773730216
"421010082004",0.0728448275862069,2.68253968253968
"421010082005",0.0316142924318574,0.758743018364578
"421010082006",0.0284973331598304,1.25388265903254
"421010082007",0.0483717686292267,1.4511530588768
"421010083011",0.0411085983077575,1.43880094077151
"421010083012",0.0983676214859184,4.69894561098118
"421010083013",0.0349315795193879,1.32740002173674
"421010083021",0.0523349436392915,1.68831168831169
"421010083022",0.0256037692340376,1.17777338476573
"421010083023",0.0681869097854732,2.7909060749403
"421010083024",0.0198011419445787,0.455426264725311
"421010084001",0.0179743237372394,0.665049978277858
"421010084002",0.0389714923019084,1.28605924596298
"421010084003",0.0380968931264744,1.29529436630013
"421010084004",0.0305977732230402,1.19331315569857
"421010084005",0.0139015777314395,0.403145754211746
"421010084006",0.0320513921317929,1.15385011674455
"421010085001",0.0910445930406841,1.388985193828
"421010085002",0.0446663163426169,0.965909090909091
"421010085003",0.0154680675540444,0.371233621297065
"421010085004",0.0370217812845763,1.18469700110644
"421010085005",0.0310716947101441,1.08750931485504
"421010085006",0.00427761580975308,0.158271784960864
"421010085007",0.0200894733115796,0.703131565905286
"421010086011",0.0206131078224101,0.829787234042553
"421010086012",0.0508233669659611,1.70425661682265
"421010086021",0.00909121526986556,0.463651978763143
"421010086022",0.00997240740565231,0.359006666603483
"421010086023",0.05,1.22222222222222
"421010087011",0.0452936517685261,0.634111124759365
"421010087012",0.0373374015111601,1.18844154597224
"421010087013",0.0214436548085363,0.385985786553654
"421010087021",0.0409801933711219,1.18537749420601
"421010087022",0.153484280162639,1.98707326996274
"421010088012",0.0694444444444444,0.454545454545455
"421010088022",0.0596491228070175,1.15909090909091
"421010088023",0.0243873977332719,0.365810965999079
"421010088024",0.0820204735658836,0.965317881198476
"421010090001",0.0484246699971064,0.607578281369945
"421010090002",0.0350366971495528,1.15621100593524
"421010090003",0.0250552838420214,0.626382096050535
"421010090004",0.0613710582357221,1.57133067973349
"421010091001",0.0680037194320276,0.794431047938493
"421010091002",0.0118518797149237,0.348783888753468
"421010091003",0.00391730856540562,0.254625056751365
"421010092001",0.0159213214467376,0.493560964848865
"421010092002",0.0128758931671787,0.540787513021504
"421010093001",0.0968309859154929,3.4375
"421010093002",0.0224835112125526,0.764439381226788
"421010093003",0.0182036638272592,0.382276940372443
"421010093004",0.0373931623931624,0.945945945945946
"421010093005",0.0226567034897784,0.989460722717665
"421010094001",0.121794871794872,2.71428571428571
"421010094002",0.0261001760100944,1.27890862449462
"421010094003",0.0254408117815151,0.610579482756363
"421010094004",0.0421865716683142,1.80428721904482
"421010095001",0.15625,3.57142857142857
"421010095002",0.0108191690544729,0.25966005730735
"421010095003",0.0163177217218792,0.473213929934496
"421010095004",0.0386538620471074,1.35288517164876
"421010096001",0.0356001083171494,1.21040368278308
"421010096002",0.00558125961396281,0.167437788418884
"421010096003",0.0135373888424808,0.392584276431943
"421010096004",0.0152731855987594,0.534561495956578
"421010096005",0.0472205618649133,1.95061728395062
"421010098011",0.00699444853439235,0.167866764825416
"421010098012",0.0135411997529977,0.392694792836932
"421010098021",0.0327499973291551,1.40824988515367
"421010098022",0.0305734762500214,1.436953383751
"421010098023",0.00830743984548939,0.365527353201533
"421010100001",0.0310205549116771,1.39592497102547
"421010100002",0.0233932743801453,0.350899115702179
"421010100003",0.0394101322691041,0.9458431744585
"421010100004",0.0238047260104537,0.880774862386788
"421010101001",0.0107605604036164,0.215211208072327
"421010101002",0.0426767676767677,1.77894736842105
"421010101003",0.0947521865889213,1.96969696969697
"421010101004",0.0315163231460325,1.19762027954923
"421010101005",0.00984668852060354,0.157547016329657
"421010101006",0.0151412284018204,0.575366679269175
"421010101007",0.0278230958949787,0.63001166704804
"421010102001",0.0600561756076345,2.13430408697901
"421010102002",0.0464090888366009,1.16022722091502
"421010102003",0.00882438321075411,0.423570394116197
"421010103001",0.0091223671800635,0.346649952842413
"421010103002",0.00918091964693965,0.468226901993922
"421010104001",0.0593808789271296,2.58352500932188
"421010104002",0.0354693444108153,0.744856232627121
"421010104003",0.0271639015963701,1.84569656713469
"421010104004",0.0238665785711965,0.692130778564699
"421010105001",0.0356566237192315,0.463536108350009
"421010105002",0.0103123641428859,0.464056386429865
"421010105003",0.0295085139953421,1.15083204581834
"421010106001",0.0167842187016345,0.302115936629421
"421010106002",0.0538602091694651,1.01923415906233
"421010107002",0.0269550071209216,1.10515529195778
"421010107003",0.0306403497060305,0.58216664441458
"421010107004",0.0173473499539445,0.555115198526224
"421010108001",0.0195037315337708,0.565608214479352
"421010108002",0.025302642991964,0.581960788815172
"421010108003",0.0136052988488306,0.326900773255655
"421010108004",0.0343695404338901,0.584282187376131
"421010108005",0.0119879715469925,0.371627117956768
"421010109001",0.0265938344817075,1.14353488271342
"421010109002",0.0209643495877505,0.482180040518261
"421010109003",0.0252452491556219,0.530150232268061
"421010110001",0.0146725315702176,0.220087973553265
"421010110002",0.00767856693647202,0.299464110522409
"421010110003",0.0294769696777513,0.88430909033254
"421010110004",0.0493026098782237,1.2844870579836
"421010111001",0.0370260639056635,1.7500011160735
"421010111002",0.0155486075155191,0.404263795403495
"421010111003",0.0289478857555039,0.633235000901648
"421010111004",0.0107219575937517,0.353824600593805
"421010111005",0.0262841008183048,0.653880598421827
"421010112001",0.00747894038484427,0.179494569236262
"421010112002",0.0131987919320754,0.36956617409811
"421010112003",0.0278959810874705,1.00854700854701
"421010112004",0.015075760563025,0.467348577453775
"421010112005",0.0366665785799607,0.889775640207047
"421010112006",0.0143547130685428,0.25838483523377
"421010112007",0.0140695005809818,0.408015516848471
"421010113001",0.010105445881425,0.424428727019849
"421010113002",0.00574818252799645,0.206934571007872
"421010113003",0.0154935787341078,0.84585914502558
"421010114001",0.0137194232908887,0.452740968599328
"421010114002",0.0447976878612717,1.1625
"421010114003",0.00498136155990897,0.0896645080783614
"421010114004",0.00976998743259366,0.322409585275591
"421010114005",0.0430610632788826,1.24877083508759
"421010114006",0.0102904899165302,0.267552737829786
"421010115001",0.0102579200493031,0.307737601479094
"421010115002",0.0201687387461774,0.584893423639146
"421010115003",0.0146240279538003,0.497216950429209
"421010115004",0.0151235355967373,0.438582532305381
"421010117001",0.0153796915780217,0.569048588386805
"421010118001",0.00813572450786307,0.203393112696577
"421010118002",0.0487377339493942,1.36465655058304
"421010118003",0.0449701193882126,1.39407370103459
"421010118004",0.0121995380880973,0.179057736454331
"421010118005",0.00377779816527524,0.185112110098487
"421010118006",0.0314884014096454,0.692744831012199
"421010119001",0.0117890063961256,0.447982243052772
"421010119002",0.0459663553326906,1.72534779119903
"421010119003",0.0249348315062433,0.847784271212272
"421010119004",0.0175670945016766,0.281073512026826
"421010119005",0.0467003059628863,0.566122076366418
"421010120001",0.0393834314814904,0.513109850158847
"421010120002",0.0217193558699657,0.71673874370887
"421010121001",0.0275549635659663,1.01953365194075
"421010121002",0.0229931067081898,0.873738054911212
"421010122011",0.0262210144941734,0.550641304377642
"421010122012",0.0272837442971479,0.763944840320143
"421010122031",0.00994635788282132,0.218819873422069
"421010122041",0.0444325907799796,1.30003873654357
"421010122042",0.0380145534775402,1.44455303214653
"421010125001",0.0203672284108409,0.590649623914385
"421010125002",0.024152188576189,0.434739394371403
"421010125003",0.0558493861854032,1.11698772370806
"421010131001",0.00953755918893241,0.543640873769147
"421010132001",0.0076242921824978,0.198231596744943
"421010132002",0.00729935261961799,0.299273457404338
"421010133001",0.0524171781034144,1.26081319239587
"421010133002",0.036724877594579,1.06502145024279
"421010134011",0.194915254237288,3.53846153846154
"421010134012",0.0803104056534833,0.833992674093865
"421010134021",0.0240908423259611,0.385453477215378
"421010134022",0.0488304839008391,1.17193161362014
"421010134023",0.146125437958226,1.06885011360455
"421010135001",0.0592241912552674,0.80040614914297
"421010135002",0.0473406346503514,1.13617523160843
"421010135003",0.177126078712259,1.94838686583485
"421010135004",0.0184070240019463,0.681059888072011
"421010136011",0.120609700386353,0.872646655736554
"421010136022",0.0499413885702225,1.39835887996623
"421010136023",0.11111925433776,2.6008850468432
"421010136024",0.15513770242411,3.01325152785291
"421010137001",0.0580878402040697,1.21984464428546
"421010137002",0.0320504528703668,1.0576649447221
"421010137003",0.0322916675868917,0.839583357259185
"421010137004",0.0700095898606725,1.2601726174921
"421010137005",0.0263348500660814,0.948054602378929
"421010138001",0.123711340206186,2.88
"421010138002",0.0323665761109143,1.00336385943834
"421010139001",0.0106782362716232,0.213564725432464
"421010139002",0.0308747825480055,1.04974260663219
"421010139003",0.104395604395604,2.71428571428571
"421010140001",0.038421103432464,1.11421199954146
"421010140002",0.0407650503156502,1.34524666041646
"421010140003",0.0163439683395444,0.555694923544509
"421010141001",0.0161696688628959,0.873162118596378
"421010141002",0.00875951252732012,0.227747325710323
"421010142001",0.00704201322188411,0.183092343768987
"421010142002",0.00726992494432051,0.472545121380833
"421010143001",0.0164830542646251,0.1770402124719
"421010143002",0.0322061191626409,0.408163265306122
"421010144001",0.0952380952380952,2
"421010144002",0.0308054406422871,1.29382850697606
"421010144003",0.0218296303878579,0.982333367453603
"421010145001",0.0140947015403938,0.493314553913781
"421010145002",0.00516831887667331,0.191227798436913
"421010146001",0.0155331367104788,0.621325468419151
"421010146002",0.00805456759141448,0.16109135182829
"421010146003",0.0244197983198789,0.463976168077698
"421010147001",0.0117650108330541,0.447070411656055
"421010147002",0.00924960554436344,0.369984221774538
"421010148001",0.00646474439963303,0.258589775985321
"421010149001",0.012794804983688,0.396638954494328
"421010149002",0.0292294866485132,0.993802546049448
"421010149003",0.0345911144246558,1.1760978904383
"421010149004",0.0398771762339733,1.18169365573341
"421010149005",0.119592416374688,2.25517128020839
"421010149006",0.03295253737445,0.659050747489
"421010151011",0.0412201007002021,1.03050251750505
"421010151012",0.0445438344480912,1.19495446293395
"421010151021",0.0183260007768526,1.17286404971856
"421010151022",0.0352121858116716,1.19721431759684
"421010151023",0.0421163819471018,1.09502593062465
"421010152001",0.0185579258867001,0.339313556153273
"421010152002",0.00453056957636938,0.203875630936622
"421010152003",0.00391307840523117,0.195653920261559
"421010152004",0.00806236137196691,0.306369732134743
"421010152005",0.0183745637761387,0.42261496685119
"421010153001",0.0377164389479552,0.557212207523075
"421010153002",0.0189858396595116,0.455660151828278
"421010153003",0.0575103850979574,1.41519226114467
"421010153004",0.0159609020017131,0.734201492078801
"421010156001",0.0125235425072499,0.275517935159499
"421010156002",0.00582222643062477,0.13391120790437
"421010157001",0.0077574970165859,0.134870499311982
"421010157003",0.0231181143934636,1.17902383406664
"421010158001",0.0388195682313329,1.94059405940594
"421010158002",0.0466830466830467,1.05555555555556
"421010158003",0.0381381666520878,0.572072499781317
"421010158005",0.0415021404030783,1.12055779088312
"421010158006",0.115853658536585,2.28
"421010160001",0.00739696731236405,0.281084757869834
"421010160002",0.0116002528569733,0.301606574281307
"421010160003",0.0252594696237635,1.13667613306936
"421010160004",0.0332249052458734,0.664498104917468
"421010160006",0.0230878100261223,0.619725427016968
"421010160007",0.00669424398908942,0.220910051639951
"421010161001",0.0162149125618361,1.15125879189037
"421010161003",0.0354527938342967,1.1358024691358
"421010161004",0.0426123170059024,1.24960321214228
"421010162001",0.0298177537339284,0.715626089614282
"421010163001",0.0104358417588225,0.292203569247031
"421010163002",0.0161208991824485,0.499747874655903
"421010163004",0.033508282964231,1.13928162078385
"421010164001",0.0446469172114847,1.33940751634454
"421010164003",0.0269905892600048,1.21457651670022
"421010164004",0.0055888687113255,0.307387779122902
"421010165001",0.0221166889131946,0.457569719515203
"421010165002",0.0167445227602464,0.435357591766405
"421010165003",0.0254843001897893,1.1977621089201
"421010166001",0.00874484483459756,0.367283483053097
"421010167011",0.031962817474816,1.4063639688919
"421010167012",0.00893513903618853,0.232313614940902
"421010167013",0.00260998236139054,0.122669170985355
"421010167021",0.0190725184314606,0.534030516080897
"421010167023",0.0130685385128495,0.405124693898335
"421010167024",0.0118823120608668,0.439645546252071
"421010168001",0.0101040935971319,0.303122807913956
"421010168002",0.140236576665774,1.68283891998929
"421010168003",0.0130543815370091,0.430794590721299
"421010168004",0.00613236721471993,0.245294688588797
"421010168005",0.142945274645316,1.63406068859253
"421010168006",0.030726741487721,1.22906965950884
"421010169011",0.0344313930157292,1.30839293459771
"421010169012",0.0119624242248653,0.430647272095151
"421010169013",0.00625622291455526,0.269017585325876
"421010169021",0.0308758759321442,0.957152153896469
"421010169022",0.0284157557646761,1.02296720752834
"421010169023",0.0122915455176163,0.589994184845583
"421010169024",0.0150044439424129,0.570168869811689
"421010170001",0.00963631558601334,0.49145209488668
"421010170002",0.0108797666560205,0.271994166400512
"421010170003",0.0240188302938634,0.408320114995678
"421010171001",0.0261906458280896,0.576194208217971
"421010171002",0.00325611675288422,0.0911712690807581
"421010171003",0.00413979221119626,0.169731480659047
"421010171004",0.0193325162933456,0.44464787474695
"421010172011",0.00498579457663325,0.144588042722364
"421010172012",0.0460149333259765,1.38044799977929
"421010172013",0.0042876662217952,0.0943286568794945
"421010172021",0.00541931868337975,0.243869340752089
"421010172022",0.0146941457703318,0.617154122353937
"421010172023",0.0179548434696347,0.53864530408904
"421010172024",0.00539830565527159,0.151152558347605
"421010173001",0.00966895113171623,0.280399582819771
"421010173002",0.0214894251796827,1.26787608560128
"421010174001",0.0382182734123746,1.45229438967024
"421010174002",0.0101655739549104,0.45745082797097
"421010175001",0.0349055348985273,1.39622139594109
"421010175002",0.00755530683409115,0.309767580197737
"421010175003",0.00730875347681778,0.285041385595893
"421010175004",0.00882118248397078,0.370489664326773
"421010175005",0.00707806858971346,0.169873646153123
"421010175006",0.0369265683140917,1.3293564593073
"421010176011",0.0149332207237057,0.245331483318023
"421010176012",0.0385637651415774,0.934294855475489
"421010176013",0.0153426205458647,0.384060436890032
"421010176014",0.0246434164838864,1.084310325291
"421010176015",0.013357407098488,0.3339351774622
"421010176021",0.0235372457269532,1.31808576070938
"421010176023",0.028399201472463,1.24956486478837
"421010177012",0.0218944222287185,0.699505871969759
"421010177013",0.0313131108858056,1.127271991889
"421010177021",0.00220552389622809,0.0661657168868428
"421010177022",0.0166681380388115,0.400035312931476
"421010177023",0.0157755705890624,0.441715976493748
"421010177024",0.0350745491492787,1.45955381943773
"421010177025",0.041827515983832,1.25826335754103
"421010178001",0.00875289045392479,0.209661205018105
"421010178002",0.0075692863906323,0.227078591718969
"421010178003",0.015374718948496,0.445866849506384
"421010178004",0.00918374355333851,0.358165998580202
"421010178005",0.0144064646100496,0.590665049012035
"421010179001",0.0411873686179308,1.23562105853792
"421010179002",0.0224039700154036,1.00817865069316
"421010179003",0.036160879008345,1.06992862983493
"421010179004",0.00886173822898737,0.434225173220381
"421010179005",0.00580496073044478,0.40054229040069
"421010180011",0.00640500516672713,0.166530134334905
"421010180012",0.0266078062235877,1.09092005516709
"421010180013",0.00228211105844815,0.109541330805511
"421010180021",0.0146218017709287,0.774955493859222
"421010180022",0.028696675064468,1.23395702777212
"421010180023",0.0163425964327277,0.93152799666548
"421010180024",0.0473004397785898,2.44945073089988
"421010183001",0.00620584367194982,0.403379838676738
"421010183002",0.00647480863525498,0.472661030373613
"421010183003",0.018532337801282,1.31579598389102
"421010183004",0.0103349275231293,0.506411448633334
"421010184001",0.0277680332779737,1.27732953078679
"421010184002",0.0278632451352397,1.44888874703247
"421010188001",0.0217394500441369,1.28262755260408
"421010188002",0.0163287141065811,0.558036110907962
"421010188003",0.0364719345056928,1.31298964220494
"421010188004",0.0312539139653435,1.31266438654443
"421010188005",0.00852381998449077,0.22161931959676
"421010188006",0.0170052294603666,0.586378905222001
"421010188007",0.027212184554619,1.30618485862171
"421010190001",0.0175436521072307,0.96490086589769
"421010190002",0.0278296067173248,1.28016190899694
"421010190003",0.0206251376328197,1.1550077074379
"421010190004",0.0195986250589986,1.03872712812692
"421010190005",0.0221260929052336,1.10630464526168
"421010191001",0.0433472925162798,1.17037689793956
"421010191002",0.03055494417582,1.13053293450534
"421010191003",0.0173775359035247,1.09478476192206
"421010191004",0.0285460517084542,1.11329601662971
"421010191005",0.00500606281555093,0.285345580486403
"421010191006",0.027265380347314,0.899757551461362
"421010192001",0.0172761885485601,0.621942787748163
"421010192002",0.0225372884279712,1.41984917096219
"421010192003",0.0358229753446355,1.21798116171761
"421010192004",0.0179527430091274,0.897637150456369
"421010192005",0.0130291910741007,0.416934114371222
"421010192006",0.0426250571966434,0.639375857949651
"421010195011",0.0113114898652336,0.384590655417943
"421010195012",0.00559674073557878,0.291030518250097
"421010195013",0.0229366987538386,1.28445513021496
"421010195021",0.0274132614759497,1.15135698198989
"421010195022",0.0161115556214033,0.934470226041389
"421010195023",0.0203244764462138,0.955250392972046
"421010197001",0.0307844294150501,1.13902388835685
"421010197002",0.013215132986821,0.409669122591451
"421010197003",0.0319558120028256,1.27823248011302
"421010197004",0.0246216225080622,0.763270297749928
"421010197005",0.0497226366075101,1.59112437144032
"421010197006",0.0466594903659595,0.994206063951598
"421010198001",0.029494357922461,1.15027995897598
"421010198002",0.0457944930549046,1.37383479164714
"421010198004",0.0231819865730919,1.11273535550841
"421010198005",0.0147844584384304,0.286849783564678
"421010198006",0.0148037047945727,0.340485210275171
"421010199001",0.022760918770828,0.864914913291462
"421010199002",0.00452897903879749,0.267209763289052
"421010199003",0.0240406340495499,0.697178387436948
"421010199004",0.0247125074930217,1.08735032969296
"421010200001",0.0448774974903418,1.34632492471025
"421010200002",0.00462555625713841,0.185022250285537
"421010201011",0.00390149407494547,0.183370221522437
"421010201012",0.0185055878435238,0.296089405496381
"421010201013",0.0440041945704888,1.14410905883271
"421010201021",0.0130595667693808,0.391300311152132
"421010201023",0.0299431319173077,1.37738406819615
"421010201024",0.0126039722257668,0.244102246904091
"421010202001",0.00236518153925665,0.130084984659116
"421010202002",0.0102189786110328,0.347445272775114
"421010202003",0.0104402375944694,0.365408315806428
"421010202004",0.00719758070568004,0.367076615989682
"421010202005",0.0096755609835593,0.40637356130949
"421010202006",0.0186847513424817,0.411064529534597
"421010203001",0.0233900727361581,1.2864540004887
"421010203002",0.0207079830210803,1.18035503220158
"421010204001",0.019557063207992,0.418751235747593
"421010204002",0.0110454485226164,0.397636146814191
"421010204003",0.01269365065064,0.30464761561536
"421010204004",0.0164859982050603,0.412149955126507
"421010205001",0.00789466877141771,0.426312113656556
"421010205002",0.0323288258293691,1.26082420734539
"421010206001",0.00972509851955647,0.418179236340928
"421010207001",0.0139229552984083,0.48730343544429
"421010207002",0.00727537016309547,0.276464066197628
"421010207003",0.014569854921273,0.291397098425461
"421010207004",0.00948053663327733,0.331818782164706
"421010208001",0.0284778225806452,0.837037037037037
"421010209001",0.0657596371882086,1.45
"421010209002",0.00736717593117795,0.213648102004161
"421010209003",0.00883105632003567,0.194283239040785
"421010209004",0.040959040959041,0.82
"421010210001",0.0537530826486625,1.34382706621656
"421010210002",0.0725480329674717,1.54443600951906
"421010210003",0.0594405594405594,1.88888888888889
"421010210004",0.00759734807213246,0.189933701803311
"421010210005",0.0833333333333333,2
"421010211001",0.0344086021505376,1.06666666666667
"421010211002",0.0619436177297463,1.36275959005442
"421010212001",0.0265295478844315,1.16730010691499
"421010212002",0.0391767341073162,1.17530202321949
"421010213001",0.133730146105566,1.30673457051724
"421010213002",0.0552577724981022,0.884124359969635
"421010213003",0.13855421686747,1.24324324324324
"421010213004",0.0413205307287417,1.67957362404456
"421010213005",0.0397960800015954,0.596941200023931
"421010214001",0.0574544724581353,0.86181708687203
"421010214002",0.00501196204856862,0.105251203019941
"421010214003",0.411764705882353,4.66666666666667
"421010214004",0.0286623831159999,1.031845792176
"421010214005",0.0337616477224705,0.708994602171881
"421010215001",0.0365960880430238,1.24426699346281
"421010215002",0.0385505016030457,1.3492675561066
"421010215003",0.0183529488418373,1.04611808398473
"421010215004",0.034370283892716,1.0654788006742
"421010216001",0.0403817278854369,1.29221529233398
"421010216002",0.0356182492954813,1.31787522393281
"421010217001",0.0245635535870778,1.22817767935389
"421010217002",0.0251866376038878,1.13339869217495
"421010217003",0.0509794150144651,1.37644420539056
"421010217004",0.0198193011822946,0.495482529557366
"421010218001",0.020691200009466,1.30354560059636
"421010218002",0.0285399325646593,0.998897639763077
"421010218003",0.0101800876734131,0.264682279508741
"421010219001",0.0361775266215421,1.19385837851089
"421010220001",0.0264392746276491,1.05757098510596
"421010235001",0.0697142857142857,2.30188679245283
"421010236001",0.146277837099572,1.83249158564299
"421010236002",0.0292815841412717,0.380660593836532
"421010236003",0.0359042553191489,1.35
"421010237001",0.0191940431827207,0.978896202318755
"421010237002",0.00883858079678671,0.397736135855402
"421010237003",0.0372841444270016,0.940594059405941
"421010237004",0.0118964931271188,0.333101807559326
"421010238001",0.00686699632765796,0.171674908191449
"421010238002",0.1,1
"421010238003",0.0335632183908046,1.01388888888889
"421010238004",0.0354030729456704,1.27451062604413
"421010238005",0.0420560747663551,1.20618556701031
"421010239001",0.00745553554849702,0.305676957488378
"421010239002",0.0363626852317112,1.45450740926845
"421010240001",0.00996720466653073,0.358819367995106
"421010240002",0.0107922076051987,0.42089609660275
"421010240004",0.0636564299237991,2.17929660092065
"421010242001",0.00676732615321983,0.209787110749815
"421010242002",0.0329564617131382,1.15347615995984
"421010242003",0.00511046223364506,0.281075422850478
"421010242004",0.0239957987490328,0.959831949961312
"421010243001",0.0168754061670979,0.455502034716667
"421010243002",0.0304248653659015,1.21699461463606
"421010243003",0.0214818660188694,0.341307279181379
"421010243004",0.0210994289089408,0.436474753250627
"421010244001",0.0280436961213282,1.20587893321711
"421010244002",0.0486269852811802,1.21567463202951
"421010244003",0.00346784610889129,0.18726368988013
"421010245001",0.0112351676107359,0.490227813415111
"421010245002",0.0287818818760075,1.18005715691631
"421010245003",0.0038940459034884,0.190808249270932
"421010245004",0.0205861789544173,0.864619516085528
"421010246001",0.00627874791429409,0.200919933257411
"421010246002",0.00554132993782885,0.260442507077956
"421010246003",0.033543092037814,1.27463749743693
"421010247001",0.00903409904991724,0.22176271519155
"421010247002",0.0222600420037426,0.95718180616093
"421010247003",0.0225975070199694,0.496542554252127
"421010247004",0.0281185128223283,0.97146470469993
"421010247005",0.0136364535925678,0.450002968554738
"421010248001",0.0113609057247299,0.329466266017167
"421010248002",0.0205015641633082,1.10708446481864
"421010249001",0.0283499729820195,1.27574878419088
"421010249002",0.0215071021057989,0.580691756856571
"421010249003",0.0101083413716087,0.363900289377915
"421010252001",0.0151391978348792,0.408758341541738
"421010252002",0.0657596371882086,1.45
"421010252003",0.00833717918389475,0.375173063275264
"421010252004",0.0233789567759319,0.514337049070502
"421010252005",0.0302940597736593,1.33293863004101
"421010252006",0.0364670808558914,1.34928199166798
"421010252007",0.0454573720381318,1.18189167299143
"421010253001",0.00315454693856685,0.157727346928342
"421010253002",0.00563545640347132,0.163428235700668
"421010253003",0.0246998212003662,1.24329719458126
"421010253004",0.0666666666666667,2
"421010253005",0.0399963768011813,1.25988586923721
"421010254001",0.0241567726050545,0.652232860336471
"421010254002",0.019377990430622,0.58273381294964
"421010254003",0.0455043859649123,1.20289855072464
"421010254004",0.0280504870110196,1.17812045446282
"421010255001",0.234955090469384,2.17155462403521
"421010255002",0.179600868838867,2.89157398830576
"421010255003",0.00643202746086285,0.212256906208474
"421010256001",0.0163094536852021,0.407736342130053
"421010256002",0.014076173161191,0.253371116901439
"421010256003",0.104513789999483,1.56770684999224
"421010257001",0.0391873950669431,1.29318403720912
"421010257002",0.119327731092437,5.07142857142857
"421010257003",0.161165048543689,4.15
"421010258001",0.0197576707596238,0.832665526736765
"421010259001",0.0442230151594177,0.929983995264226
"421010259002",0.118244103339871,0.819825783156437
"421010259003",0.0571690982058354,0.69897312523361
"421010259004",0.025229504475016,0.25229504475016
"421010259005",0.042126347491255,0.800400602333845
"421010259006",0.157155134949686,1.40963393773052
"421010260001",0.016896389651991,1.01378337911946
"421010260002",0.00655450602263426,0.157308144543222
"421010260003",0.0955597843795143,1.5954329218145
"421010261001",0.0145584271670045,0.48042809651115
"421010261002",0.00397689426517447,0.107376145159711
"421010261003",0.00389179364608705,0.124537396674786
"421010262001",0.0438227002898698,1.22703560811635
"421010262002",0.0384915806400596,1.42418848368221
"421010262003",0.00886506670350769,0.328007468029785
"421010262004",0.0438924606981629,1.49234366373754
"421010263011",0.0057339714566826,0.189221058070526
"421010263012",0.00450578161466232,0.108138758751896
"421010263013",0.00426294379926912,0.072470044587575
"421010263014",0.0138692547214031,0.485423915249109
"421010263021",0.00658261359438904,0.223808862209227
"421010263022",0.024380053179202,1.09710239306409
"421010263023",0.0418444035260127,1.46455412341044
"421010263024",0.020711231603106,1.05627281175841
"421010264001",0.0455994897959184,1.76543209876543
"421010264002",0.0143884561412147,0.316546035106724
"421010264003",0.00765570212856142,0.153114042571228
"421010264004",0.0115901880385495,0.417246769387782
"421010264006",0.0417068589301775,0.908533197235759
"421010264007",0.00868613665952016,0.234525689807044
"421010265001",0.0533778898422274,0.844037883130221
"421010265002",0.0135122634056065,0.432392428979407
"421010265003",0.00864330993598433,0.190152818591655
"421010265004",0.00763977206769257,0.145155669286159
"421010265005",0.0392156862745098,0.645161290322581
"421010265006",0.0106425496085498,0.457629633167642
"421010266001",0.0244731014311053,1.24812817298637
"421010266002",0.0198013498582605,0.534636446173032
"421010266003",0.00447337460342213,0.138674612706086
"421010266004",0.0147247429710123,0.363007506467188
"421010266005",0.00992836231984976,0.168782159437446
"421010266006",0.0129392068726475,0.439933033670014
"421010266007",0.0266663462547574,0.548326744863449
"421010266008",0.00831414928293953,0.224482030639367
"421010267001",0.0189805792487583,0.474514481218959
"421010267002",0.017974230371749,0.512972417351039
"421010267003",0.0187399448166414,0.562198344499242
"421010267004",0.00771509250925563,0.408899902990548
"421010267005",0.0133799600366863,0.401398801100588
"421010267006",0.0191663919281531,0.421660622419367
"421010267007",0.0112909822375493,0.316147502651379
"421010268001",0.00912616882053233,0.383299090462358
"421010268002",0.00990665496234571,0.317012958795063
"421010268003",0.0174786733291396,0.454445506557629
"421010268004",0.0360776210308444,1.33487197814124
"421010269001",0.0207744360627518,0.498586465506043
"421010269002",0.0264880454999815,0.647567881593953
"421010270001",0.0244421559817497,0.590232803707437
"421010270002",0.0303805967154737,1.18484327190347
"421010271001",0.0196036453829468,0.568505716105458
"421010271002",0.0341093752678584,1.26204688491076
"421010271003",0.0755555555555556,2.125
"421010272002",0.024780195847886,1.04076822561121
"421010272003",0.0251209176574228,1.20580404755629
"421010273001",0.020619858327323,1.11347234967544
"421010273002",0.0277450777033199,1.35950880746267
"421010273003",0.0204551159964296,1.08412114781077
"421010273004",0.00859902541490318,0.240772711617289
"421010273005",0.033996735524614,1.2238824788861
"421010274011",0.0297329094552756,0.959508233417262
"421010274012",0.00558822135622973,0.20117596882427
"421010274013",0.0219537961125298,1.14159739785155
"421010274021",0.05,1.85714285714286
"421010274023",0.0143555848392218,0.458737124471222
"421010274024",0.0176092925794846,0.968511091871654
"421010274025",0.0121842666452234,0.255869599549692
"421010275001",0.0403943330093258,1.4138016553264
"421010275002",0.0357762687005899,1.21639313582006
"421010275003",0.019107598057996,0.316640196389649
"421010275004",0.0309484152002271,1.1450913624084
"421010276001",0.0150160463743597,0.420449298482071
"421010276002",0.0320855614973262,0.545454545454545
"421010276003",0.0261685187922375,1.15141482685845
"421010276004",0.0291633594209165,1.31235117394124
"421010277001",0.0390644995120557,1.25006398438578
"421010277002",0.039696265630011,1.11149543764031
"421010277003",0.00862968456957076,0.241631167947981
"421010277004",0.00714038971753817,0.357019485876909
"421010277005",0.00296456700873932,0.106724412314616
"421010277006",0.0115451156030797,0.323263236886232
"421010278001",0.00499958245557272,0.289975782423218
"421010278002",0.0150963971249787,0.437795516624381
"421010278003",0.0156458406164211,0.625833624656844
"421010278004",0.0309778334083796,1.30106900315194
"421010279011",0.0109044010667603,0.30532322986929
"421010279012",0.00691690983120689,0.172922745780172
"421010279013",0.0188545179343971,0.433653912491133
"421010279014",0.0261132296800799,1.14898210592352
"421010279021",0.00917330387254938,0.366932154901975
"421010279022",0.00901901591563082,0.414874732119018
"421010280001",0.0367580211304816,1.21301469730589
"421010280002",0.0159033881799984,0.336114161534719
"421010280003",0.0169095300439419,0.541104961406142
"421010280004",0.0224182283485387,1.23300255916963
"421010281001",0.02225201137212,1.26836464821084
"421010281002",0.0107536081126554,0.41939071639356
"421010281003",0.0110980171612328,0.188666291740958
"421010282001",0.0388545864063816,1.12678300578507
"421010282002",0.0182823819691711,1.11522530011943
"421010282003",0.013863509813363,0.998172706562138
"421010283001",0.034676919327415,1.21369217645953
"421010283002",0.0390956763692463,1.29679938133173
"421010283003",0.0358296371307645,1.1107187510537
"421010283004",0.0187686269071712,0.844588210822706
"421010283005",0.0255332817105518,1.22559752210649
"421010283006",0.0273624192689509,1.14922160929594
"421010283007",0.0305933159115208,0.856612845522583
"421010284001",0.0133475347871164,0.387078508826376
"421010284003",0.0301718385352949,0.617890346052146
"421010284004",0.0443009378790272,1.32980534580729
"421010285001",0.00406785367691157,0.256274781645429
"421010286001",0.00897780095797264,0.466845649814577
"421010286002",0.00811708426358458,0.324683370543383
"421010286003",0.00764760543553308,0.313551822856856
"421010286004",0.0245940804544286,0.634184102508616
"421010286005",0.0129903945162095,0.428683019034914
"421010286006",0.0149853819981653,0.824196009899093
"421010287001",0.00517692667627366,0.289907893871325
"421010287002",0.012363528771275,0.420359978223351
"421010288001",0.012577486306942,0.364747102901317
"421010288002",0.024012430066412,1.03253449285572
"421010288003",0.0187271832347535,0.89890479526817
"421010289011",0.0327632533218553,1.11395061294308
"421010289012",0.0206071008377345,1.15399764691313
"421010289013",0.0308022649714806,1.23209059885922
"421010289021",0.0348998725924416,1.46579464888255
"421010289022",0.0405896851450629,1.29886992464201
"421010289023",0.0192259720409785,0.88439471388501
"421010289024",0.0275587939206661,1.07479296290598
"421010289025",0.0252355261537093,0.504710523074187
"421010290001",0.0487310831326744,0.90394299246106
"421010290002",0.0406781562055946,1.26102284237343
"421010290003",0.0284001424873861,1.36320683939453
"421010290004",0.0168776446233146,0.945148098905616
"421010291001",0.0269729185055344,1.15983549573798
"421010291002",0.018048105215419,0.739972313832177
"421010291003",0.0213050042720778,0.553930111074024
"421010291004",0.0495809086205001,1.3386845327535
"421010292001",0.0249205191784037,1.32078751645539
"421010292002",0.0193518329065182,1.16110997439109
"421010292003",0.0328049623948227,0.951343909449859
"421010293001",0.0215762650775682,1.31615216973166
"421010293002",0.0116406285235823,0.919609653363001
"421010294001",0.00916163182015742,0.201555900043463
"421010294002",0.0235988456369443,1.01475036238861
"421010294003",0.030408801191473,1.33798725242481
"421010298001",0.0222430314421927,1.17888066643621
"421010298002",0.0454465161257358,2.06798733528536
"421010298003",0.0224862652192651,0.989395669647665
"421010298004",0.0102847146200851,0.421673299423491
"421010298005",0.0091592861220365,0.393849303247569
"421010299001",0.00691047965136307,0.297150625008612
"421010299002",0.0129131897488881,0.464874830959971
"421010299003",0.012622436351231,0.479652581346778
"421010299004",0.0226562553898245,1.22343779105053
"421010300001",0.0350901538910712,0.800838512150357
"421010300002",0.0147628687327525,0.560989011844595
"421010300003",0.014763393385943,0.82675002961281
"421010300004",0.0257272704120786,1.10627262771938
"421010300005",0.0126988504108363,0.761931024650176
"421010300006",0.0177182608123107,0.541970330729502
"421010300007",0.0183302290670629,1.00816259868846
"421010301001",0.00667743432601456,0.360581453604786
"421010301002",0.0153228930928071,1.25647723361018
"421010301003",0.00731660926635344,0.365830463317672
"421010301004",0.0222867913119689,0.445735826239379
"421010301005",0.0267807295672449,1.20513283052602
"421010302001",0.0110643389814535,0.66386033888721
"421010302002",0.00694512413092721,0.333365958284506
"421010302003",0.0125230957631242,0.450831447472471
"421010302004",0.0201004521041897,0.62311401522988
"421010302005",0.0303558236198861,1.39636788651476
"421010305012",0.00439409224999764,0.320768734249828
"421010305013",0.00516702375362163,0.268685235188325
"421010305021",0.0118014199042248,0.696283774349263
"421010305022",0.0269620513040647,0.835823590426005
"421010305023",0.0327326389353502,0.981979168060505
"421010305024",0.0253353216199526,1.0134128647981
"421010305025",0.00761640672880903,0.213259388406653
"421010306001",0.00706950770020468,0.22622424640655
"421010306002",0.0170119224136058,0.476333827580964
"421010306003",0.0111772258437734,0.257076194406789
"421010306004",0.0236121289826714,0.8264245143935
"421010306006",0.0123431830765255,0.354527237475492
"421010306007",0.0102371387866831,0.389011273893959
"421010307001",0.0106622325236315,0.405164835897999
"421010307003",0.00431459472395757,0.224358925645793
"421010308002",0.0163900910300485,0.491702730901456
"421010308003",0.0242944718145012,1.26331253435406
"421010308004",0.00607503683989685,0.200476215716596
"421010309001",0.0244327543709991,0.904011911726967
"421010309002",0.0173989694928456,0.539368054278213
"421010309003",0.0072822720171861,0.320419968756188
"421010310001",0.0234769452449688,0.751262247839001
"421010310002",0.049377119335494,1.38255934139383
"421010310003",0.0152136109840328,0.336106480814876
"421010310004",0.00986587808466283,0.256512830201234
"421010310005",0.0101042206988064,0.424377269349869
"421010310006",0.02980653370072,0.41729147181008
"421010310007",0.0120402048410797,0.295083708810068
"421010311011",0.0221510440188284,1.01894802486611
"421010311012",0.00860465497914185,0.240930339415972
"421010311013",0.00687132864165922,0.309209788874665
"421010311014",0.0330248090702369,1.28796755373924
"421010311021",0.0107511249286268,0.215022498572535
"421010311022",0.00779500438538216,0.226055127176083
"421010311023",0.0124174172838373,0.496063149655336
"421010311024",0.0197873874363854,1.02894414669204
"421010312001",0.0108071830789241,0.410672956999115
"421010312002",0.00608890854109548,0.403119888832901
"421010312003",0.002741474054423,0.139815176775573
"421010313001",0.0649691690588217,1.4942908883529
"421010313002",0.00636738379048955,0.337471340895946
"421010313003",0.00588040845090849,0.452791450719954
"421010313004",0.0248284774225066,1.06661455720483
"421010313005",0.0459555474084542,1.01102204298599
"421010313006",0.0547244399658286,0.95916247102898
"421010314011",0.0214110801283726,0.963498605776768
"421010314012",0.0085635284417601,0.411049365204485
"421010314013",0.0144775563299504,0.448804246228461
"421010314014",0.0119602714518786,0.370768415008236
"421010314015",0.0341084447890885,0.528515319256168
"421010314022",0.00965800771963191,0.318714254747853
"421010314023",0.00417394851196046,0.217045322621944
"421010315011",0.0262154728578675,1.02240344145683
"421010315012",0.00711354967106341,0.490834927303375
"421010315013",0.0211446212534714,0.993797198913154
"421010315014",0.00616380935647737,0.339009514606256
"421010315015",0.0118568941838362,0.367563719698923
"421010315021",0.00540397314378352,0.313430442339444
"421010315022",0.0146820867488571,0.587283469954284
"421010315023",0.00667256119708024,0.28692013147445
"421010316002",0.00944683527545886,0.311745564090142
"421010316003",0.0146997552108913,0.529191187592085
"421010316004",0.0151082855156442,0.332382281344173
"421010316005",0.0211606056565646,0.865971691577619
"421010316006",0.0161556078719902,0.759313569983541
"421010316007",0.028447561598885,1.28014027194983
"421010317001",0.0296032784329371,1.06571802358573
"421010317002",0.0195261177056853,1.23014541545817
"421010317003",0.0497427101200686,1.20833333333333
"421010317004",0.0121064721072157,0.326874746894823
"421010317005",0.0368774346583768,1.29071021304319
"421010318001",0.00353521293133407,0.19090149829204
"421010318002",0.00472233722297642,0.259728547263703
"421010318003",0.0199664115702896,0.551799010669823
"421010318004",0.00691809958295746,0.152198190825064
"421010319001",0.0109305048222068,0.491872716999304
"421010319002",0.028598488503699,1.08674256314056
"421010319003",0.0109844275820156,0.406423820534578
"421010319004",0.0108993311459239,0.272483278648097
"421010319005",0.0410527057650234,1.51895011330587
"421010320001",0.0255999083897246,1.22879560270678
"421010320002",0.00690646359012539,0.552517087210031
"421010320003",0.0285931854485657,1.28669334518546
"421010320004",0.0268561038985975,1.23538077933549
"421010320005",0.0195380318325353,0.937825527961697
"421010320006",0.0298241919163017,0.656132222158638
"421010320007",0.0107072074204951,0.342630637455844
"421010321001",0.0169191194010819,0.89671332825734
"421010321002",0.0324826732959184,1.26682425854082
"421010321003",0.00363158618279999,0.2287899295164
"421010323001",0.00971593229533373,0.476080682471353
"421010323002",0.0308107585840308,1.2016195847772
"421010323003",0.0218328500350712,1.17897390189385
"421010325001",0.00577648159178505,0.254165190038542
"421010325002",0.0187899460890797,1.07102692707754
"421010325003",0.0215648143034586,1.01354627226256
"421010325004",0.0165931847479449,1.12833656286025
"421010326001",0.0309134912989435,1.11288568676197
"421010326002",0.0395910819592687,1.3856878685744
"421010326003",0.0223865929649548,1.34319557789729
"421010326004",0.0261649112306986,1.22975082784283
"421010326005",0.0338443360995915,0.796953533392761
"421010326006",0.0109314303307373,0.382600061575805
"421010326007",0.0118547076046461,0.414914766162615
"421010329001",0.0305203197391954,1.37341438826379
"421010329002",0.00702299101797044,0.358172541916493
"421010329003",0.0104211099837789,0.29179107954581
"421010329004",0.0178143140107626,0.587872362355166
"421010329005",0.00782102559604862,0.336304100630091
"421010330001",0.0268349330058529,0.805047990175586
"421010330002",0.0225575403091724,0.807058664394835
"421010330003",0.00829203564457678,0.398017710939685
"421010330004",0.0161486858984014,1.1627053846849
"421010330005",0.0182712010383584,1.13281446437822
"421010330006",0.0350827549059769,1.19281366680322
"421010330007",0.0132213566068669,0.330533915171673
"421010331011",0.0208878301954051,1.19060632113809
"421010331012",0.0244745606864605,1.0524061095178
"421010331013",0.0268153679454376,1.23350692549013
"421010331014",0.0200022675779424,1.02011564647506
"421010331021",0.050667501229761,1.41869003443331
"421010331022",0.0332920387158714,2.22135815772283
"421010331023",0.0344433164422021,1.20551607547707
"421010331024",0.021028048208051,1.09345850681865
"421010332001",0.0261713585496233,1.1253684176338
"421010332002",0.0269034706736024,1.18375270963851
"421010333001",0.0394033274336718,1.99175723603081
"421010333002",0.0238928800339396,1.29021552183274
"421010333003",0.0238922540861021,1.09904368796069
"421010334001",0.0371618740767552,1.26350371860968
"421010334002",0.00750265591042786,0.322614204148398
"421010334003",0.00962403784926508,0.327217286875013
"421010334004",0.0226824031759862,1.17948496515128
"421010335001",0.00388572319316153,0.0971430798290383
"421010335002",0.00430206861479653,0.215103430739827
"421010335003",0.00668495934192941,0.320878048412612
"421010336001",0.0296832304365444,0.860813682659788
"421010336002",0.0267086860622304,0.870992619369288
"421010336003",0.0109921564230138,0.439686256920553
"421010336004",0.03172495268515,1.1420982966654
"421010336005",0.0175684777421046,0.456780421294719
"421010337011",0.020679675485775,1.3234992310896
"421010337012",0.0452378780322598,2.40790923070721
"421010337013",0.0137881223840689,0.716982363971582
"421010337021",0.0087035204469604,0.513507706370663
"421010337022",0.0216944217905483,1.2582764638518
"421010337023",0.016947240894494,0.93209824919717
"421010338001",0.00432758535912406,0.229362024033575
"421010338002",0.0307332149046584,1.56739396013758
"421010338004",0.0355630783886728,1.42252313554691
"421010338005",0.0143628634928814,0.63196599368678
"421010339001",0.0411257121309931,1.27489707606079
"421010339002",0.0199742671626534,1.01868762529532
"421010339003",0.0379556174615241,1.17662414130725
"421010340001",0.0211708885330822,1.16439886931952
"421010340002",0.0547113880990999,1.4772074786757
"421010340003",0.0554545454545455,1.56410256410256
"421010341001",0.0128478205211923,0.565304102932459
"421010341002",0.00534754409115454,0.336895277742736
"421010341003",0.0200072684785503,0.460167175006656
"421010341004",0.0313205301968228,1.12753908708562
"421010341005",0.0308664736512996,1.08032657779548
"421010341006",0.0264882400969929,1.16548256426769
"421010342001",0.00646527991126083,0.245680636627912
"421010342002",0.00786606015583427,0.440499368726719
"421010344001",0.0276974005012229,1.30177782355748
"421010344002",0.0356288653832211,1.24701028841274
"421010344003",0.0140825499672182,0.901283197901968
"421010344004",0.0162977379564817,0.798589159867601
"421010345011",0.0420423696731984,1.113581266988
"421010345012",0.0251374097108653,1.05577120785634
"421010345021",0.0235381005557247,0.870909720561813
"421010345022",0.0168696799195799,0.978441435335634
"421010345023",0.0234097668133765,0.889571138908307
"421010346001",0.0193518762329449,1.14176069774375
"421010347011",0.0144656152731051,0.925799377478727
"421010347012",0.0202512321633411,1.19482269763712
"421010347013",0.0424781561021467,1.24771046943122
"421010347021",0.014885534541285,0.922903141559672
"421010347022",0.0225425791603263,1.21729927465762
"421010347023",0.0156847622561793,0.831292399577504
"421010348011",0.0105295843246878,0.747600487052837
"421010348012",0.0115351164861783,0.761317688087767
"421010348013",0.0158320573504667,1.02908372778034
"421010348021",0.010013885210998,0.80111081687984
"421010348022",0.00822956544026467,0.551380884497733
"421010348023",0.0120311763450848,0.721870580705085
"421010348031",0.0179611193377265,1.18543387628995
"421010348032",0.00695264398783705,0.528400943075616
"421010348033",0.00810834060470366,0.235141877536406
"421010349001",0.0209560116230505,1.21544867413693
"421010349002",0.011869649379669,0.949571950373521
"421010349003",0.0288377270908089,0.922807266905886
"421010349004",0.0234871050916737,1.40922630550042
"421010351001",0.0120066948814138,0.528294574782207
"421010351002",0.0243691529752376,1.02350442495998
"421010352001",0.0118232834075596,0.863099688751852
"421010352002",0.0196650003854965,0.688275013492377
"421010352003",0.00626017930968147,0.375610758580888
"421010353011",0.00695935083131889,0.56370741733683
"421010353012",0.0123785246750159,0.618926233750796
"421010353013",0.00989502555548565,0.38590599666394
"421010353021",0.0151319002154109,0.771726910985956
"421010353022",0.00950511954607129,0.66535836822499
"421010355001",0.0125145318355585,0.926075355831327
"421010355002",0.0274104803200086,1.12382969312035
"421010355003",0.00931737789994993,0.782659743595794
"421010356011",0.0117174862288768,0.878811467165759
"421010356012",0.0199269928096827,1.11591159734223
"421010356013",0.0239361915605561,0.837766704619462
"421010356014",0.128950695322377,9.27272727272727
"421010356021",0.0119582739784822,0.550080603010183
"421010356022",0.0112638936737019,0.551930790011394
"421010357011",0.0153706832695919,0.968353045984292
"421010357012",0.0195830373960459,1.17498224376276
"421010357021",0.0271942432689094,1.11496397402529
"421010357022",0.021020208575214,1.00897001161027
"421010358001",0.0167094332699998,1.30333579505998
"421010358002",0.0382844583820893,1.03368037631641
"421010358003",0.0364249629072832,1.31129866466219
"421010359001",0.0161977709729395,0.923272945457553
"421010359002",0.0172902100269134,1.02012239158789
"421010360001",0.0166943697737148,1.01835655619661
"421010361001",0.0339955549942072,1.4278133097567
"421010361002",0.0149260527514273,0.492559740797102
"421010361003",0.013833813531373,0.74702593069414
"421010362011",0.0134814293012724,0.849330045980161
"421010362013",0.0172231610755152,0.861158053775762
"421010362014",0.0176348188004789,0.934645396425379
"421010362021",0.0147002753381286,0.808515143597072
"421010362022",0.0171652268905982,0.944087478982899
"421010362023",0.0197796948951286,0.672509626434371
"421010362024",0.0285719646398003,0.94287483311341
"421010362031",0.0166679072708881,0.966738621711511
"421010362032",0.032420749103852,1.10230546953097
"421010362033",0.018294759322511,0.859853688158017
"421010363011",0.0193033300256469,0.965166501282343
"421010363012",0.025640199421415,0.980583292800376
"421010363021",0.0204757961592221,0.880459234846551
"421010363022",0.0169568690500875,0.780015976304024
"421010363031",0.015847411311161,0.950844678669663
"421010363032",0.0177703507125973,0.888517535629867
"421010363033",0.0236344650338368,1.11081985659033
"421010363034",0.0732945316046529,8.22031487642367
"421010364001",0.0242645460212859,0.461026374404431
"421010365011",0.0148479046042692,0.816634753234804
"421010365012",0.0147052896707351,1.05878085629293
"421010365013",0.0220851677996539,0.50795885939204
"421010365021",0.0167190569649752,1.00314341789851
"421010365022",0.0122783561824952,0.810371508044681
"421010367001",0.0157892837400449,0.426310660981212
"421010367002",0.0145626231007335,0.466003939223471
"421010369001",0.0202433538450078,0.384623723055148
"421010369002",0.00642948322899192,0.205743463327741
"421010369003",0.0350354512507398,1.42643546545666
"421010372001",0.0386056550891234,1.38980358320844
"421010372002",0.00925049348371366,0.462524674185683
"421010372003",0.0201807849050023,0.423796483005048
"421010372004",0.0141594547157199,0.509740369765917
"421010373001",0.0338554681931542,1.04951951398778
"421010373002",0.0109421173415619,0.831600917958703
"421010373003",0.0877408774087741,3.75438596491228
"421010375001",0.0165438587857391,0.510580621402734
"421010375002",0.01381393789732,0.400604199022279
"421010376001",0.0136323464997464,0.422602741492138
"421010376002",0.0307481504337586,1.13768156604907
"421010377001",0.0129062790023991,0.645313950119957
"421010377002",0.00436056139866759,0.344484350494739
"421010377003",0.0145522188061038,0.334701032540388
"421010378001",0.0100852506157676,0.443751027093775
"421010378002",0.00507510110479408,0.24867995413491
"421010378003",0.0251518021091941,0.704250459057435
"421010379001",0.0334244169329391,1.23670342651875
"421010379002",0.0144702797652461,0.882687065680011
"421010379003",0.0215311448295758,0.538278620739395
"421010379004",0.0244312222558962,1.05054255700354
"421010379005",0.00565297337629316,0.265689748685779
"421010379006",0.0294550342846561,1.67424666214186
"421010380001",0.00292925760053679,0.166967683230597
"421010380002",0.0254907815177135,0.532247518089857
"421010381001",0.00783737903455915,0.493754879177226
"421010381002",0.00999313103494383,0.33976645518809
"421010382001",0.00372974017326951,0.208865449703093
"421010382002",0.00408261530212032,0.212295995710257
"421010382003",0.0192100524842181,1.34470367389527
"421010383001",0.0160109836737722,1.1527908245116
"421010383002",0.0320760670585263,1.02643414587284
"421010383003",0.033588331405313,1.20917993059127
"421010384001",0.0306101269779311,1.10196457120552
"421010384002",0.0509730462187567,1.27432615546892
"421010385001",0.0300026390814621,1.14010028509556
"421010385002",0.0780328222479901,1.40459080046382
"421010386001",0.0837229246829808,4.09312076227906
"421010387001",0.463302752293578,12.625
"421010387002",0.0106694728469754,0.234728402633458
"421010388001",0.0816326530612245,0.96
"421010388002",0.0133344832663081,0.386700014722936
"421010388003",0.00240468577879766,0.0649265160275367
"421010388004",0.0170445943305367,0.374981075271808
"421010389001",0.0148033639128076,1.24348256867584
"421010389002",0.0358209134559988,1.32537379787196
"421010389003",0.0124482257865311,0.460584354101649
"421010390001",0.00467507341067142,0.275829331229614
"421010390002",0.0238881732221327,0.955526928885308
"421010390003",0.0385628234989554,1.34969882246344
"421010390004",0.0559016291590074,1.26260576203965
"421010390005",0.0277923233165132,1.11169293266053
"421010390006",0.0392632906231739,1.25642529994156
"421010390007",0.0225149005178397,0.990655622784947
"421010390008",0.00895664136546123,0.313482447791143
"421019801001",0.0741907092965759,1.03866993015206
"421019802001",0.0243205681657834,1.24034897645495
"421019891001",0.0651515151515151,1.8695652173913
