"","GEOID","avgDeviceResiding","population","quotient"
"1","421010001001",45.8181818181818,1910,41.6865079365079
"2","421010001002",44.8181818181818,2208,49.2657200811359
"3","421010002001",94.7272727272727,2860,30.1919385796545
"4","421010003001",47.2727272727273,878,18.5730769230769
"5","421010003002",51.3636363636364,2507,48.8088495575221
"6","421010004011",49.7272727272727,2516,50.5959780621572
"7","421010004021",26.5454545454545,1881,70.8595890410959
"8","421010004022",1352.54545454545,2216,1.63839225702379
"9","421010005001",313,2543,8.12460063897764
"10","421010006001",91.6363636363636,1222,13.3353174603175
"11","421010007001",13,931,71.6153846153846
"12","421010007002",154.090909090909,1665,10.8053097345133
"13","421010007003",32,1140,35.625
"14","421010008011",19.8181818181818,1514,76.394495412844
"15","421010008031",13.3636363636364,659,49.312925170068
"16","421010008032",14.4545454545455,971,67.1761006289308
"17","421010008033",9.90909090909091,768,77.5045871559633
"18","421010008034",4.09090909090909,376,91.9111111111111
"19","421010008041",54.8181818181818,2439,44.4925373134328
"20","421010008042",12.4545454545455,1263,101.408759124088
"21","421010008043",75.1818181818182,1197,15.9214026602177
"22","421010009011",20.5454545454545,1112,54.1238938053097
"23","421010009012",35.0909090909091,944,26.9015544041451
"24","421010009021",36.7272727272727,1312,35.7227722772277
"25","421010009022",43.2727272727273,1506,34.8025210084034
"26","421010010011",22.4545454545455,1580,70.3643724696356
"27","421010010012",21,1090,51.9047619047619
"28","421010010021",116.181818181818,1347,11.593896713615
"29","421010010022",42.7272727272727,839,19.636170212766
"30","421010010023",108.636363636364,1258,11.5799163179916
"31","421010011011",9.45454545454546,642,67.9038461538461
"32","421010011012",28.0909090909091,992,35.3139158576052
"33","421010011013",75.8181818181818,1180,15.5635491606715
"34","421010011014",10.6363636363636,936,88
"35","421010011021",35.1818181818182,950,27.0025839793282
"36","421010011022",21.5454545454545,1737,80.620253164557
"37","421010012011",20.4545454545455,998,48.7911111111111
"38","421010012012",19.8181818181818,1099,55.454128440367
"39","421010012013",18.1818181818182,1044,57.42
"40","421010012014",13.3636363636364,897,67.1224489795918
"41","421010012021",34.0909090909091,1394,40.8906666666667
"42","421010012022",10.4545454545455,917,87.7130434782609
"43","421010012023",17,1147,67.4705882352941
"44","421010012024",25,1025,41
"45","421010012025",16.7272727272727,732,43.7608695652174
"46","421010013001",15.7272727272727,501,31.8554913294798
"47","421010013002",20.5454545454545,963,46.8716814159292
"48","421010013003",18,621,34.5
"49","421010013004",9.27272727272727,1183,127.578431372549
"50","421010013005",100.909090909091,3643,36.1018018018018
"51","421010014001",34.3636363636364,1561,45.4259259259259
"52","421010014002",20.8181818181818,578,27.764192139738
"53","421010014003",45.3636363636364,2060,45.4108216432866
"54","421010015001",28.5454545454545,988,34.6114649681529
"55","421010015002",56.9090909090909,2239,39.3434504792332
"56","421010016001",41.3636363636364,967,23.378021978022
"57","421010016002",27.2727272727273,1404,51.48
"58","421010017001",33.3636363636364,1258,37.7057220708447
"59","421010017002",27.0909090909091,1856,68.510067114094
"60","421010018001",13.9090909090909,926,66.5751633986928
"61","421010018002",53.8181818181818,2212,41.1013513513513
"62","421010019001",23.6363636363636,1186,50.1769230769231
"63","421010019002",25,1647,65.88
"64","421010019003",24.8181818181818,1206,48.5934065934066
"65","421010020001",38.3636363636364,1182,30.8104265402844
"66","421010020002",26.8181818181818,646,24.0881355932203
"67","421010021001",29.1818181818182,576,19.7383177570093
"68","421010021002",47.0909090909091,1645,34.9324324324324
"69","421010022001",22.2727272727273,658,29.5428571428571
"70","421010022002",19.6363636363636,636,32.3888888888889
"71","421010022003",35,969,27.6857142857143
"72","421010023001",18.9090909090909,938,49.6057692307692
"73","421010023002",106.272727272727,1980,18.6313088109495
"74","421010024001",22.9090909090909,742,32.3888888888889
"75","421010024002",32.7272727272727,1182,36.1166666666667
"76","421010024003",44.9090909090909,1212,26.9878542510121
"77","421010024004",18.6363636363636,676,36.2731707317073
"78","421010024005",38,835,21.9736842105263
"79","421010025001",31.6363636363636,1338,42.2931034482759
"80","421010025002",29.5454545454545,851,28.8030769230769
"81","421010025003",17.7272727272727,585,33
"82","421010025004",47.3636363636364,1469,31.0153550863724
"83","421010027011",33.4545454545455,1047,31.2961956521739
"84","421010027012",31.2727272727273,1232,39.3953488372093
"85","421010027013",52.3636363636364,1955,37.3350694444444
"86","421010027021",87.8181818181818,1465,16.6821946169772
"87","421010027022",26.5454545454545,732,27.5753424657534
"88","421010027023",24.8181818181818,1240,49.96336996337
"89","421010027024",35.5454545454545,982,27.6265984654731
"90","421010028011",48.9090909090909,1135,23.2063197026022
"91","421010028012",24.6363636363636,2046,83.0479704797048
"92","421010028013",46.4545454545455,1414,30.4383561643836
"93","421010028021",33.1818181818182,1299,39.1479452054795
"94","421010028022",88.1818181818182,1303,14.7762886597938
"95","421010028023",44.0909090909091,936,21.2288659793814
"96","421010028024",18.3636363636364,1041,56.6881188118812
"97","421010028025",52,1017,19.5576923076923
"98","421010029001",121.454545454545,1130,9.30389221556886
"99","421010029002",58.8181818181818,936,15.9134466769706
"100","421010029003",83.0909090909091,1879,22.6137855579869
"101","421010030011",20.3636363636364,530,26.0267857142857
"102","421010030012",18.5454545454545,717,38.6617647058823
"103","421010030013",67.0909090909091,1034,15.4119241192412
"104","421010030014",29,946,32.6206896551724
"105","421010030015",17.5454545454545,732,41.720207253886
"106","421010030021",36.6363636363636,1083,29.560794044665
"107","421010030022",17,710,41.7647058823529
"108","421010030023",21.1818181818182,447,21.1030042918455
"109","421010030024",83.1818181818182,580,6.97267759562842
"110","421010031001",37.9090909090909,1271,33.5275779376499
"111","421010031002",20.6363636363636,363,17.5903083700441
"112","421010031003",23.6363636363636,472,19.9692307692308
"113","421010031004",29.6363636363636,771,26.0153374233129
"114","421010031005",35.7272727272727,764,21.3842239185751
"115","421010031006",24.4545454545455,785,32.1003717472119
"116","421010032001",849.363636363636,780,0.91833458204003
"117","421010032002",11.4545454545455,445,38.8492063492063
"118","421010032003",49.2727272727273,918,18.6309963099631
"119","421010032004",27,805,29.8148148148148
"120","421010032005",54.2727272727273,296,5.45393634840871
"121","421010032006",98.9090909090909,936,9.46323529411765
"122","421010033001",72,1958,27.1944444444444
"123","421010033002",40.5454545454545,885,21.8273542600897
"124","421010033003",30.8181818181818,923,29.9498525073746
"125","421010033004",25,576,23.04
"126","421010033005",51.7272727272727,1138,22
"127","421010033006",25.7272727272727,723,28.1024734982332
"128","421010036001",123.636363636364,1809,14.6316176470588
"129","421010036002",23.8181818181818,1419,59.5763358778626
"130","421010036003",75.1818181818182,2826,37.5888754534462
"131","421010036004",42.7272727272727,1088,25.463829787234
"132","421010037011",48.8181818181818,508,10.4059590316574
"133","421010037012",27,1068,39.5555555555556
"134","421010037013",60.6363636363636,1747,28.8110944527736
"135","421010037014",65.5454545454545,1473,22.4729542302358
"136","421010037015",23.2727272727273,1063,45.67578125
"137","421010037021",83.4545454545455,1803,21.6045751633987
"138","421010037022",46.0909090909091,1307,28.3570019723866
"139","421010037023",23,1111,48.304347826087
"140","421010038001",51.0909090909091,1281,25.0729537366548
"141","421010038002",997.818181818182,870,0.871902332361516
"142","421010038003",38.6363636363636,959,24.8211764705882
"143","421010038004",29.4545454545455,905,30.7253086419753
"144","421010039011",54.0909090909091,1376,25.4386554621849
"145","421010039012",47.1818181818182,1447,30.6685934489403
"146","421010039013",61.6363636363636,2124,34.4601769911504
"147","421010039014",59,1239,21
"148","421010039021",39.0909090909091,1938,49.5767441860465
"149","421010039022",58.6363636363636,893,15.2294573643411
"150","421010039023",53.4545454545455,881,16.4812925170068
"151","421010039024",91.6363636363636,2088,22.7857142857143
"152","421010040011",47.6363636363636,1354,28.4236641221374
"153","421010040012",34,887,26.0882352941176
"154","421010040013",17.7272727272727,947,53.4205128205128
"155","421010040014",38.3636363636364,977,25.4668246445498
"156","421010040021",43.5454545454545,997,22.8956158663883
"157","421010040022",75.2727272727273,1818,24.1521739130435
"158","421010040023",44.6363636363636,1185,26.5478615071283
"159","421010040024",38.3636363636364,757,19.7322274881517
"160","421010041011",46.4545454545455,547,11.7749510763209
"161","421010041012",45.6363636363636,1774,38.8725099601594
"162","421010041013",44.4545454545455,1533,34.4846625766871
"163","421010041014",36.8181818181818,1783,48.4271604938272
"164","421010041021",1010.81818181818,2881,2.85016638186887
"165","421010041022",92.3636363636364,3257,35.2627952755906
"166","421010041023",40.8181818181818,1408,34.4944320712695
"167","421010041024",53.3636363636364,1125,21.0817717206133
"168","421010042011",39.4545454545455,966,24.4838709677419
"169","421010042012",91.9090909090909,1980,21.5430267062315
"170","421010042013",41.2727272727273,899,21.7819383259912
"171","421010042014",58.6363636363636,1481,25.2573643410853
"172","421010042021",61.6363636363636,1360,22.0648967551622
"173","421010042022",41.1818181818182,1377,33.4370860927152
"174","421010042023",54.9090909090909,1963,35.75
"175","421010042024",35.0909090909091,951,27.1010362694301
"176","421010050001",21.0909090909091,0,0
"177","421010054001",39.9090909090909,1577,39.5148063781321
"178","421010055001",60.7272727272727,1527,25.1452095808383
"179","421010055002",35,732,20.9142857142857
"180","421010055003",84.4545454545455,4062,48.0968783638321
"181","421010056001",53.1818181818182,1158,21.774358974359
"182","421010060001",126,1894,15.031746031746
"183","421010060002",45.7272727272727,1460,31.9284294234592
"184","421010060003",28.1818181818182,567,20.1193548387097
"185","421010060004",60.6363636363636,543,8.95502248875562
"186","421010060005",56.9090909090909,2003,35.1964856230032
"187","421010061001",76.9090909090909,2034,26.4468085106383
"188","421010061002",38.9090909090909,725,18.6331775700935
"189","421010062001",33.8181818181818,1108,32.763440860215
"190","421010062002",16.5454545454545,1415,85.521978021978
"191","421010062003",62,648,10.4516129032258
"192","421010062004",123.909090909091,1823,14.7123991195891
"193","421010063001",25.7272727272727,424,16.4805653710247
"194","421010063002",35.8181818181818,1007,28.1142131979695
"195","421010063003",31.2727272727273,1119,35.781976744186
"196","421010063004",64.2727272727273,1962,30.5261669024045
"197","421010064001",37.9090909090909,1161,30.6258992805755
"198","421010064002",35.5454545454545,1391,39.1329923273657
"199","421010064003",58,1878,32.3793103448276
"200","421010065001",18.8181818181818,367,19.5024154589372
"201","421010065002",19.4545454545455,511,26.2663551401869
"202","421010065003",28,1216,43.4285714285714
"203","421010065004",64.1818181818182,673,10.485835694051
"204","421010065005",27.7272727272727,574,20.7016393442623
"205","421010065006",113.181818181818,1085,9.5863453815261
"206","421010066001",31,1242,40.0645161290323
"207","421010066002",14.1818181818182,280,19.7435897435897
"208","421010066003",55.8181818181818,743,13.3110749185668
"209","421010066004",28.4545454545455,1206,42.3833865814697
"210","421010067001",35.8181818181818,1590,44.3908629441624
"211","421010067002",17.5454545454545,744,42.4041450777202
"212","421010067003",28.3636363636364,634,22.3525641025641
"213","421010067004",1566.54545454545,1482,0.946030640668524
"214","421010067005",60.5454545454545,1190,19.6546546546547
"215","421010067006",29.9090909090909,484,16.1823708206687
"216","421010067007",46.2727272727273,958,20.7033398821218
"217","421010069001",47.7272727272727,1681,35.2209523809524
"218","421010069002",23.7272727272727,777,32.7471264367816
"219","421010069003",60.0909090909091,1021,16.9909228441755
"220","421010070001",56.3636363636364,1193,21.1661290322581
"221","421010070002",29.5454545454545,360,12.1846153846154
"222","421010070003",33.0909090909091,652,19.7032967032967
"223","421010070004",28.6363636363636,338,11.8031746031746
"224","421010070005",23.4545454545455,986,42.0387596899225
"225","421010071011",18.8181818181818,1107,58.8260869565217
"226","421010071012",27.7272727272727,930,33.5409836065574
"227","421010071013",30.1818181818182,558,18.4879518072289
"228","421010071021",37,894,24.1621621621622
"229","421010071022",43.5454545454545,1271,29.187891440501
"230","421010071023",47.5454545454545,532,11.189292543021
"231","421010071024",24.9090909090909,920,36.9343065693431
"232","421010071025",46.5454545454545,953,20.474609375
"233","421010072001",32,786,24.5625
"234","421010072002",69.2727272727273,711,10.2637795275591
"235","421010072003",23.6363636363636,451,19.0807692307692
"236","421010072004",22.5454545454545,843,37.3911290322581
"237","421010072005",27.4545454545455,840,30.5960264900662
"238","421010072006",30.1818181818182,835,27.6656626506024
"239","421010073001",20.3636363636364,524,25.7321428571429
"240","421010073002",17.3636363636364,973,56.0366492146597
"241","421010073003",10.5454545454545,471,44.6637931034483
"242","421010073004",34.0909090909091,991,29.0693333333333
"243","421010074001",18.2727272727273,687,37.5970149253731
"244","421010074002",22.7272727272727,769,33.836
"245","421010074003",28.6363636363636,1122,39.1809523809524
"246","421010074004",64.8181818181818,1618,24.9621318373072
"247","421010074005",47.7272727272727,524,10.9790476190476
"248","421010077001",32.5454545454545,1155,35.4888268156425
"249","421010077002",58.4545454545455,717,12.2659409020218
"250","421010078001",16.1818181818182,1136,70.2022471910112
"251","421010078002",10,430,43
"252","421010078003",18.4545454545455,603,32.6748768472906
"253","421010078004",10,732,73.2
"254","421010078005",19.7272727272727,1262,63.9723502304147
"255","421010079001",15.8181818181818,850,53.735632183908
"256","421010079002",20.1818181818182,1300,64.4144144144144
"257","421010079003",20,1394,69.7
"258","421010079004",20.1818181818182,919,45.536036036036
"259","421010080001",13.5454545454545,1185,87.4832214765101
"260","421010080002",18.6363636363636,721,38.6878048780488
"261","421010080003",16.7272727272727,759,45.375
"262","421010080004",38.6363636363636,1142,29.5576470588235
"263","421010081011",1172.45454545455,1687,1.43886175079476
"264","421010081012",34,470,13.8235294117647
"265","421010081013",25.1818181818182,1022,40.5848375451263
"266","421010081021",38.8181818181818,677,17.440281030445
"267","421010081022",28,1207,43.1071428571429
"268","421010081023",25.7272727272727,959,37.2756183745583
"269","421010081024",42.7272727272727,1877,43.9297872340426
"270","421010081025",20.1818181818182,634,31.4144144144144
"271","421010082001",34.3636363636364,501,14.5793650793651
"272","421010082002",39.1818181818182,1610,41.0904872389791
"273","421010082003",31.9090909090909,1118,35.037037037037
"274","421010082004",31,259,8.35483870967742
"275","421010082005",21.4545454545455,591,27.5466101694915
"276","421010082006",50.5454545454545,1255,24.8291366906475
"277","421010082007",29.5454545454545,548,18.5476923076923
"278","421010083011",42.0909090909091,1529,36.3261339092873
"279","421010083012",39.7272727272727,2069,52.0800915331808
"280","421010083013",35.1818181818182,1030,29.2764857881137
"281","421010083021",23.0909090909091,984,42.6141732283465
"282","421010083022",55.3636363636364,1961,35.4203612479475
"283","421010083023",37.3636363636364,1027,27.4866180048662
"284","421010083024",34.8181818181818,1161,33.3446475195822
"285","421010084001",30.3636363636364,935,30.7934131736527
"286","421010084002",90.9090909090909,1300,14.3
"287","421010084003",37.2727272727273,414,11.1073170731707
"288","421010084004",98.4545454545455,622,6.31763619575254
"289","421010084005",20.6363636363636,1031,49.9603524229075
"290","421010084006",56.5454545454545,748,13.2282958199357
"291","421010085001",18.9090909090909,274,14.4903846153846
"292","421010085002",28.9090909090909,1178,40.748427672956
"293","421010085003",28.2727272727273,1034,36.572347266881
"294","421010085004",33.7272727272727,477,14.1428571428571
"295","421010085005",43.3636363636364,1190,27.4423480083857
"296","421010085006",32.0909090909091,1307,40.728045325779
"297","421010085007",39.7272727272727,1343,33.8054919908467
"298","421010086011",38.5454545454545,1473,38.2146226415094
"299","421010086012",55.2727272727273,1839,33.2713815789474
"300","421010086021",185.090909090909,868,4.68958742632613
"301","421010086022",29.8181818181818,1287,43.1615853658537
"302","421010086023",20.0909090909091,785,39.0723981900452
"303","421010087011",12.8181818181818,1303,101.652482269504
"304","421010087012",64.0909090909091,1029,16.0553191489362
"305","421010087013",38.8181818181818,1335,34.3911007025761
"306","421010087021",68.1818181818182,1347,19.756
"307","421010087022",25.3636363636364,1275,50.2688172043011
"308","421010088011",22,1881,85.5
"309","421010088012",26.1818181818182,408,15.5833333333333
"310","421010088021",19.1818181818182,987,51.4549763033175
"311","421010088022",29.7272727272727,1589,53.4525993883792
"312","421010088023",74,2824,38.1621621621622
"313","421010088024",29.0909090909091,903,31.040625
"314","421010090001",20,455,22.75
"315","421010090002",49,2273,46.3877551020408
"316","421010090003",49.6363636363636,1503,30.2802197802198
"317","421010090004",80.0909090909091,1970,24.5970488081725
"318","421010091001",19.6363636363636,817,41.6064814814815
"319","421010091002",50.3636363636364,884,17.5523465703971
"320","421010091003",999.545454545455,1257,1.25757162346521
"321","421010092001",61.6363636363636,1684,27.3215339233038
"322","421010092002",62,1661,26.7903225806452
"323","421010093001",23.3636363636364,868,37.1517509727626
"324","421010093002",30.0909090909091,1163,38.6495468277946
"325","421010093003",27.9090909090909,686,24.5798045602606
"326","421010093004",22.9090909090909,1016,44.3492063492063
"327","421010093005",83.5454545454545,988,11.8258977149075
"328","421010094001",25.4545454545455,773,30.3678571428571
"329","421010094002",66.3636363636364,1280,19.2876712328767
"330","421010094003",23.3636363636364,668,28.591439688716
"331","421010094004",39,1531,39.2564102564103
"332","421010095001",16.2727272727273,722,44.3687150837989
"333","421010095002",19.8181818181818,813,41.0229357798165
"334","421010095003",38.5454545454545,346,8.97641509433962
"335","421010095004",41.3636363636364,1380,33.3626373626374
"336","421010096001",39.0909090909091,951,24.3279069767442
"337","421010096002",38.0909090909091,776,20.3723150357995
"338","421010096003",25.4545454545455,729,28.6392857142857
"339","421010096004",31.3636363636364,1068,34.0521739130435
"340","421010096005",28.1818181818182,953,33.8161290322581
"341","421010098011",34.7272727272727,1071,30.8403141361257
"342","421010098012",39,1247,31.974358974359
"343","421010098021",56.3636363636364,1788,31.7225806451613
"344","421010098022",59.0909090909091,1963,33.22
"345","421010098023",58.9090909090909,2439,41.4027777777778
"346","421010100001",55.6363636363636,1368,24.5882352941176
"347","421010100002",23.8181818181818,1193,50.087786259542
"348","421010100003",21.1818181818182,798,37.6738197424893
"349","421010100004",52,1504,28.9230769230769
"350","421010101001",26.6363636363636,1544,57.9658703071672
"351","421010101002",36.7272727272727,515,14.0222772277228
"352","421010101003",24.7272727272727,2099,84.8860294117647
"353","421010101004",27.8181818181818,1154,41.483660130719
"354","421010101005",17.4545454545455,455,26.0677083333333
"355","421010101006",36.6363636363636,820,22.3821339950372
"356","421010101007",24.6363636363636,338,13.719557195572
"357","421010102001",31.0909090909091,668,21.4853801169591
"358","421010102002",33.2727272727273,1364,40.9945355191257
"359","421010102003",64.8181818181818,1312,20.2412342215989
"360","421010103001",57.2727272727273,1908,33.3142857142857
"361","421010103002",47.6363636363636,908,19.0610687022901
"362","421010104001",25.6363636363636,696,27.1489361702128
"363","421010104002",15.4545454545455,381,24.6529411764706
"364","421010104003",54.4545454545455,1178,21.6327212020033
"365","421010104004",39.3636363636364,1572,39.9353348729792
"366","421010105001",10.4545454545455,265,25.3478260869565
"367","421010105002",60,2104,35.0666666666667
"368","421010105003",39.8181818181818,2175,54.6232876712329
"369","421010106001",17.8181818181818,759,42.5969387755102
"370","421010106002",72.3636363636364,945,13.0590452261307
"371","421010107001",16.2727272727273,681,41.8491620111732
"372","421010107002",40.7272727272727,1444,35.4553571428571
"373","421010107003",17.7272727272727,419,23.6358974358974
"374","421010107004",35.2727272727273,1068,30.2783505154639
"375","421010108001",19,702,36.9473684210526
"376","421010108002",29.9090909090909,605,20.2279635258359
"377","421010108003",44.5454545454545,1072,24.065306122449
"378","421010108004",26.4545454545455,1166,44.0756013745704
"379","421010108005",27.0909090909091,713,26.3187919463087
"380","421010109001",38.8181818181818,1106,28.4918032786885
"381","421010109002",25.9090909090909,457,17.6385964912281
"382","421010109003",25.1818181818182,1227,48.7256317689531
"383","421010110001",19,631,33.2105263157895
"384","421010110002",58.3636363636364,709,12.1479750778816
"385","421010110003",42.2727272727273,658,15.5655913978495
"386","421010110004",27.5454545454545,1551,56.3069306930693
"387","421010111001",131.727272727273,464,3.5224292615597
"388","421010111002",37.8181818181818,696,18.4038461538462
"389","421010111003",18.8181818181818,446,23.7004830917874
"390","421010111004",46.4545454545455,1446,31.1272015655577
"391","421010111005",38.2727272727273,652,17.0356294536817
"392","421010112001",17.7272727272727,1616,91.1589743589744
"393","421010112002",18.5454545454545,667,35.9656862745098
"394","421010112003",23.6363636363636,1008,42.6461538461538
"395","421010112004",38.8181818181818,1186,30.5526932084309
"396","421010112005",23.2727272727273,604,25.953125
"397","421010112006",32.6363636363636,407,12.4707520891365
"398","421010112007",37.0909090909091,451,12.1593137254902
"399","421010113001",131.636363636364,1169,8.88052486187845
"400","421010113002",53.7272727272727,973,18.1099830795262
"401","421010113003",111.636363636364,1202,10.7671009771987
"402","421010114001",75.3636363636364,3026,40.1519903498191
"403","421010114002",22.4545454545455,354,15.7651821862348
"404","421010114003",26.7272727272727,925,34.608843537415
"405","421010114004",56.2727272727273,617,10.9644588045234
"406","421010114005",48.8181818181818,1462,29.9478584729981
"407","421010114006",41.7272727272727,480,11.5032679738562
"408","421010115001",55.7272727272727,1156,20.7438825448613
"409","421010115002",53.7272727272727,1241,23.0981387478849
"410","421010115003",43.5454545454545,1477,33.9185803757829
"411","421010115004",30.8181818181818,598,19.4041297935103
"412","421010117001",75,1957,26.0933333333333
"413","421010118001",26.5454545454545,1229,46.2979452054795
"414","421010118002",44.5454545454545,1008,22.6285714285714
"415","421010118003",53.7272727272727,1186,22.0744500846024
"416","421010118004",21.9090909090909,711,32.4522821576764
"417","421010118005",53.9090909090909,1058,19.6256323777403
"418","421010118006",27.5454545454545,426,15.4653465346535
"419","421010119001",44.4545454545455,1436,32.3026584867076
"420","421010119002",59.7272727272727,1684,28.1948249619482
"421","421010119003",32.5454545454545,828,25.4413407821229
"422","421010119004",18.4545454545455,681,36.9014778325123
"423","421010119005",17.5454545454545,532,30.3212435233161
"424","421010120001",24.6363636363636,479,19.4428044280443
"425","421010120002",45.6363636363636,1411,30.9183266932271
"426","421010121001",47.1818181818182,1286,27.2562620423892
"427","421010121002",50.2727272727273,1903,37.8535262206148
"428","421010122011",28,526,18.7857142857143
"429","421010122012",49.3636363636364,2250,45.5801104972376
"430","421010122031",25.9090909090909,633,24.4315789473684
"431","421010122041",40.7272727272727,2058,50.53125
"432","421010122042",62.9090909090909,2207,35.0823699421965
"433","421010125001",56,1845,32.9464285714286
"434","421010125002",52.1818181818182,2710,51.9337979094077
"435","421010125003",48.7272727272727,820,16.8283582089552
"436","421010131001",397.090909090909,961,2.42010073260073
"437","421010131002",10.9090909090909,804,73.7
"438","421010132001",26.1818181818182,1075,41.0590277777778
"439","421010132002",80.1818181818182,1703,21.2392290249433
"440","421010133001",40.9090909090909,1965,48.0333333333333
"441","421010133002",79.6363636363636,1135,14.2522831050228
"442","421010134011",17.2727272727273,1044,60.4421052631579
"443","421010134012",15.5454545454545,1460,93.9181286549708
"444","421010134021",18.0909090909091,814,44.9949748743719
"445","421010134022",45.7272727272727,648,14.1709741550696
"446","421010134023",22.0909090909091,1626,73.6049382716049
"447","421010135001",23.8181818181818,622,26.1145038167939
"448","421010135002",40.6363636363636,556,13.6823266219239
"449","421010135003",15.4545454545455,886,57.3294117647059
"450","421010135004",136.818181818182,1923,14.0551495016611
"451","421010136011",17.0909090909091,1237,72.3776595744681
"452","421010136012",23.1818181818182,1595,68.8039215686274
"453","421010136021",10.2727272727273,617,60.0619469026549
"454","421010136022",24.6363636363636,1391,56.4612546125461
"455","421010136023",11.5454545454545,1111,96.2283464566929
"456","421010136024",13.9090909090909,708,50.9019607843137
"457","421010137001",28.0909090909091,1201,42.7540453074434
"458","421010137002",28,845,30.1785714285714
"459","421010137003",29.8181818181818,1044,35.0121951219512
"460","421010137004",27.0909090909091,768,28.3489932885906
"461","421010137005",76,1297,17.0657894736842
"462","421010138001",16.8181818181818,472,28.0648648648649
"463","421010138002",37.1818181818182,1500,40.3422982885086
"464","421010139001",20,76,3.8
"465","421010139002",42.9090909090909,816,19.0169491525424
"466","421010139003",26.6363636363636,865,32.4744027303754
"467","421010140001",69.6363636363636,1898,27.2558746736292
"468","421010140002",32.6363636363636,581,17.8022284122563
"469","421010140003",66.7272727272727,1409,21.1158038147139
"470","421010141001",62.2727272727273,1600,25.6934306569343
"471","421010141002",24,1059,44.125
"472","421010142001",25.2727272727273,1469,58.1258992805755
"473","421010142002",247.454545454545,3729,15.0694342395298
"474","421010143001",16.7272727272727,1159,69.2880434782609
"475","421010143002",11.3636363636364,776,68.288
"476","421010144001",16.4545454545455,801,48.6795580110497
"477","421010144002",74.1818181818182,2387,32.1776960784314
"478","421010144003",409.818181818182,1282,3.1282165039929
"479","421010145001",53.0909090909091,890,16.763698630137
"480","421010145002",19.8181818181818,978,49.348623853211
"481","421010146001",166.363636363636,2595,15.5983606557377
"482","421010146002",13.4545454545455,886,65.8513513513514
"483","421010146003",20.5454545454545,824,40.1061946902655
"484","421010147001",54.4545454545455,1070,19.6494156928214
"485","421010147002",99.0909090909091,1616,16.3082568807339
"486","421010148001",79.1818181818182,804,10.1538461538462
"487","421010149001",34.2727272727273,1028,29.9946949602122
"488","421010149002",64,307,4.796875
"489","421010149003",35.8181818181818,734,20.492385786802
"490","421010149004",15.8181818181818,420,26.551724137931
"491","421010149005",13,844,64.9230769230769
"492","421010149006",19.2727272727273,558,28.9528301886792
"493","421010151011",33.2727272727273,1248,37.5081967213115
"494","421010151012",34.4545454545455,1031,29.9234828496042
"495","421010151021",71.1818181818182,1647,23.1379310344828
"496","421010151022",36.2727272727273,1801,49.6516290726817
"497","421010151023",38.1818181818182,794,20.7952380952381
"498","421010152001",31.4545454545455,927,29.471098265896
"499","421010152002",61.0909090909091,1392,22.7857142857143
"500","421010152003",36.9090909090909,1277,34.5985221674877
"501","421010152004",51.8181818181818,1180,22.7719298245614
"502","421010152005",18.0909090909091,571,31.5628140703518
"503","421010153001",25.9090909090909,1135,43.8070175438597
"504","421010153002",42.1818181818182,581,13.7737068965517
"505","421010153003",36.2727272727273,937,25.8320802005013
"506","421010153004",132.818181818182,1433,10.7891854893908
"507","421010156001",23.9090909090909,811,33.9201520912547
"508","421010156002",23.0909090909091,785,33.996062992126
"509","421010157001",15.9090909090909,453,28.4742857142857
"510","421010157002",14.6363636363636,974,66.5465838509317
"511","421010157003",37.5454545454545,1160,30.8958837772397
"512","421010158001",29.9090909090909,1536,51.355623100304
"513","421010158002",11.4545454545455,1172,102.31746031746
"514","421010158003",23.2727272727273,1046,44.9453125
"515","421010158004",10.8181818181818,809,74.781512605042
"516","421010158005",29,1294,44.6206896551724
"517","421010158006",13.8181818181818,1112,80.4736842105263
"518","421010160001",101,459,4.54455445544554
"519","421010160002",24,1052,43.8333333333333
"520","421010160003",49.3636363636364,1625,32.9189686924494
"521","421010160004",12.3636363636364,798,64.5441176470588
"522","421010160005",1596.72727272727,917,0.574299703939877
"523","421010160006",18.6363636363636,993,53.2829268292683
"524","421010160007",23.7272727272727,1152,48.551724137931
"525","421010161001",105.363636363636,2915,27.6660914581536
"526","421010161002",72,1596,22.1666666666667
"527","421010161003",16.3636363636364,684,41.8
"528","421010161004",25.8181818181818,1008,39.0422535211268
"529","421010162001",16.1818181818182,798,49.314606741573
"530","421010162002",25.3636363636364,888,35.010752688172
"531","421010162003",9.72727272727273,412,42.3551401869159
"532","421010163001",20.0909090909091,661,32.9004524886878
"533","421010163002",25,505,20.2
"534","421010163003",10.6363636363636,800,75.2136752136752
"535","421010163004",30,1039,34.6333333333333
"536","421010164001",29.2727272727273,1081,36.9285714285714
"537","421010164002",16.0909090909091,394,24.4858757062147
"538","421010164003",42.6363636363636,1842,43.2025586353945
"539","421010164004",99.7272727272727,1316,13.1959890610757
"540","421010165001",15.8181818181818,198,12.5172413793103
"541","421010165002",22.4545454545455,655,29.17004048583
"542","421010165003",38.0909090909091,2327,61.090692124105
"543","421010166001",50.8181818181818,1723,33.9051878354204
"544","421010166002",25.8181818181818,518,20.0633802816901
"545","421010167011",37.5454545454545,861,22.9322033898305
"546","421010167012",24.6363636363636,619,25.1254612546125
"547","421010167013",94.5454545454545,1329,14.0567307692308
"548","421010167021",33.1818181818182,603,18.172602739726
"549","421010167022",20,628,31.4
"550","421010167023",24.6363636363636,764,31.0110701107011
"551","421010167024",32.8181818181818,709,21.6038781163435
"552","421010168001",67.7272727272727,752,11.103355704698
"553","421010168002",14.6363636363636,190,12.9813664596273
"554","421010168003",21.1818181818182,654,30.8755364806867
"555","421010168004",103.363636363636,545,5.2726473175022
"556","421010168005",12.8181818181818,349,27.2269503546099
"557","421010168006",55.8181818181818,475,8.50977198697068
"558","421010169011",42.6363636363636,1274,29.8805970149254
"559","421010169012",25.7272727272727,424,16.4805653710247
"560","421010169013",51.4545454545455,1394,27.0918727915194
"561","421010169021",39.8181818181818,1570,39.4292237442922
"562","421010169022",34.7272727272727,690,19.869109947644
"563","421010169023",76.7272727272727,1448,18.8720379146919
"564","421010169024",50.3636363636364,704,13.9783393501805
"565","421010170001",354,1473,4.16101694915254
"566","421010170002",29.0909090909091,515,17.703125
"567","421010170003",19.5454545454545,896,45.8418604651163
"568","421010171001",24.1818181818182,813,33.6203007518797
"569","421010171002",29,668,23.0344827586207
"570","421010171003",52.9090909090909,1203,22.7371134020619
"571","421010171004",22.0909090909091,881,39.880658436214
"572","421010172011",21.0909090909091,949,44.9956896551724
"573","421010172012",41.2727272727273,933,22.6057268722467
"574","421010172013",29.7272727272727,953,32.0581039755352
"575","421010172021",55.0909090909091,1255,22.7805280528053
"576","421010172022",33.4545454545455,1026,30.6684782608696
"577","421010172023",23.6363636363636,835,35.3269230769231
"578","421010172024",30.0909090909091,726,24.1268882175227
"579","421010173001",27.8181818181818,870,31.2745098039216
"580","421010173002",69.7272727272727,1668,23.9217731421121
"581","421010174001",36.2727272727273,1490,41.077694235589
"582","421010174002",43.5454545454545,902,20.713987473904
"583","421010175001",43.7272727272727,2194,50.1746361746362
"584","421010175002",35.5454545454545,769,21.6342710997442
"585","421010175003",114.727272727273,1191,10.3811410459588
"586","421010175004",24,651,27.125
"587","421010175005",30.4545454545455,1030,33.8208955223881
"588","421010175006",23.4545454545455,1108,47.2403100775194
"589","421010176011",18.3636363636364,341,18.5693069306931
"590","421010176012",19.1818181818182,545,28.4123222748815
"591","421010176013",25.0909090909091,1932,77
"592","421010176014",42.1818181818182,1090,25.8405172413793
"593","421010176015",14.1818181818182,1064,75.025641025641
"594","421010176021",52.3636363636364,1745,33.3246527777778
"595","421010176022",15.7272727272727,965,61.3583815028902
"596","421010176023",43.6363636363636,1893,43.38125
"597","421010177011",2997.81818181818,1128,0.37627365356623
"598","421010177012",25.3636363636364,1009,39.7813620071685
"599","421010177013",31.1818181818182,1066,34.1865889212828
"600","421010177021",17.6363636363636,555,31.4690721649485
"601","421010177022",27.1818181818182,1489,54.7792642140468
"602","421010177023",25.1818181818182,521,20.6895306859206
"603","421010177024",31.7272727272727,1371,43.2120343839542
"604","421010177025",28.8181818181818,1252,43.4447949526814
"605","421010178001",26.7272727272727,989,37.0034013605442
"606","421010178002",27.6363636363636,1150,41.6118421052632
"607","421010178003",23.2727272727273,1033,44.38671875
"608","421010178004",31.6363636363636,419,13.2442528735632
"609","421010178005",38.2727272727273,837,21.8693586698337
"610","421010178006",21.7272727272727,382,17.581589958159
"611","421010178007",23.4545454545455,1052,44.8527131782946
"612","421010179001",25.8181818181818,415,16.0739436619718
"613","421010179002",61.5454545454545,1136,18.4579025110783
"614","421010179003",24.2727272727273,1185,48.8202247191011
"615","421010179004",52.9090909090909,1417,26.7817869415808
"616","421010179005",103.454545454545,2126,20.5500878734622
"617","421010180011",23.7272727272727,1006,42.3984674329502
"618","421010180012",33.8181818181818,1263,37.3467741935484
"619","421010180013",51.7272727272727,984,19.0228471001757
"620","421010180021",54.6363636363636,1258,23.0249584026622
"621","421010180022",53.1818181818182,917,17.242735042735
"622","421010180023",58.6363636363636,2757,47.0186046511628
"623","421010180024",22.5454545454545,1106,49.0564516129032
"624","421010183001",79.9090909090909,627,7.84641638225256
"625","421010183002",136.454545454545,1095,8.02465023317788
"626","421010183003",97.0909090909091,1728,17.7977528089888
"627","421010183004",59.3636363636364,555,9.34915773353752
"628","421010184001",34.2727272727273,808,23.5755968169761
"629","421010184002",67.0909090909091,1434,21.3739837398374
"630","421010188001",72.6363636363636,1324,18.2277847309136
"631","421010188002",31.3636363636364,1290,41.1304347826087
"632","421010188003",42.1818181818182,1533,36.3426724137931
"633","421010188004",40.2727272727273,564,14.0045146726862
"634","421010188005",23.7272727272727,519,21.8735632183908
"635","421010188006",26.3636363636364,1220,46.2758620689655
"636","421010188007",57,2255,39.5614035087719
"637","421010190001",49,1514,30.8979591836735
"638","421010190002",52.2727272727273,2046,39.1408695652174
"639","421010190003",58,1219,21.0172413793103
"640","421010190004",46.8181818181818,1507,32.1883495145631
"641","421010190005",66.6363636363636,1464,21.9699863574352
"642","421010191001",37.6363636363636,942,25.0289855072464
"643","421010191002",31.0909090909091,756,24.3157894736842
"644","421010191003",66.8181818181818,1957,29.2884353741497
"645","421010191004",46.9090909090909,2002,42.6782945736434
"646","421010191005",70.6363636363636,2176,30.8056628056628
"647","421010191006",31.5454545454545,361,11.4438040345821
"648","421010192001",27.1818181818182,754,27.7391304347826
"649","421010192002",65.9090909090909,1438,21.8179310344828
"650","421010192003",40.6363636363636,2288,56.3042505592841
"651","421010192004",64.3636363636364,2687,41.7471751412429
"652","421010192005",58.7272727272727,1183,20.1439628482972
"653","421010192006",13.6363636363636,371,27.2066666666667
"654","421010195011",45,1111,24.6888888888889
"655","421010195012",76.3636363636364,1788,23.4142857142857
"656","421010195013",51.8181818181818,1533,29.5842105263158
"657","421010195021",39.2727272727273,1157,29.4606481481481
"658","421010195022",59,2153,36.4915254237288
"659","421010195023",36.0909090909091,422,11.6926952141058
"660","421010197001",32.3636363636364,1433,44.2780898876404
"661","421010197002",42.7272727272727,1392,32.5787234042553
"662","421010197003",30.1818181818182,951,31.5090361445783
"663","421010197004",25.7272727272727,787,30.5901060070671
"664","421010197005",33.8181818181818,1434,42.4032258064516
"665","421010197006",31.1818181818182,1067,34.2186588921283
"666","421010198001",76.1818181818182,1157,15.1873508353222
"667","421010198002",19.9090909090909,974,48.9223744292237
"668","421010198003",16.1818181818182,1231,76.0730337078652
"669","421010198004",57.9090909090909,1553,26.817896389325
"670","421010198005",23.3636363636364,1041,44.556420233463
"671","421010198006",25.4545454545455,922,36.2214285714286
"672","421010199001",66.4545454545455,1141,17.1696306429549
"673","421010199002",127.090909090909,1305,10.2682403433476
"674","421010199003",41.0909090909091,860,20.929203539823
"675","421010199004",68.4545454545455,1192,17.4130146082337
"676","421010200001",45.2727272727273,364,8.04016064257028
"677","421010200002",40.4545454545455,956,23.6314606741573
"678","421010201011",63.0909090909091,1596,25.2968299711816
"679","421010201012",25.8181818181818,643,24.9049295774648
"680","421010201013",36.6363636363636,1313,35.8387096774194
"681","421010201021",27.0909090909091,1018,37.5771812080537
"682","421010201022",14.9090909090909,585,39.2378048780488
"683","421010201023",40.1818181818182,1002,24.9366515837104
"684","421010201024",35.9090909090909,810,22.5569620253165
"685","421010202001",51.8181818181818,1338,25.8210526315789
"686","421010202002",36.5454545454545,597,16.3358208955224
"687","421010202003",19.6363636363636,443,22.5601851851852
"688","421010202004",190.545454545455,638,3.34828244274809
"689","421010202005",62.6363636363636,663,10.5849056603774
"690","421010202006",21.6363636363636,1125,51.9957983193277
"691","421010203001",57.3636363636364,1235,21.5293185419968
"692","421010203002",64,1607,25.109375
"693","421010204001",18.1818181818182,660,36.3
"694","421010204002",35.9090909090909,840,23.3924050632911
"695","421010204003",27.2727272727273,753,27.61
"696","421010204004",32.7272727272727,491,15.0027777777778
"697","421010205001",64.8181818181818,1561,24.0827489481066
"698","421010205002",55.3636363636364,1017,18.3694581280788
"699","421010206001",83.8181818181818,1695,20.2223427331887
"700","421010207001",55.6363636363636,1488,26.7450980392157
"701","421010207002",100.454545454545,1028,10.2334841628959
"702","421010207003",35.8181818181818,2020,56.3959390862944
"703","421010207004",58.6363636363636,1406,23.9782945736434
"704","421010208001",36.9090909090909,1576,42.6995073891626
"705","421010208002",15,713,47.5333333333333
"706","421010209001",14.6363636363636,847,57.8695652173913
"707","421010209002",22.6363636363636,446,19.7028112449799
"708","421010209003",19.8181818181818,711,35.8761467889908
"709","421010209004",20.2727272727273,1081,53.3228699551569
"710","421010210001",35.0909090909091,1107,31.5466321243523
"711","421010210002",15.2727272727273,550,36.0119047619048
"712","421010210003",26.2727272727273,1143,43.5051903114187
"713","421010210004",28.6363636363636,1311,45.7809523809524
"714","421010210005",25.4545454545455,1231,48.3607142857143
"715","421010211001",37.3636363636364,1171,31.3406326034063
"716","421010211002",39.3636363636364,1310,33.2794457274827
"717","421010212001",152.545454545455,1248,8.18116805721097
"718","421010212002",41.6363636363636,1171,28.1244541484716
"719","421010213001",19.3636363636364,467,24.1173708920188
"720","421010213002",37.0909090909091,519,13.9926470588235
"721","421010213003",18.8181818181818,1017,54.0434782608696
"722","421010213004",34.8181818181818,809,23.2349869451697
"723","421010213005",20.7272727272727,673,32.469298245614
"724","421010214001",24.6363636363636,978,39.6974169741697
"725","421010214002",20.8181818181818,960,46.1135371179039
"726","421010214003",8,552,69
"727","421010214004",37.2727272727273,650,17.4390243902439
"728","421010214005",31.2727272727273,840,26.8604651162791
"729","421010215001",27.7272727272727,997,35.9573770491803
"730","421010215002",43,1346,31.3023255813953
"731","421010215003",492.181818181818,751,1.52585888437385
"732","421010215004",42.2727272727273,785,18.5698924731183
"733","421010216001",50.0909090909091,998,19.9237749546279
"734","421010216002",153.363636363636,1374,8.95909899229401
"735","421010217001",70.3636363636364,1980,28.1395348837209
"736","421010217002",79.8181818181818,1972,24.7061503416856
"737","421010217003",53.9090909090909,877,16.2681281618887
"738","421010217004",33,898,27.2121212121212
"739","421010218001",150.090909090909,1765,11.7595396729255
"740","421010218002",52.8181818181818,2300,43.5456110154905
"741","421010218003",32.5454545454545,1076,33.0614525139665
"742","421010219001",85.5454545454545,1434,16.7630180658874
"743","421010220001",52.5454545454545,1534,29.1937716262976
"744","421010231001",38.1818181818182,1275,33.3928571428571
"745","421010235001",22.6363636363636,1300,57.429718875502
"746","421010236001",16.3636363636364,585,35.75
"747","421010236002",21,1105,52.6190476190476
"748","421010236003",19.5454545454545,701,35.8651162790698
"749","421010237001",38.8181818181818,986,25.4004683840749
"750","421010237002",166.818181818182,1575,9.44141689373297
"751","421010237003",27.5454545454545,716,25.993399339934
"752","421010237004",39.2727272727273,1186,30.1990740740741
"753","421010238001",23.3636363636364,648,27.7354085603113
"754","421010238002",17.6363636363636,433,24.5515463917526
"755","421010238003",19.4545454545455,977,50.2196261682243
"756","421010238004",29.9090909090909,888,29.6899696048632
"757","421010238005",25,1687,67.48
"758","421010239001",64.2727272727273,955,14.8585572842999
"759","421010239002",128.727272727273,679,5.27471751412429
"760","421010240001",48.2727272727273,1275,26.4124293785311
"761","421010240002",37.6363636363636,1100,29.2270531400966
"762","421010240003",17.3636363636364,412,23.7277486910995
"763","421010240004",30.7272727272727,872,28.3786982248521
"764","421010241001",1493,1445,0.967849966510382
"765","421010242001",56.6363636363636,964,17.0208667736758
"766","421010242002",43.8181818181818,653,14.902489626556
"767","421010242003",131.090909090909,1353,10.3210818307906
"768","421010242004",46,837,18.195652173913
"769","421010243001",26.4545454545455,1028,38.8591065292096
"770","421010243002",43.9090909090909,1343,30.5859213250518
"771","421010243003",25.2727272727273,877,34.7014388489209
"772","421010243004",24.9090909090909,647,25.9744525547445
"773","421010244001",40,1502,37.55
"774","421010244002",28.4545454545455,1150,40.4153354632588
"775","421010244003",44.8181818181818,578,12.8965517241379
"776","421010245001",74.7272727272727,1245,16.6605839416058
"777","421010245002",46.8181818181818,1089,23.2601941747573
"778","421010245003",53.7272727272727,945,17.5888324873096
"779","421010245004",48.7272727272727,544,11.1641791044776
"780","421010246001",27.4545454545455,643,23.4205298013245
"781","421010246002",35.9090909090909,1442,40.1569620253165
"782","421010246003",30.3636363636364,599,19.7275449101796
"783","421010247001",21.4545454545455,1096,51.0847457627119
"784","421010247002",36.5454545454545,706,19.318407960199
"785","421010247003",18.7272727272727,1291,68.9368932038835
"786","421010247004",42.5454545454545,736,17.2991452991453
"787","421010247005",38.2727272727273,464,12.1235154394299
"788","421010248001",65.8181818181818,878,13.3397790055249
"789","421010248002",45.4545454545455,1354,29.788
"790","421010249001",37.4545454545455,1081,28.8616504854369
"791","421010249002",24.0909090909091,178,7.38867924528302
"792","421010249003",40.5454545454545,559,13.7869955156951
"793","421010249004",22.0909090909091,919,41.6008230452675
"794","421010252001",31.5454545454545,481,15.2478386167147
"795","421010252002",16.3636363636364,695,42.4722222222222
"796","421010252003",40.2727272727273,770,19.1196388261851
"797","421010252004",29.6363636363636,989,33.3711656441718
"798","421010252005",46.3636363636364,1888,40.721568627451
"799","421010252006",43.5454545454545,1599,36.7202505219207
"800","421010252007",42,1371,32.6428571428571
"801","421010253001",35.0909090909091,1360,38.7564766839378
"802","421010253002",26.6363636363636,762,28.6075085324232
"803","421010253003",55.4545454545455,652,11.7573770491803
"804","421010253004",17.6363636363636,903,51.201030927835
"805","421010253005",23.4545454545455,959,40.8875968992248
"806","421010254001",18.6363636363636,1015,54.4634146341463
"807","421010254002",32.1818181818182,1288,40.0225988700565
"808","421010254003",29.2727272727273,884,30.1987577639752
"809","421010254004",45.7272727272727,1035,22.6341948310139
"810","421010255001",16.3636363636364,898,54.8777777777778
"811","421010255002",16.1818181818182,1151,71.1292134831461
"812","421010255003",57.6363636363636,715,12.4053627760252
"813","421010256001",28.4545454545455,932,32.7539936102236
"814","421010256002",22.1818181818182,723,32.594262295082
"815","421010256003",29.8181818181818,1140,38.2317073170732
"816","421010257001",103,1993,19.3495145631068
"817","421010257002",20.8181818181818,977,46.9301310043668
"818","421010257003",13.4545454545455,904,67.1891891891892
"819","421010258001",66,1778,26.9393939393939
"820","421010259001",18,803,44.6111111111111
"821","421010259002",17.3636363636364,480,27.6439790575916
"822","421010259003",15.5454545454545,980,63.0409356725146
"823","421010259004",19.7272727272727,778,39.4377880184332
"824","421010259005",28.0909090909091,767,27.3042071197411
"825","421010259006",15.4545454545455,601,38.8882352941176
"826","421010260001",306.090909090909,820,2.67894267894268
"827","421010260002",20.4545454545455,800,39.1111111111111
"828","421010260003",31.0909090909091,1435,46.1549707602339
"829","421010261001",31.7272727272727,717,22.5988538681948
"830","421010261002",20.5454545454545,989,48.1371681415929
"831","421010261003",39.3636363636364,1486,37.7505773672055
"832","421010262001",24.9090909090909,410,16.4598540145985
"833","421010262002",79.0909090909091,597,7.54827586206896
"834","421010262003",67.4545454545455,1586,23.5121293800539
"835","421010262004",41.1818181818182,1198,29.0905077262693
"836","421010263011",43.5454545454545,1355,31.1169102296451
"837","421010263012",20.6363636363636,689,33.3876651982379
"838","421010263013",20.2727272727273,791,39.0179372197309
"839","421010263014",65,653,10.0461538461538
"840","421010263021",42.4545454545455,1319,31.06852248394
"841","421010263022",42.4545454545455,1095,25.7922912205567
"842","421010263023",74.9090909090909,812,10.8398058252427
"843","421010263024",73.3636363636364,1701,23.185873605948
"844","421010264001",23.2727272727273,730,31.3671875
"845","421010264002",25.3636363636364,902,35.5627240143369
"846","421010264003",17.9090909090909,966,53.9390862944162
"847","421010264004",27.6363636363636,1448,52.3947368421053
"848","421010264005",18.6363636363636,607,32.5707317073171
"849","421010264006",20,522,26.1
"850","421010264007",22,485,22.0454545454545
"851","421010265001",15.5454545454545,743,47.7953216374269
"852","421010265002",37.9090909090909,704,18.5707434052758
"853","421010265003",18.7272727272727,849,45.3349514563107
"854","421010265004",27.2727272727273,717,26.29
"855","421010265005",15.2727272727273,467,30.577380952381
"856","421010265006",46,1585,34.4565217391304
"857","421010266001",182.909090909091,880,4.81113320079523
"858","421010266002",20.3636363636364,735,36.09375
"859","421010266003",20.0909090909091,508,25.2850678733032
"860","421010266004",18.0909090909091,1682,92.9748743718593
"861","421010266005",24.3636363636364,678,27.8283582089552
"862","421010266006",30.5454545454545,814,26.6488095238095
"863","421010266007",22.6363636363636,525,23.1927710843373
"864","421010266008",22.7272727272727,706,31.064
"865","421010267001",25.6363636363636,1081,42.1666666666667
"866","421010267002",23.3636363636364,403,17.2490272373541
"867","421010267003",24.6363636363636,729,29.590405904059
"868","421010267004",46.3636363636364,2267,48.8960784313725
"869","421010267005",34.3636363636364,1290,37.5396825396825
"870","421010267006",22.1818181818182,388,17.4918032786885
"871","421010267007",24.0909090909091,829,34.411320754717
"872","421010268001",44.7272727272727,1404,31.390243902439
"873","421010268002",47.1818181818182,678,14.3699421965318
"874","421010268003",32.5454545454545,851,26.1480446927374
"875","421010268004",53.1818181818182,1256,23.617094017094
"876","421010269001",17.5454545454545,976,55.6269430051813
"877","421010269002",31.7272727272727,1171,36.9083094555874
"878","421010270001",21.7272727272727,729,33.5523012552301
"879","421010270002",47.2727272727273,1906,40.3192307692308
"880","421010271001",24.4545454545455,643,26.2936802973978
"881","421010271002",31.3636363636364,1057,33.7014492753623
"882","421010271003",21.4545454545455,1106,51.5508474576271
"883","421010272001",21.4545454545455,800,37.2881355932203
"884","421010272002",59.3636363636364,2651,44.6569678407351
"885","421010272003",42.9090909090909,1196,27.8728813559322
"886","421010273001",76.5454545454545,759,9.91567695961995
"887","421010273002",78,696,8.92307692307692
"888","421010273003",117.727272727273,1035,8.79150579150579
"889","421010273004",33.7272727272727,1729,51.2641509433962
"890","421010273005",44.5454545454545,1800,40.4081632653061
"891","421010274011",31.6363636363636,1022,32.3045977011494
"892","421010274012",27.9090909090909,913,32.7133550488599
"893","421010274013",35.7272727272727,1040,29.1094147582697
"894","421010274021",32.5454545454545,1617,49.6843575418994
"895","421010274022",45.4545454545455,625,13.75
"896","421010274023",22.8181818181818,683,29.9322709163347
"897","421010274024",62,2436,39.2903225806452
"898","421010274025",40.4545454545455,1464,36.1887640449438
"899","421010275001",46.8181818181818,1705,36.4174757281553
"900","421010275002",44.7272727272727,1395,31.1890243902439
"901","421010275003",21.1818181818182,895,42.2532188841202
"902","421010275004",29.9090909090909,1138,38.048632218845
"903","421010276001",32.6363636363636,1531,46.9108635097493
"904","421010276002",15.0909090909091,337,22.3313253012048
"905","421010276003",36.1818181818182,1204,33.2763819095477
"906","421010276004",86.8181818181818,1091,12.5664921465969
"907","421010277001",48,1205,25.1041666666667
"908","421010277002",24.8181818181818,916,36.9084249084249
"909","421010277003",23,1016,44.1739130434783
"910","421010277004",26.4545454545455,607,22.9450171821306
"911","421010277005",21,409,19.4761904761905
"912","421010277006",19.0909090909091,807,42.2714285714286
"913","421010278001",60.7272727272727,1266,20.8473053892216
"914","421010278002",27,1132,41.9259259259259
"915","421010278003",52.8181818181818,870,16.4716006884682
"916","421010278004",74.3636363636364,1296,17.4278728606357
"917","421010279011",23.3636363636364,833,35.6536964980545
"918","421010279012",30.9090909090909,1040,33.6470588235294
"919","421010279013",20.1818181818182,776,38.4504504504504
"920","421010279014",40.9090909090909,1552,37.9377777777778
"921","421010279021",40.4545454545455,1463,36.1640449438202
"922","421010279022",64.1818181818182,2612,40.6968838526912
"923","421010280001",31.3636363636364,715,22.7971014492754
"924","421010280002",30.2727272727273,1012,33.4294294294294
"925","421010280003",39,1234,31.6410256410256
"926","421010280004",55.1818181818182,1150,20.840197693575
"927","421010281001",66.6363636363636,2087,31.3192360163711
"928","421010281002",43.0909090909091,1318,30.5864978902954
"929","421010281003",21.8181818181818,1093,50.0958333333333
"930","421010282001",35.0909090909091,997,28.4119170984456
"931","421010282002",73.6363636363636,2252,30.5827160493827
"932","421010282003",156.272727272727,1935,12.3821989528796
"933","421010283001",33.3636363636364,732,21.9400544959128
"934","421010283002",51.3636363636364,1186,23.0902654867257
"935","421010283003",34.3636363636364,502,14.6084656084656
"936","421010283004",60.3636363636364,1584,26.2409638554217
"937","421010283005",104.818181818182,1235,11.7823070251518
"938","421010283006",33.6363636363636,956,28.4216216216216
"939","421010283007",27.0909090909091,543,20.0436241610738
"940","421010284001",31.2727272727273,1554,49.6918604651163
"941","421010284002",28.1818181818182,866,30.7290322580645
"942","421010284003",25,956,38.24
"943","421010284004",39.7272727272727,497,12.5102974828375
"944","421010285001",73.2727272727273,2480,33.8461538461538
"945","421010286001",45.8181818181818,2157,47.0773809523809
"946","421010286002",36.7272727272727,299,8.14108910891089
"947","421010286003",36.2727272727273,874,24.0952380952381
"948","421010286004",26.9090909090909,867,32.2195945945946
"949","421010286005",27,1416,52.4444444444444
"950","421010286006",51.2727272727273,970,18.9184397163121
"951","421010287001",46.7272727272727,1355,28.9980544747082
"952","421010287002",32.3636363636364,1222,37.7584269662921
"953","421010288001",34.0909090909091,1862,54.6186666666667
"954","421010288002",67.3636363636364,1118,16.5964912280702
"955","421010288003",65.5454545454545,1639,25.005547850208
"956","421010289011",41,1889,46.0731707317073
"957","421010289012",50.2727272727273,1330,26.4556962025316
"958","421010289013",31.3636363636364,837,26.6869565217391
"959","421010289021",36.0909090909091,1560,43.2241813602015
"960","421010289022",52.5454545454545,1431,27.2335640138408
"961","421010289023",71.7272727272727,1160,16.1723700887199
"962","421010289024",79.8181818181818,1666,20.872437357631
"963","421010289025",25.0909090909091,1226,48.8623188405797
"964","421010290001",13.7272727272727,144,10.4900662251656
"965","421010290002",42,2742,65.2857142857143
"966","421010290003",46.6363636363636,3372,72.3040935672515
"967","421010290004",49.6363636363636,1866,37.5934065934066
"968","421010291001",62.8181818181818,952,15.1548480463097
"969","421010291002",47.2727272727273,1726,36.5115384615385
"970","421010291003",46,1480,32.1739130434783
"971","421010291004",33.2727272727273,1000,30.0546448087432
"972","421010292001",79.0909090909091,2948,37.2735632183908
"973","421010292002",204.727272727273,1093,5.33880994671403
"974","421010292003",25.3636363636364,876,34.5376344086022
"975","421010293001",97.6363636363636,1695,17.3603351955307
"976","421010293002",93.7272727272727,1475,15.737148399612
"977","421010294001",16.4545454545455,876,53.2375690607735
"978","421010294002",53.2727272727273,1323,24.8344709897611
"979","421010294003",40.6363636363636,1675,41.2192393736018
"980","421010298001",54.9090909090909,1497,27.2632450331126
"981","421010298002",40.6363636363636,935,23.0089485458613
"982","421010298003",56.4545454545455,519,9.19323671497585
"983","421010298004",41.3636363636364,1163,28.1164835164835
"984","421010298005",77.0909090909091,716,9.2877358490566
"985","421010299001",92,859,9.33695652173913
"986","421010299002",29.6363636363636,582,19.638036809816
"987","421010299003",36.4545454545455,790,21.6708229426434
"988","421010299004",97.0909090909091,2093,21.5571161048689
"989","421010300001",21.2727272727273,785,36.9017094017094
"990","421010300002",46.5454545454545,880,18.90625
"991","421010300003",89.8181818181818,1391,15.4868421052632
"992","421010300004",45.4545454545455,1422,31.284
"993","421010300005",43.9090909090909,779,17.7412008281573
"994","421010300006",26.5454545454545,1004,37.8219178082192
"995","421010300007",71.7272727272727,1368,19.0722433460076
"996","421010301001",33.5454545454545,572,17.0514905149051
"997","421010301002",215.363636363636,2531,11.7522161249472
"998","421010301003",32.3636363636364,838,25.8932584269663
"999","421010301004",20.9090909090909,593,28.3608695652174
"1000","421010301005",49.0909090909091,1450,29.537037037037
"1001","421010302001",83.3636363636364,1713,20.5485278080698
"1002","421010302002",51.8181818181818,2014,38.8666666666667
"1003","421010302003",48,2068,43.0833333333333
"1004","421010302004",35.9090909090909,1898,52.8556962025316
"1005","421010302005",36.8181818181818,1219,33.1086419753086
"1006","421010305011",35.1818181818182,1107,31.4651162790698
"1007","421010305012",106.181818181818,2416,22.7534246575342
"1008","421010305013",81,2556,31.5555555555556
"1009","421010305021",70,1381,19.7285714285714
"1010","421010305022",42.4545454545455,1273,29.9850107066381
"1011","421010305023",36.6363636363636,1405,38.3498759305211
"1012","421010305024",44.1818181818182,2327,52.6687242798354
"1013","421010305025",30.6363636363636,868,28.3323442136499
"1014","421010306001",30.8181818181818,1206,39.1327433628319
"1015","421010306002",24.5454545454545,1152,46.9333333333333
"1016","421010306003",26.9090909090909,621,23.0777027027027
"1017","421010306004",35.7272727272727,1007,28.1857506361323
"1018","421010306005",27.1818181818182,433,15.9297658862876
"1019","421010306006",30.4545454545455,1210,39.7313432835821
"1020","421010306007",43.4545454545455,1359,31.2740585774059
"1021","421010307001",42.4545454545455,952,22.423982869379
"1022","421010307002",33.2727272727273,1337,40.1830601092896
"1023","421010307003",62.0909090909091,1949,31.389458272328
"1024","421010308001",26.0909090909091,670,25.6794425087108
"1025","421010308002",35.5454545454545,1243,34.9693094629156
"1026","421010308003",115.272727272727,2070,17.9574132492114
"1027","421010308004",31.3636363636364,1587,50.6
"1028","421010309001",68.2727272727273,1570,22.9960053262317
"1029","421010309002",31.2727272727273,1502,48.0290697674419
"1030","421010309003",56.3636363636364,1481,26.2758064516129
"1031","421010310001",41.4545454545455,694,16.7412280701754
"1032","421010310002",51.5454545454545,1185,22.989417989418
"1033","421010310003",33.1818181818182,714,21.5178082191781
"1034","421010310004",28.3636363636364,1194,42.0961538461538
"1035","421010310005",52.9090909090909,1388,26.233676975945
"1036","421010310006",25.2727272727273,1316,52.0719424460432
"1037","421010310007",42.7272727272727,1203,28.1553191489362
"1038","421010311011",62.6363636363636,1697,27.0928882438316
"1039","421010311012",35.9090909090909,513,14.2860759493671
"1040","421010311013",45.7272727272727,1139,24.9085487077535
"1041","421010311014",50.5454545454545,1925,38.0845323741007
"1042","421010311021",23.8181818181818,932,39.1297709923664
"1043","421010311022",25.1818181818182,727,28.870036101083
"1044","421010311023",31.3636363636364,1106,35.263768115942
"1045","421010311024",76.9090909090909,1581,20.5567375886525
"1046","421010312001",54.1818181818182,1753,32.3540268456376
"1047","421010312002",133.909090909091,1839,13.7331975560081
"1048","421010312003",66.6363636363636,1440,21.6098226466576
"1049","421010313001",30,1311,43.7
"1050","421010313002",89.2727272727273,1722,19.2892057026477
"1051","421010313003",560.545454545455,1209,2.1568277651638
"1052","421010313004",57.7272727272727,1543,26.7291338582677
"1053","421010313005",33.1818181818182,918,27.6657534246575
"1054","421010313006",25.2727272727273,929,36.7589928057554
"1055","421010314011",61.1818181818182,2284,37.3313521545319
"1056","421010314012",41.1818181818182,1626,39.4834437086093
"1057","421010314013",41.4545454545455,1450,34.9780701754386
"1058","421010314014",44.0909090909091,880,19.9587628865979
"1059","421010314015",21.0909090909091,821,38.926724137931
"1060","421010314021",30.4545454545455,1332,43.7373134328358
"1061","421010314022",38.7272727272727,1685,43.5093896713615
"1062","421010314023",74.7272727272727,2904,38.8613138686131
"1063","421010315011",46.1818181818182,1144,24.7716535433071
"1064","421010315012",205.545454545455,2192,10.6643078283945
"1065","421010315013",34,471,13.8529411764706
"1066","421010315014",69.8181818181818,1251,17.91796875
"1067","421010315015",41.7272727272727,1585,37.9847494553377
"1068","421010315021",57.7272727272727,1860,32.2204724409449
"1069","421010315022",31.2727272727273,939,30.0261627906977
"1070","421010315023",55.7272727272727,1538,27.5986949429038
"1071","421010316001",19.2727272727273,1113,57.75
"1072","421010316002",20.8181818181818,481,23.1048034934498
"1073","421010316003",23.6363636363636,811,34.3115384615385
"1074","421010316004",20,683,34.15
"1075","421010316005",44.1818181818182,858,19.4197530864198
"1076","421010316006",62.8181818181818,1236,19.6758321273517
"1077","421010316007",46.7272727272727,816,17.4630350194553
"1078","421010317001",40.0909090909091,1012,25.2426303854875
"1079","421010317002",55.9090909090909,943,16.8666666666667
"1080","421010317003",16.1818181818182,720,44.4943820224719
"1081","421010317004",47.6363636363636,1376,28.8854961832061
"1082","421010317005",35.6363636363636,1124,31.5408163265306
"1083","421010318001",60.9090909090909,1370,22.4925373134328
"1084","421010318002",46.8181818181818,898,19.1805825242718
"1085","421010318003",21,893,42.5238095238095
"1086","421010318004",25.3636363636364,895,35.2867383512545
"1087","421010319001",53.8181818181818,1107,20.5692567567568
"1088","421010319002",32.3636363636364,1181,36.4915730337079
"1089","421010319003",39.5454545454545,878,22.2022988505747
"1090","421010319004",28.4545454545455,661,23.2300319488818
"1091","421010319005",45.5454545454545,1814,39.8283433133733
"1092","421010320001",36.2727272727273,593,16.3483709273183
"1093","421010320002",999.363636363636,1064,1.06467752205949
"1094","421010320003",37.5454545454545,1127,30.0169491525424
"1095","421010320004",42.5454545454545,1039,24.4209401709402
"1096","421010320005",46.4545454545455,956,20.5792563600783
"1097","421010320006",20.8181818181818,1532,73.589519650655
"1098","421010320007",46.1818181818182,1071,23.1909448818898
"1099","421010321001",67.5454545454545,1749,25.8936742934051
"1100","421010321002",41.5454545454545,862,20.7483588621444
"1101","421010321003",52.0909090909091,1459,28.0087260034904
"1102","421010323001",67.4545454545455,728,10.7924528301887
"1103","421010323002",45.3636363636364,1314,28.9659318637275
"1104","421010323003",62.3636363636364,1577,25.2871720116618
"1105","421010325001",48.0909090909091,835,17.3629489603025
"1106","421010325002",59.1818181818182,2112,35.6866359447005
"1107","421010325003",49.7272727272727,2235,44.945155393053
"1108","421010325004",68.8181818181818,961,13.9643328929987
"1109","421010326001",47,918,19.531914893617
"1110","421010326002",37.2727272727273,807,21.6512195121951
"1111","421010326003",67.4545454545455,1979,29.3382749326146
"1112","421010326004",39.2727272727273,1263,32.1597222222222
"1113","421010326005",21.3636363636364,336,15.7276595744681
"1114","421010326006",42.0909090909091,1487,35.3282937365011
"1115","421010326007",35.8181818181818,821,22.9213197969543
"1116","421010329001",85.2727272727273,416,4.87846481876333
"1117","421010329002",157.636363636364,623,3.95213379469435
"1118","421010329003",33.3636363636364,886,26.5558583106267
"1119","421010329004",40.1818181818182,722,17.9683257918552
"1120","421010329005",51.1818181818182,1054,20.5932504440497
"1121","421010330001",25.8181818181818,595,23.0457746478873
"1122","421010330002",40.4545454545455,763,18.8606741573034
"1123","421010330003",38.9090909090909,1557,40.0163551401869
"1124","421010330004",107,2180,20.3738317757009
"1125","421010330005",63.8181818181818,1657,25.9643874643875
"1126","421010330006",34.5454545454545,1105,31.9868421052632
"1127","421010330007",22.9090909090909,537,23.4404761904762
"1128","421010331011",52.3636363636364,1572,30.0208333333333
"1129","421010331012",57.3636363636364,1205,21.0063391442155
"1130","421010331013",31.8181818181818,1005,31.5857142857143
"1131","421010331014",51.8181818181818,1282,24.740350877193
"1132","421010331021",39.2727272727273,992,25.2592592592593
"1133","421010331022",39.2727272727273,885,22.5347222222222
"1134","421010331023",29.8181818181818,953,31.9603658536585
"1135","421010331024",60.5454545454545,1218,20.1171171171171
"1136","421010332001",67,1822,27.1940298507463
"1137","421010332002",56.8181818181818,1138,20.0288
"1138","421010333001",55,1591,28.9272727272727
"1139","421010333002",79.8181818181818,1460,18.2915717539863
"1140","421010333003",43.8181818181818,1096,25.0124481327801
"1141","421010334001",45.8181818181818,839,18.3115079365079
"1142","421010334002",182.909090909091,1368,7.47912524850895
"1143","421010334003",58.1818181818182,1171,20.1265625
"1144","421010334004",68.9090909090909,2241,32.5211081794195
"1145","421010335001",40.7272727272727,1029,25.265625
"1146","421010335002",63.9090909090909,1903,29.7766714082504
"1147","421010335003",96.6363636363636,1043,10.7930385700847
"1148","421010336001",32.8181818181818,542,16.5152354570637
"1149","421010336002",46.8181818181818,789,16.852427184466
"1150","421010336003",78.6363636363636,3883,49.3791907514451
"1151","421010336004",48.7272727272727,1276,26.1865671641791
"1152","421010336005",45.9090909090909,798,17.3821782178218
"1153","421010337011",99.7272727272727,1754,17.587967183227
"1154","421010337012",36.4545454545455,976,26.7730673316708
"1155","421010337013",137.454545454545,3859,28.0747354497354
"1156","421010337021",173,1014,5.86127167630058
"1157","421010337022",102,2431,23.8333333333333
"1158","421010337023",44.2727272727273,500,11.2936344969199
"1159","421010337024",22.4545454545455,915,40.748987854251
"1160","421010338001",90.6363636363636,3070,33.8716148445336
"1161","421010338002",141.909090909091,909,6.40550928891736
"1162","421010338003",24.3636363636364,429,17.6082089552239
"1163","421010338004",52.8181818181818,736,13.934595524957
"1164","421010338005",51.2727272727273,1236,24.1063829787234
"1165","421010339001",32.3636363636364,759,23.4522471910112
"1166","421010339002",53.2727272727273,1876,35.2150170648464
"1167","421010339003",36,498,13.8333333333333
"1168","421010340001",50.8181818181818,1284,25.2665474060823
"1169","421010340002",39,1093,28.025641025641
"1170","421010340003",22.4545454545455,705,31.3967611336032
"1171","421010341001",123.454545454545,786,6.36671575846834
"1172","421010341002",81.7272727272727,1504,18.4026696329255
"1173","421010341003",19.7272727272727,996,50.4884792626728
"1174","421010341004",27.1818181818182,950,34.9498327759197
"1175","421010341005",48.2727272727273,999,20.6949152542373
"1176","421010341006",42.0909090909091,494,11.7365010799136
"1177","421010342001",61.8181818181818,1476,23.8764705882353
"1178","421010342002",93.8181818181818,1878,20.0174418604651
"1179","421010344001",74.8181818181818,1309,17.4957472660996
"1180","421010344002",59.4545454545455,1682,28.2905198776758
"1181","421010344003",191.090909090909,2272,11.8896289248335
"1182","421010344004",88.5454545454545,2781,31.4075975359343
"1183","421010345011",75.6363636363636,2199,29.0733173076923
"1184","421010345012",79.6363636363636,2044,25.6666666666667
"1185","421010345021",56.4545454545455,1282,22.7085346215781
"1186","421010345022",136.272727272727,2614,19.1821214142762
"1187","421010345023",102.636363636364,1776,17.303808680248
"1188","421010346001",236.727272727273,2496,10.5437788018433
"1189","421010347011",90.6363636363636,2844,31.3781344032096
"1190","421010347012",123.363636363636,2302,18.6602800294768
"1191","421010347013",57.8181818181818,1733,29.9732704402516
"1192","421010347021",81,2167,26.7530864197531
"1193","421010347022",120.090909090909,913,7.60257380772142
"1194","421010347023",73.6363636363636,755,10.2530864197531
"1195","421010348011",95.0909090909091,1423,14.9646271510516
"1196","421010348012",76.1818181818182,1501,19.7028639618138
"1197","421010348013",88.0909090909091,1676,19.0257997936016
"1198","421010348021",109.909090909091,2566,23.3465674110835
"1199","421010348022",81.3636363636364,1339,16.4569832402235
"1200","421010348023",88.3636363636364,1580,17.880658436214
"1201","421010348031",644.090909090909,1179,1.83048694424841
"1202","421010348032",111.909090909091,2456,21.9463850528026
"1203","421010348033",31,674,21.741935483871
"1204","421010349001",165.636363636364,883,5.33095499451153
"1205","421010349002",105.727272727273,2341,22.1418744625967
"1206","421010349003",24.2727272727273,1021,42.063670411985
"1207","421010349004",66.2727272727273,1071,16.1604938271605
"1208","421010351001",49.8181818181818,1948,39.1021897810219
"1209","421010351002",82.7272727272727,2239,27.0648351648352
"1210","421010352001",89.4545454545455,2138,23.900406504065
"1211","421010352002",28,1005,35.8928571428571
"1212","421010352003",59.3636363636364,1543,25.9923430321593
"1213","421010353011",122.272727272727,2770,22.6542750929368
"1214","421010353012",89,2157,24.2359550561798
"1215","421010353013",26.6363636363636,623,23.3890784982935
"1216","421010353021",85.1818181818182,1805,21.1899679829242
"1217","421010353022",207.363636363636,2711,13.0736519070583
"1218","421010355001",240.181818181818,2729,11.3622255866768
"1219","421010355002",73.0909090909091,2619,35.8320895522388
"1220","421010355003",249.727272727273,2600,10.4113578449217
"1221","421010356011",112.818181818182,2135,18.9242546333602
"1222","421010356012",86.9090909090909,1718,19.7677824267782
"1223","421010356013",44.4545454545455,543,12.2147239263804
"1224","421010356014",64.4545454545455,876,13.5909732016925
"1225","421010356021",58.4545454545455,1286,22
"1226","421010356022",112.363636363636,2375,21.1367313915858
"1227","421010357011",138.272727272727,2211,15.9901380670611
"1228","421010357012",253,2720,10.7509881422925
"1229","421010357021",116.818181818182,1698,14.5354085603113
"1230","421010357022",167.909090909091,2460,14.6507850568489
"1231","421010358001",524.181818181818,2849,5.43513701005897
"1232","421010358002",80.1818181818182,1699,21.1893424036281
"1233","421010358003",92.9090909090909,2258,24.3033268101761
"1234","421010359001",149.818181818182,2815,18.7894417475728
"1235","421010359002",138.818181818182,2733,19.6876227897839
"1236","421010360001",214.727272727273,3472,16.1693480101609
"1237","421010361001",44.8181818181818,1391,31.0365111561866
"1238","421010361002",47,929,19.7659574468085
"1239","421010361003",92.4545454545455,1729,18.701081612586
"1240","421010362011",71.5454545454545,1571,21.9580686149936
"1241","421010362012",819.363636363636,784,0.956840119826917
"1242","421010362013",63,1701,27
"1243","421010362014",37.8181818181818,1097,29.0072115384615
"1244","421010362021",84.4545454545455,1159,13.7233584499462
"1245","421010362022",190,1592,8.37894736842105
"1246","421010362023",48.8181818181818,1538,31.5046554934823
"1247","421010362024",41.9090909090909,1950,46.529284164859
"1248","421010362031",87,1568,18.0229885057471
"1249","421010362032",40.0909090909091,1191,29.7074829931973
"1250","421010362033",100.272727272727,2352,23.456029011786
"1251","421010363011",92.2727272727273,1998,21.6532019704434
"1252","421010363012",56.8181818181818,1971,34.6896
"1253","421010363021",58.6363636363636,1827,31.1581395348837
"1254","421010363022",81.3636363636364,1878,23.0815642458101
"1255","421010363031",172.545454545455,2456,14.2339304531085
"1256","421010363032",71.6363636363636,1142,15.9416243654822
"1257","421010363033",78.7272727272727,1571,19.9549653579677
"1258","421010363034",54.1818181818182,1423,26.2634228187919
"1259","421010364001",36.0909090909091,1037,28.7329974811083
"1260","421010365011",113.636363636364,1948,17.1424
"1261","421010365012",112.363636363636,2395,21.3147249190939
"1262","421010365013",60.4545454545455,988,16.3428571428571
"1263","421010365021",118.090909090909,2715,22.9907621247113
"1264","421010365022",129.727272727273,1498,11.5473020322355
"1265","421010366001",90.2727272727273,2604,28.8459214501511
"1266","421010367001",41.0909090909091,2044,49.7433628318584
"1267","421010367002",59.7272727272727,1568,26.2526636225266
"1268","421010369001",62.2727272727273,145,2.32846715328467
"1269","421010369002",77.1818181818182,1645,21.3133097762073
"1270","421010369003",194.636363636364,4099,21.0597851471275
"1271","421010372001",62.9090909090909,755,12.0014450867052
"1272","421010372002",130.181818181818,1688,12.9664804469274
"1273","421010372003",39,695,17.8205128205128
"1274","421010372004",68.9090909090909,1564,22.6965699208443
"1275","421010373001",70.5454545454545,2030,28.7757731958763
"1276","421010373002",209.454545454545,2144,10.2361111111111
"1277","421010373003",30.0909090909091,1585,52.6737160120846
"1278","421010375001",55.2727272727273,2163,39.1332236842105
"1279","421010375002",140.636363636364,1573,11.1848739495798
"1280","421010376001",33.9090909090909,855,25.2144772117963
"1281","421010376002",82.7272727272727,2432,29.3978021978022
"1282","421010377001",90.5454545454545,2578,28.4718875502008
"1283","421010377002",95.0909090909091,2085,21.9263862332696
"1284","421010377003",19.1818181818182,650,33.8862559241706
"1285","421010378001",33.1818181818182,945,28.4794520547945
"1286","421010378002",124.363636363636,443,3.56213450292398
"1287","421010378003",23.8181818181818,1086,45.5954198473282
"1288","421010379001",25.2727272727273,367,14.5215827338129
"1289","421010379002",42,732,17.4285714285714
"1290","421010379003",32.1818181818182,1044,32.4406779661017
"1291","421010379004",48.2727272727273,1072,22.2071563088512
"1292","421010379005",44.1818181818182,613,13.8744855967078
"1293","421010379006",29.2727272727273,1178,40.2422360248447
"1294","421010380001",53.1818181818182,1135,21.3418803418803
"1295","421010380002",38.8181818181818,1296,33.3864168618267
"1296","421010381001",156.727272727273,682,4.35150812064965
"1297","421010381002",46.0909090909091,163,3.53648915187377
"1298","421010382001",59.8181818181818,1006,16.8176291793313
"1299","421010382002",49.0909090909091,1029,20.9611111111111
"1300","421010382003",185.727272727273,1032,5.55653450807636
"1301","421010383001",227.636363636364,1661,7.29672523961661
"1302","421010383002",22.9090909090909,1126,49.1507936507937
"1303","421010383003",35.9090909090909,565,15.7341772151899
"1304","421010384001",72.2727272727273,1452,20.0905660377359
"1305","421010384002",50.4545454545455,1032,20.4540540540541
"1306","421010385001",540.181818181818,579,1.07186132615281
"1307","421010385002",67.6363636363636,1251,18.4959677419355
"1308","421010386001",53.2727272727273,1395,26.1860068259386
"1309","421010387001",13.4545454545455,861,63.9932432432432
"1310","421010387002",26.4545454545455,1955,73.9003436426117
"1311","421010388001",14.9090909090909,707,47.4207317073171
"1312","421010388002",27.0909090909091,950,35.0671140939597
"1313","421010388003",25.2727272727273,689,27.2625899280576
"1314","421010388004",28.1818181818182,1290,45.7741935483871
"1315","421010389001",891.181818181818,899,1.00877282464552
"1316","421010389002",39.8181818181818,1076,27.0228310502283
"1317","421010389003",37.7272727272727,1276,33.821686746988
"1318","421010390001",196,1008,5.14285714285714
"1319","421010390002",36.0909090909091,1771,49.0705289672544
"1320","421010390003",39.1818181818182,1105,28.2018561484919
"1321","421010390004",19.7272727272727,569,28.8433179723502
"1322","421010390005",35.3636363636364,717,20.2750642673522
"1323","421010390006",31.1818181818182,1492,47.8483965014577
"1324","421010390007",43.8181818181818,1291,29.4626556016598
"1325","421010390008",23,688,29.9130434782609
"1326","421019800001",1651.09090909091,416,0.251954630547297
"1327","421019801001",33.9090909090909,40,1.17962466487936
"1328","421019802001",115.454545454545,554,4.79842519685039
"1329","421019803001",107.272727272727,0,0
"1330","421019804001",34.9090909090909,0,0
"1331","421019805001",816.818181818182,0,0
"1332","421019806001",158.636363636364,0,0
"1333","421019807001",263.727272727273,0,0
"1334","421019808001",42,0,0
"1335","421019809001",286.272727272727,0,0
"1336","421019891001",16.6363636363636,1811,108.857923497268
