origins_name,MAE,MAPE
"421010001001",0.352912523533215,8.11698804126396
"421010001002",0.3,6
"421010002001",0.243407968879106,8.03246297301052
"421010003001",0.439627354608555,7.03403767373688
"421010003002",0.303183061561404,7.27639347747371
"421010004011",0.236770041718983,5.20894091781762
"421010004021",0.285714285714286,2
"421010004022",0.176470588235294,9
"421010005001",0.141910768215645,9.0822891658013
"421010006001",0.200167283353476,7.00585491737167
"421010007001",0.735887999846246,6.62299199861621
"421010007002",0.22323295253159,9.15255105379517
"421010007003",0.380952380952381,8
"421010008011",0.4059588157392,4.059588157392
"421010008031",0.506865857036059,4.56179271332453
"421010008032",0.561561561561562,5.05405405405405
"421010008041",0.266666666666667,8
"421010008043",0.26937255686051,8.0811767058153
"421010009011",0.304010261236521,2.43208208989217
"421010009012",0.405758342579103,6.49213348126564
"421010009021",0.325157687875003,6.17799606962506
"421010009022",0.323464228722566,7.11621303189644
"421010010011",0.490270831356077,5.88324997627293
"421010010012",0.372797046194029,6.33754978529849
"421010010021",0.299799512839149,9.29378489801362
"421010010022",0.389617971189903,6.23388753903844
"421010010023",0.226265558545868,9.05062234183472
"421010011011",0.409464491669754,3.27571593335803
"421010011012",0.353015553606871,6.00126441131681
"421010011013",0.228721738076704,8.23398257076134
"421010011014",0.347562146847551,2.78049717478041
"421010011021",0.280155150069897,5.32294785132804
"421010011022",0.296641590139947,5.33954862251905
"421010012011",0.436813582738683,6.11539015834156
"421010012012",0.321157530174993,2.89041777157493
"421010012013",0.24723255741747,5.19188370576688
"421010012014",0.219008092974461,2.40908902271907
"421010012021",0.34967705406628,8.04257224352445
"421010012022",0.467343206001887,4.20608885401698
"421010012023",0.608140496647211,6.08140496647212
"421010012024",0.25617749155314,2.81795240708454
"421010012025",0.386847200965137,5.02901361254678
"421010013001",0.401766894475741,7.23180410056334
"421010013002",0.321332036966868,3.53465240663555
"421010013003",0.296809505107738,6.23299960726249
"421010013004",0.516204919995401,3.6134344399678
"421010013005",0.191767538870196,9.20484186576939
"421010014001",0.251401832754909,7.54205498264727
"421010014002",0.404268085623401,5.65975319872762
"421010014003",0.247255444348879,5.19236433132646
"421010015001",0.278757102910935,5.29638495530777
"421010015002",0.195714272218706,8.21999943318563
"421010016001",0.205981999162822,8.03329796735005
"421010016002",0.33426373764586,7.35380222820893
"421010017001",0.209588884545567,4.4013665754569
"421010017002",0.258931243126035,6.21434983502484
"421010018001",0.27680007807007,4.42880124912111
"421010018002",0.178121408566291,9.26231324544711
"421010019001",0.243255988367378,5.10837575571494
"421010019002",0.310820268149755,8.08132697189363
"421010019003",0.259776706000842,6.49441765002105
"421010020001",0.284545192308538,8.53635576925613
"421010020002",0.276717630193815,6.08778786426392
"421010021001",0.321907026319176,6.11623350006434
"421010021002",0.206011610696178,7.21040637436621
"421010022001",0.316974526224353,6.02251599826271
"421010022002",0.318181818181818,7
"421010022003",0.22097962435155,7.07134797924961
"421010023001",0.25,6
"421010023002",0.215158660211384,9.25182238908952
"421010024001",0.194568209885412,4.08593240759365
"421010024002",0.195521911095258,5.0835696884767
"421010024003",0.246724609958044,5.18121680911893
"421010024004",0.242992241024199,7.04677498970176
"421010024005",0.280949952748876,8.14754862971741
"421010025001",0.265102094248673,5.30204188497346
"421010025002",0.292834061383229,7.32085153458072
"421010025003",0.103468724962892,1.55203087444338
"421010025004",0.226995545354312,9.30681735952678
"421010027011",0.196914445998548,6.10434782595498
"421010027012",0.284804555861415,7.12011389653539
"421010027013",0.251344589955587,8.54571605848997
"421010027021",0.195321932895835,8.20352118162505
"421010027022",0.210261143786047,5.04626745086512
"421010027023",0.330853784398192,5.29366055037108
"421010027024",0.276834622834452,9.1355425535369
"421010028011",0.175320850719188,4.2077004172605
"421010028012",0.230397474345188,6.22073180732007
"421010028013",0.191307745866876,7.07838659707441
"421010028021",0.16673583158831,5.00207494764931
"421010028022",0.243111385968529,8.02267573696145
"421010028023",0.222426286709811,7.11764117471396
"421010028024",0.239396083177403,5.26671382990286
"421010028025",0.29233663164193,8.18542568597405
"421010029001",0.204094856054174,9.18426852243782
"421010029002",0.242495617648486,6.54738167650913
"421010029003",0.195928118224674,7.24934037431292
"421010030011",0.366854642936335,5.50281964404503
"421010030012",0.401925755099041,4.01925755099041
"421010030013",0.168966430363299,7.43452293598517
"421010030014",0.334569579836817,6.69139159673634
"421010030015",0.377775172044894,8.31105378498768
"421010030021",0.161729365728716,4.36669287467534
"421010030022",0.176813999682376,4.06672199269465
"421010030023",0.31646115364198,6.01276191919761
"421010030024",0.279156519759235,8.37469559277706
"421010031001",0.184210526315789,7
"421010031002",0.340417514915463,6.12751526847833
"421010031003",0.181249821930449,6.16249394563525
"421010031004",0.334716940175721,7.02905574369014
"421010031005",0.193279960736814,7.34463850799894
"421010031006",0.23744522147006,8.07313752998203
"421010032002",0.459577360646377,4.59577360646377
"421010032003",0.307168727750195,8.29355564925527
"421010032004",0.300829540787563,9.32571576441445
"421010032005",0.265273133783228,8.48874028106328
"421010032006",0.22046748124981,8.37776428749278
"421010033001",0.167898248633242,9.23440367482832
"421010033002",0.168451875041815,7.07497875175625
"421010033003",0.280623258277316,9.26056752315144
"421010033004",0.202122714640391,8.08490858561562
"421010033005",0.247873163358102,8.42768755417546
"421010033006",0.313720354718519,9.09789028683704
"421010036001",0.163092541358963,8.3177196093071
"421010036002",0.215780919393016,5.39452298482539
"421010036003",0.165978617761314,8.63088812358835
"421010036004",0.203538903591478,7.12386162570173
"421010037011",0.256702376121354,6.16085702691249
"421010037012",0.321026000883847,6.0994940167931
"421010037013",0.176404470509959,8.29101011396807
"421010037014",0.242426870891054,9.45464796475112
"421010037015",0.259259259259259,7
"421010037021",0.191728768991342,8.43606583561905
"421010037022",0.225466681003088,8.34226719711424
"421010037023",0.381545559180419,6.48627450606713
"421010038001",0.199905103183977,6.39696330188726
"421010038003",0.223085203748618,8.25415253869888
"421010038004",0.334106178250743,5.67980503026262
"421010039011",0.319082929780967,10.210653752991
"421010039012",0.188560037591154,6.59960131569041
"421010039013",0.251631165386417,8.55545962313819
"421010039014",0.190527402922879,7.2400413110694
"421010039021",0.200087905304771,8.20360411749561
"421010039022",0.200072187046999,6.40230998550395
"421010039023",0.222413032738364,7.56204311310437
"421010039024",0.252750476749175,8.59351620947194
"421010040011",0.260482601395317,7.29351283906888
"421010040012",0.276774261436,7.19613079733599
"421010040013",0.346843341710617,5.20265012565925
"421010040014",0.214946018194501,8.16794869139105
"421010040021",0.170961620035828,4.27404050089571
"421010040022",0.219364064479981,9.4326547726392
"421010040023",0.284116746157632,7.10291865394081
"421010040024",0.213128267688936,7.03323283373487
"421010041011",0.266666666666667,8
"421010041012",0.224983860924682,7.4244674105145
"421010041013",0.259347075484919,8.03975934003249
"421010041014",0.224622084484307,6.0647962810763
"421010041021",0.161736738960108,10.0276778155267
"421010041022",0.164340756998372,9.03874163491043
"421010041023",0.212751038764098,6.16978012415885
"421010041024",0.218180096818917,7.85448348548103
"421010042011",0.255393446287276,6.3848361571819
"421010042012",0.211012072196215,8.01845874345616
"421010042013",0.184212279316536,7.00006661402837
"421010042014",0.255191316132002,9.18688738075207
"421010042021",0.233846392976232,8.88616293309683
"421010042022",0.252269492823497,7.06354579905791
"421010042023",0.136170267933128,7.21702420045579
"421010042024",0.243242229618776,8.27023580703839
"421010054001",0.32031423831392,8.007855957848
"421010055001",0.245569101307647,8.34934944445998
"421010055002",0.225951586510859,8.13425711439091
"421010055003",0.182122477944993,9.10612389724965
"421010056001",0.245414846959855,6.13537117399638
"421010060001",0.17252854841621,9.31654161447534
"421010060002",0.198665160355316,8.34393673492328
"421010060003",0.189271042321382,6.43521543892699
"421010060004",0.249966786831069,8.49887075225633
"421010060005",0.419950658865646,8.81896383617856
"421010061001",0.18469063305922,9.60391291907943
"421010061002",0.231443046181893,7.17473443163868
"421010062001",0.259960177169897,8.05876549226682
"421010062002",0.414377208741235,5.38690371363606
"421010062003",0.332995953966344,7.99190289519226
"421010062004",0.198377586996647,8.53023624085581
"421010063001",0.253790261827241,6.09096628385378
"421010063002",0.22049852403251,8.37894391323536
"421010063003",0.227362746706802,6.13879416108367
"421010063004",0.176871294802436,8.13607956091205
"421010064001",0.216216216216216,8
"421010064002",0.228322682872377,6.39303512042655
"421010064003",0.168884721775777,8.27535136701306
"421010065001",0.352108076914771,7.39426961521019
"421010065002",0.34996947829967,6.29945060939406
"421010065003",0.368020033368627,8.46446076747842
"421010065004",0.324637903734315,8.76522340082651
"421010065005",0.320999933000926,5.77799879401667
"421010065006",0.23171163281648,10.1953118439251
"421010066001",0.221069597739851,8.1795751163745
"421010066002",0.338006254299023,3.38006254299023
"421010066003",0.202043932395057,6.06131797185172
"421010066004",0.232331871111652,5.11130116445635
"421010067001",0.231870709596953,4.17367277274515
"421010067002",0.278305494673257,4.17458242009885
"421010067003",0.223348845143216,6.25376766401004
"421010067005",0.179170807405722,8.24185714066319
"421010067006",0.256146713968513,7.17210799111837
"421010067007",0.282535306350994,8.19352388417881
"421010069001",0.202151795210844,7.27746462759039
"421010069002",0.24313481361627,5.34896589955794
"421010069003",0.239918633306766,7.43747763250974
"421010070001",0.223139870563183,8.47931508140096
"421010070002",0.339271451128458,8.14251482708298
"421010070003",0.306935665569328,6.44564897695589
"421010070004",0.246511713984942,7.39535141954825
"421010070005",0.285714285714286,6
"421010071011",0.378058925488122,7.18311958427432
"421010071012",0.40296983497896,7.25345702962129
"421010071013",0.170314484181628,4.2578621045407
"421010071021",0.314779141146261,9.44337423438783
"421010071022",0.236614982747454,7.33506446517107
"421010071023",0.277673701573556,7.49718994248602
"421010071024",0.31455223880597,6.2910447761194
"421010071025",0.21667334690221,8.66693387608841
"421010072001",0.378451178451178,6.81212121212121
"421010072002",0.245796627708442,7.12810220354481
"421010072003",0.401489526190493,9.23425910238133
"421010072004",0.332611869335318,6.65223738670636
"421010072005",0.329980690765099,6.59961381530198
"421010072006",0.3505518038922,6.66048427395179
"421010073001",0.260187289452642,6.50468223631606
"421010073002",0.232859907167834,2.32859907167834
"421010073003",0.347213689062073,5.20820533593109
"421010073004",0.255234645571401,7.14657007599922
"421010074001",0.293036168376766,4.39554252565149
"421010074002",0.418635505949906,7.53543910709831
"421010074003",0.286888891021709,8.31977783962957
"421010074004",0.173421069025268,9.3647377273645
"421010074005",0.216612652173583,7.58144282607542
"421010077001",0.247414768994288,3.46380676592004
"421010077002",0.516063362927736,9.28914053269926
"421010078001",0.539700390275256,8.09550585412883
"421010078002",0.426929242181749,4.69622166399923
"421010078003",0.307692307692308,4
"421010078004",0.410158310193921,4.10158310193921
"421010078005",0.276534983295281,6.08376963249619
"421010079001",0.241355421714111,5.30981927771043
"421010079002",0.322668128016534,4.19468566421495
"421010079003",0.277777777777778,5
"421010079004",0.440624260746175,5.72811538970028
"421010080001",0.426306568120167,8.09982479428317
"421010080002",0.276024846997298,5.24447209294867
"421010080003",0.282074616535703,5.07734309764265
"421010080004",0.256865463000955,7.44909842702771
"421010081011",0.129921283571677,9.61417498430408
"421010081012",0.194457907322665,6.80602675629327
"421010081013",0.221702802286105,4.6557588480082
"421010081021",0.216496234331068,7.3608719672563
"421010081022",0.287253384726065,7.18133461815162
"421010081023",0.335529389053309,8.05270533727942
"421010081024",0.290117797372716,8.41341612380877
"421010081025",0.378932234034419,5.68398351051628
"421010082001",0.263020859220692,6.5755214805173
"421010082002",0.200382746410493,6.21186513872527
"421010082003",0.236111993741632,8.50003177469874
"421010082004",0.41049399899043,6.56790398384687
"421010082005",0.357377769776554,8.57706647463728
"421010082006",0.195059754177154,8.58262918379478
"421010082007",0.315686531041919,9.47059593125757
"421010083011",0.241298304904225,8.44544067164787
"421010083012",0.390454751193038,7.02818552147469
"421010083013",0.228847258291214,8.69619581506615
"421010083021",0.34236707783724,7.53207571241929
"421010083022",0.176896486160701,8.13723836339223
"421010083023",0.336193910057642,6.38768429109519
"421010083024",0.364424887460227,8.38177241158522
"421010084001",0.189189189189189,7
"421010084002",0.267646927711141,8.83234861446764
"421010084003",0.221706770278715,7.5380301894763
"421010084004",0.249223720720509,9.71972510809986
"421010084005",0.280009876250178,8.12028641125516
"421010084006",0.26532139367047,9.55157017213691
"421010085001",0.366974267347431,5.13763974286404
"421010085002",0.337705750815455,5.74099776386273
"421010085003",0.298484729226913,7.16363350144592
"421010085004",0.264309094886494,8.45789103636782
"421010085005",0.236494576993773,8.27731019478206
"421010085006",0.217628081717513,8.05223902354799
"421010085007",0.206347197290057,7.22215190515201
"421010086011",0.257756154998221,8.24819695994309
"421010086012",0.284810395431375,8.54431186294125
"421010086021",0.1867234858469,9.52289777819188
"421010086022",0.222270908766477,8.00175271559319
"421010086023",0.293477651665419,5.57607538164295
"421010087011",0.311435712344569,4.36009997282397
"421010087012",0.30339833790898,7.28156010981551
"421010087013",0.295965858370313,5.32738545066564
"421010087021",0.358200711585191,7.16401423170383
"421010087022",0.463457872942111,4.171120856479
"421010088011",0.460626500773139,5.06689150850453
"421010088012",0.571428571428571,4
"421010088021",0.345345345345345,3.10810810810811
"421010088022",0.336215283591668,4.37079868669168
"421010088023",0.472979319631848,7.09468979447772
"421010088024",0.51776121615153,4.65985094536377
"421010090001",0.46276969323135,5.55323631877619
"421010090002",0.280401266188953,9.25324178423546
"421010090003",0.301130857602941,7.52827144007352
"421010090004",0.32154924294699,8.68182955956872
"421010091001",0.499801426633159,6.49741854623107
"421010091002",0.321428571428571,9
"421010091003",0.140422481707914,9.12746131101441
"421010092001",0.273463747446521,8.47737617084216
"421010092002",0.214567542582884,9.01183678848111
"421010093001",0.202806583088273,4.25893824485374
"421010093002",0.23620837054791,8.03108459862893
"421010093003",0.38957163743265,8.18100438608565
"421010093004",0.327858232761283,7.21288112074822
"421010093005",0.250185346461375,9.50704316553225
"421010094001",0.432957322534042,6.06140251547658
"421010094002",0.19577122278267,9.59278991635085
"421010094003",0.29822520180032,7.15740484320768
"421010094004",0.32225019134894,8.70075516642138
"421010095001",0.186850846337592,2.4290610023887
"421010095002",0.335665998272028,8.05598395852868
"421010095003",0.258408603076417,7.49384948921608
"421010095004",0.237358373875891,8.3075430856562
"421010096001",0.208761178232242,7.09788005989623
"421010096002",0.304734250651445,9.14202751954335
"421010096003",0.284064526229769,8.23787126066329
"421010096004",0.214179235211041,7.49627323238643
"421010096005",0.273051028014061,6.55322467233747
"421010098011",0.304670478545512,7.31209148509229
"421010098012",0.221658245306467,6.42808911388753
"421010098021",0.202339194042228,8.70058534381581
"421010098022",0.171233893290975,8.04799298467581
"421010098023",0.213454552473069,9.39200030881504
"421010100001",0.211218711852837,9.50484203337767
"421010100002",0.555852809669027,8.3377921450354
"421010100003",0.208333333333333,5
"421010100004",0.225713043836301,8.35138262194314
"421010101001",0.241870884788019,4.83741769576037
"421010101002",0.293588989178952,7.33972472947379
"421010101003",0.356423553638104,5.34635330457156
"421010101004",0.167967298850962,6.38275735633657
"421010101005",0.32440340777533,5.19045452440527
"421010101006",0.243671805227272,9.25952859863632
"421010101007",0.404377195865575,7.68316672144592
"421010102001",0.324231986608464,6.80887171877775
"421010102002",0.253058088560754,6.32645221401886
"421010102003",0.171938702565241,8.25305772313157
"421010103001",0.244466502075495,9.28972707886882
"421010103002",0.164842624252607,8.40697383688296
"421010104001",0.244053229897547,6.83349043713133
"421010104002",0.306278468395404,6.43184783630348
"421010104003",0.214478296863849,9.22256676514549
"421010104004",0.316496330256463,9.17839357743742
"421010105001",0.377378136334134,4.90591577234374
"421010105002",0.202078247875572,9.09352115440073
"421010105003",0.21229751384125,8.27960303980875
"421010106001",0.406653356425181,7.31976041565325
"421010106002",0.222610162721517,5.56525406803792
"421010107001",0.247312604223835,5.19356468870054
"421010107002",0.172784888771167,7.08418043961786
"421010107003",0.421052631578947,8
"421010107004",0.28386323334371,9.08362346699872
"421010108001",0.246270791499527,7.14185295348627
"421010108002",0.311915772494598,7.17406276737575
"421010108003",0.330955674672966,9.26675889084305
"421010108004",0.357038845844801,6.06966037936161
"421010108005",0.22644706920281,7.01985914528712
"421010109001",0.186046511627907,8
"421010109002",0.226980284332553,5.22054653964873
"421010109003",0.292456691762267,6.14159052700762
"421010110001",0.480310126659172,7.20465189988758
"421010110002",0.233995523488702,9.12582541605938
"421010110003",0.302185181006532,9.06555543019597
"421010110004",0.225031111471293,6.75093334413879
"421010111001",0.206627471667954,9.71149116839382
"421010111002",0.283769498328546,7.37800695654219
"421010111003",0.439328048296866,7.02924877274986
"421010111004",0.23060413602339,7.60993648877188
"421010111005",0.308841213368092,7.10334790746612
"421010112001",0.29649296857166,7.11583124571984
"421010112002",0.25,7
"421010112003",0.242567802529488,7.03446627335514
"421010112004",0.297767050985442,9.2307785805487
"421010112005",0.297100808423786,7.13041940217087
"421010112006",0.339249682241724,6.10649428035104
"421010112007",0.278005759922675,8.06216703775758
"421010113001",0.220445662140493,9.25871780990072
"421010113002",0.232157778753624,8.35768003513048
"421010113003",0.208966607536744,9.40349733915347
"421010114001",0.244771164854268,8.07744844019083
"421010114002",0.383500197723747,8.43700434992244
"421010114003",0.33863166399053,6.09536995182955
"421010114004",0.274702227795188,9.06517351724121
"421010114005",0.220810753408646,6.40351184885074
"421010114006",0.350074431401405,9.10193521643653
"421010115001",0.249324607776584,7.47973823329751
"421010115002",0.290779640982642,8.4326095884966
"421010115003",0.267914390362271,9.10908927231722
"421010115004",0.282044342348304,8.1792859281008
"421010117001",0.216815153103241,8.02216066481991
"421010118001",0.29791232577466,7.4478081443665
"421010118002",0.252296949881585,7.06431459668437
"421010118003",0.231009320402912,7.16128893249027
"421010118004",0.373170220741511,6.34389375260568
"421010118005",0.183927571812726,9.01245101882355
"421010118006",0.334498365915567,7.35896405014247
"421010119001",0.21364956534595,8.11868348314609
"421010119002",0.223926803064898,9.18099892566082
"421010119003",0.207763124450148,7.06394623130504
"421010119004",0.376920531655417,6.03072850648668
"421010119005",0.6,6
"421010120001",0.35848290207411,5.01876062903754
"421010120002",0.242424242424242,8
"421010121001",0.189840817395882,7.02411024364763
"421010121002",0.218148231789715,8.28963280800917
"421010122011",0.251212542510346,5.27546339271728
"421010122012",0.324015191774051,9.07242536967342
"421010122031",0.337837091232744,7.43241600712037
"421010122041",0.258760003503451,8.02156010860698
"421010122042",0.2292102811336,8.70999068307679
"421010125001",0.283606849069647,8.22459862301976
"421010125002",0.352634580608453,6.34742245095215
"421010125003",0.268604984845586,5.37209969691171
"421010131001",0.164020510169658,9.3491690796705
"421010131002",0.7,7
"421010132001",0.269230769230769,7
"421010132002",0.221376864576168,9.0764514476229
"421010133001",0.364971023050496,9.4892465993129
"421010133002",0.331124964418394,9.60262396813343
"421010134011",0.545350465933705,4.36280372746964
"421010134012",0.482113332645387,5.30324665909926
"421010134021",0.447651039404924,7.16241663047879
"421010134022",0.352822871570327,8.46774891768786
"421010134023",0.515521474458423,4.63969327012581
"421010135001",0.624388861234091,8.74144405727728
"421010135002",0.404122587137089,9.69894209129012
"421010135003",0.351887992230592,3.87076791453651
"421010135004",0.199180729291126,7.36968698377165
"421010136011",0.520546098669784,4.16436878935827
"421010136012",0.349570461294458,5.59312738071132
"421010136021",0.490476190476191,3.43333333333333
"421010136022",0.26211760645235,7.3392929806658
"421010136023",0.433149195424756,4.76464114967232
"421010136024",0.575420786455019,6.32962865100521
"421010137001",0.40151655574871,8.43184767072292
"421010137002",0.248864912712576,8.21254211951502
"421010137003",0.3545553923448,9.21844020096481
"421010137004",0.428009645747156,7.70417362344881
"421010137005",0.271061328068075,9.75820781045068
"421010138001",0.480260054249691,5.2828605967466
"421010138002",0.261458152108324,8.10520271535803
"421010139001",0.4,8
"421010139002",0.206757052263245,7.02973977695032
"421010139003",0.583333333333333,7
"421010140001",0.289751166793643,8.40278383701566
"421010140002",0.243654933666709,8.0406128110014
"421010140003",0.2404937257454,8.17678667534361
"421010141001",0.166986640374428,9.01727858021909
"421010141002",0.346570533200225,9.01083386320584
"421010142001",0.346153846153846,9
"421010142002",0.145723481313159,9.47202628535533
"421010143001",0.545454545454545,6
"421010143002",0.384615384615385,5
"421010144001",0.292395087567754,4.09353122594855
"421010144002",0.190838150978883,8.01520234111307
"421010144003",0.202423139425576,9.1090412741509
"421010145001",0.234562822994135,8.20969880479474
"421010145002",0.191874889057096,7.09937089511255
"421010146001",0.232284523447458,9.29138093789833
"421010146002",0.45,9
"421010146003",0.377249568484092,7.16774180119775
"421010147001",0.241216285632373,9.16621885403018
"421010147002",0.225,9
"421010148001",0.231421768170193,9.25687072680773
"421010149001",0.225806451612903,7
"421010149002",0.247503740467363,8.41512717589034
"421010149003",0.267377945988104,9.09085016359554
"421010149004",0.411764705882353,7
"421010149005",0.473353952671511,4.73353952671511
"421010149006",0.312397306930874,6.24794613861748
"421010151011",0.338491876297728,8.46229690744321
"421010151012",0.276737850597106,8.57887336851027
"421010151021",0.141919589569321,9.08285373243656
"421010151022",0.235294117647059,8
"421010151023",0.317256333639485,8.24866467462661
"421010152001",0.289340482713752,6.07615013698878
"421010152002",0.177777777777778,8
"421010152003",0.180245985133835,9.01229925669177
"421010152004",0.216284038518819,8.21879346371512
"421010152005",0.219172966763937,5.04097823557055
"421010153001",0.333333333333333,5
"421010153002",0.333826403733443,8.01183368960262
"421010153003",0.309884738904529,8.05700321151775
"421010153004",0.198353214503138,9.12424786714437
"421010156001",0.319895143884102,7.03769316545024
"421010156002",0.349754072253414,8.04434366182852
"421010157001",0.388888888888889,7
"421010157002",0.409913877706639,5.3288804101863
"421010157003",0.176470588235294,9
"421010158001",0.271745218319237,9.23933742285404
"421010158002",0.340347152227832,6.46659589232881
"421010158003",0.484283883609371,7.26425825414057
"421010158005",0.234535850574746,6.33246796551815
"421010158006",0.394830070786803,5.13279092022844
"421010160001",0.248546459444305,9.4447654588836
"421010160002",0.348683747649697,9.06577743889213
"421010160003",0.206421358621367,9.28896113796151
"421010160004",0.264964988152735,5.2992997630547
"421010160006",0.409090909090909,9
"421010160007",0.242424242424242,8
"421010161001",0.117627151341336,8.35152774523486
"421010161002",0.225448122524012,8.79247677843648
"421010161003",0.349078781835086,8.02881198220698
"421010161004",0.310367667004978,9.31103001014933
"421010162001",0.263169738006672,6.31607371216012
"421010162002",0.257064598381931,7.19780875469407
"421010162003",0.412813298743919,4.12813298743919
"421010163001",0.25,7
"421010163002",0.263440326918225,8.16665013446496
"421010163003",0.333333333333333,6
"421010163004",0.235294117647059,8
"421010164001",0.274737770827942,8.24213312483826
"421010164002",0.333333333333333,7
"421010164003",0.201394369724934,9.06274663762201
"421010164004",0.164006843143285,9.02037637288067
"421010165001",0.363636363636364,8
"421010165002",0.280560773218508,7.2945801036812
"421010165003",0.193530351928231,9.09592654062685
"421010166001",0.215502123197886,9.05108917431122
"421010166002",0.349383527932494,5.2407529189874
"421010167011",0.208425781803778,9.17073439936622
"421010167012",0.270480970104554,7.03250522271839
"421010167013",0.177431572568887,8.33928391073771
"421010167021",0.321428571428571,9
"421010167022",0.234817223281146,7.04451669843439
"421010167023",0.225806451612903,7
"421010167024",0.24404632051395,9.02971385901613
"421010168001",0.275654940122694,8.26964820368083
"421010168002",0.542251180006664,6.50701416007996
"421010168003",0.243697478991555,8.04201680672133
"421010168004",0.21151198814316,8.46047952572642
"421010168005",0.51237163239467,6.14845958873604
"421010168006",0.232525723517448,9.30102894069792
"421010169011",0.211669278926115,8.04343259919236
"421010169012",0.222222222222222,8
"421010169013",0.209302325581395,9
"421010169021",0.258064516129032,8
"421010169022",0.237362394100681,8.54504618762451
"421010169023",0.202924148630547,9.74035913426624
"421010169024",0.224067336654388,8.51455879286674
"421010170001",0.189775522357535,9.67855164023427
"421010170002",0.32,8
"421010170003",0.411764705882353,7
"421010171001",0.327446563634475,7.20382439995846
"421010171002",0.251509333995231,7.04226135186646
"421010171003",0.174895447328276,7.17071334045932
"421010171004",0.351798278855379,8.09136041367371
"421010172011",0.276611194753304,8.02172464784583
"421010172012",0.272247412453355,8.16742237360067
"421010172013",0.320982193865938,7.06160826505065
"421010172021",0.183038049806462,8.23671224129077
"421010172022",0.194317695240003,8.16134320008011
"421010172023",0.246668620657856,7.40005861973567
"421010172024",0.290387397658482,8.13084713443751
"421010173001",0.276111357021573,8.00722935362563
"421010173002",0.155361564575026,9.16633230992656
"421010174001",0.221454901717659,8.41528626527103
"421010174002",0.2,9
"421010175001",0.205545807775627,8.22183231102508
"421010175002",0.171376389262545,7.02643195976433
"421010175003",0.230769230769231,9
"421010175004",0.215372850064331,9.04565970270189
"421010175005",0.291666666666667,7
"421010175006",0.200577695896171,7.22079705226217
"421010176011",0.413421390046662,7.02816363079325
"421010176012",0.32447352268633,7.13841749909925
"421010176013",0.271122588260359,7.04918729476932
"421010176014",0.181818181818182,8
"421010176015",0.241285183766976,6.0321295941744
"421010176021",0.163623562427672,9.16291949594961
"421010176022",0.446107428429248,7.13771885486797
"421010176023",0.181818181818182,8
"421010177012",0.254661914400748,7.13053360322094
"421010177013",0.194444444444444,7
"421010177021",0.266666666666667,8
"421010177022",0.297937223732993,7.15049336959184
"421010177023",0.324198855282103,9.07756794789889
"421010177024",0.233917680159468,7.25144808494349
"421010177025",0.280836183663598,8.14424932624434
"421010178001",0.28,7
"421010178002",0.234995516081482,7.04986548244446
"421010178003",0.242580231656657,7.03482671804305
"421010178004",0.230769230769231,9
"421010178005",0.221287710056061,9.07279611229851
"421010178006",0.280592514613711,6.17303532150164
"421010178007",0.411449114720413,5.34883849136537
"421010179001",0.271400148179318,8.14200444537953
"421010179002",0.203952024401764,9.1778410980794
"421010179003",0.26343181714623,8.16638633153312
"421010179004",0.163265306122449,8
"421010179005",0.134472264273158,9.2785862348479
"421010180011",0.313481521861848,8.15051956840804
"421010180012",0.220616709859841,9.04528510425349
"421010180013",0.190845236632541,9.16057135836195
"421010180021",0.174107132185092,9.22767800580987
"421010180022",0.216237066087776,9.29819384177436
"421010180023",0.164221452154025,9.36062277277941
"421010180024",0.218641981292708,7.21518538265938
"421010183001",0.139641695056195,9.07671017865268
"421010183002",0.126049532336438,9.20161586056
"421010183003",0.129508309513416,9.19508997545255
"421010183004",0.184709879153598,9.05078407852631
"421010184001",0.176205188643598,8.1054386776055
"421010184002",0.17597972703507,9.15094580582362
"421010188001",0.152836374004768,9.01734606628129
"421010188002",0.264705882352941,9
"421010188003",0.25124472972239,9.04481027000603
"421010188004",0.214862545415919,9.02422690746859
"421010188005",0.313239049991514,8.14421529977937
"421010188006",0.216216216216216,8
"421010188007",0.194860721300235,9.35331462241127
"421010190001",0.164909098546075,9.07000042003414
"421010190002",0.206819502982689,9.51369713720368
"421010190003",0.152271334658876,8.52719474089708
"421010190004",0.154362999303562,8.18123896308878
"421010190005",0.182737605246309,9.13688026231542
"421010191001",0.228383138143025,6.16634472986166
"421010191002",0.219752982267602,8.13086034390127
"421010191003",0.144005664782929,9.0723568813245
"421010191004",0.244744204929358,9.54502399224498
"421010191005",0.157894736842105,9
"421010191006",0.244915435829004,8.08220938235713
"421010192001",0.258139090356997,9.2930072528519
"421010192002",0.147843169463777,9.31411967621796
"421010192003",0.235294117647059,8
"421010192004",0.182202550104583,9.11012750522915
"421010192005",0.255274879112641,8.16879613160452
"421010192006",0.369015896619642,5.53523844929463
"421010195011",0.208196245356511,7.07867234212136
"421010195012",0.175841748926591,9.14377094418272
"421010195013",0.163370946967671,9.1487730301896
"421010195021",0.214285714285714,9
"421010195022",0.156353398236841,9.06849709773678
"421010195023",0.191489361702128,9
"421010197001",0.245784627375592,9.09403121289692
"421010197002",0.267499511474182,8.29248485569965
"421010197003",0.226571069019106,9.06284276076426
"421010197004",0.268948929998438,8.33741682995158
"421010197005",0.305323282467158,9.77034503894906
"421010197006",0.347872963912553,8.00107816998871
"421010198001",0.234287583332011,9.13721574994842
"421010198002",0.274474411649079,8.23423234947236
"421010198003",0.416666666666667,5
"421010198004",0.192661234602283,9.24773926090956
"421010198005",0.451511314717737,9.03022629435474
"421010198006",0.391304347826087,9
"421010199001",0.237776228770305,9.03549669327157
"421010199002",0.156194973894337,9.21550345976589
"421010199003",0.317862664366497,9.21801726662841
"421010199004",0.183016822788169,8.05274020267942
"421010200001",0.301966994920224,9.05900984760673
"421010200002",0.225,9
"421010201011",0.194525808446011,9.1427129969625
"421010201012",0.44584740896858,7.13355854349729
"421010201013",0.280071234272092,7.28185209107439
"421010201021",0.258064516129032,8
"421010201022",0.5,7
"421010201023",0.199575882465861,9.1804905934296
"421010201024",0.358654902054084,7.17309804108169
"421010202001",0.167248950464626,9.19869227555443
"421010202002",0.239290523415698,8.13587779613375
"421010202003",0.205479871513102,7.19179550295858
"421010202004",0.188453868168952,9.61114727661654
"421010202005",0.227363086744294,9.54924964326034
"421010202006",0.413573551951188,9.09861814292612
"421010203001",0.164496354132486,9.04729947728675
"421010203002",0.160607117622264,9.15460570446903
"421010204001",0.343920606314643,7.56625333892215
"421010204002",0.250796049144789,9.02865776921241
"421010204003",0.295979689955541,7.10351255893298
"421010204004",0.32,8
"421010205001",0.168832440596604,9.1169517922166
"421010205002",0.214693500821412,8.37304653203508
"421010206001",0.210831355147834,9.06574827135687
"421010207001",0.236275401958274,8.2696390685396
"421010207002",0.231197381885346,8.78550051164315
"421010207003",0.350209205020921,7.00418410041841
"421010207004",0.209780946779087,7.34233313726805
"421010208001",0.261382725889901,7.31871632491724
"421010208002",0.500743742812316,5.50818117093547
"421010209001",0.471780296729281,8.02026504439777
"421010209002",0.295571187426941,8.5715644353813
"421010209003",0.294366706397668,6.47606754074869
"421010209004",0.240360506977386,4.08612861861556
"421010210001",0.357051815985807,8.92629539964518
"421010210002",0.379307941598666,6.06892706557865
"421010210003",0.285649019620152,5.42733137278288
"421010210004",0.285705887026512,7.14264717566279
"421010210005",0.458809602187452,6.42333443062433
"421010211001",0.308458154899196,7.4029957175807
"421010211002",0.221713494803005,4.8776968856661
"421010212001",0.228166278910593,10.0393162720661
"421010212002",0.259508550505563,7.78525651516688
"421010213001",0.444314214708958,4.88745636179854
"421010213002",0.374379725229184,5.99007560366694
"421010213003",0.36792377507631,3.31131397568679
"421010213004",0.316230997807674,9.48692993423021
"421010213005",0.367495854063018,5.51243781094527
"421010214001",0.343547797004714,5.15321695507072
"421010214002",0.267173790455538,5.6106495995663
"421010214003",0.294886440027186,2.94886440027186
"421010214004",0.254723319010318,9.17003948437144
"421010214005",0.275506911160931,5.78564513437956
"421010215001",0.248485404739219,8.44850376113345
"421010215002",0.248606254342259,8.70121890197906
"421010215003",0.171972170977005,9.80241374568927
"421010215004",0.329825364142454,10.2245862884161
"421010216001",0.274736292511344,8.79156136036302
"421010216002",0.264033805882287,9.76925081764463
"421010217001",0.171171406935561,8.55857034677805
"421010217002",0.212228457543039,9.55028058943675
"421010217003",0.31924193032759,8.61953211884492
"421010217004",0.303856730569258,7.59641826423144
"421010218001",0.154673657840114,9.74444044392716
"421010218002",0.187773309528209,6.57206583348733
"421010218003",0.311749342784145,8.10548291238778
"421010219001",0.292191475129643,9.64231867927822
"421010220001",0.233450420895218,9.33801683580873
"421010231001",0.525912528846166,4.73321275961549
"421010235001",0.321091425675855,5.77964566216538
"421010236001",0.496880864357997,6.45945123665396
"421010236002",0.452991452990675,5.88888888887878
"421010236003",0.377448446484175,8.68131426913602
"421010237001",0.184138211686501,9.39104879601155
"421010237002",0.20946196468334,9.4257884107503
"421010237003",0.454350161117071,8.63265306122435
"421010237004",0.283332532123628,7.93331089946159
"421010238001",0.293271889400862,7.33179723502155
"421010238002",0.42666666666666,3.83999999999994
"421010238003",0.327746602404847,7.21042525290663
"421010238004",0.333333333333333,8
"421010238005",0.231531916940977,5.55676600658345
"421010239001",0.175919167653455,7.21268587379164
"421010239002",0.247600289803376,9.90401159213505
"421010240001",0.24102373520257,8.67685446729252
"421010240002",0.211264863228039,8.23932966589354
"421010240003",0.277777777777778,5
"421010240004",0.181601903250251,4.72164948450653
"421010242001",0.259706717584674,8.05090824512489
"421010242002",0.242613250760041,8.49146377660144
"421010242003",0.171339618269208,9.42367900480644
"421010242004",0.15,6
"421010243001",0.260880181288151,7.04376489478007
"421010243002",0.200872550600815,8.0349020240326
"421010243003",0.47985503294969,8.15753556014472
"421010243004",0.207119389904649,5.17798474761622
"421010244001",0.189737069173413,8.15869397445674
"421010244002",0.295677805157785,7.39194512894462
"421010244003",0.131306971408437,7.09057645605562
"421010245001",0.213389144670062,9.38912236548274
"421010245002",0.207031471135625,8.48829031656062
"421010245003",0.185633199134914,9.09602675761077
"421010245004",0.194864598497096,8.18431313687805
"421010246001",0.268646526544643,8.59668884942857
"421010246002",0.199812074369314,9.39116749535774
"421010246003",0.237508397437174,9.0253191026126
"421010247001",0.299721687004922,8.0924855491329
"421010247002",0.211093845272795,9.07703534673018
"421010247003",0.35,7
"421010247004",0.198663672604824,6.55590119595919
"421010247005",0.212121212121212,7
"421010248001",0.287233197444372,8.32976272588678
"421010248002",0.171256242224667,9.24783708013204
"421010249001",0.202807784299015,9.12635029345568
"421010249002",0.271439909614699,7.32887755959687
"421010249003",0.254047631824118,9.14571474566825
"421010249004",0.241694679312966,6.04236698282416
"421010252001",0.227249395942518,6.13573369044798
"421010252002",0.315789473684211,6
"421010252003",0.179082330225232,8.05870486013546
"421010252004",0.325074349177836,7.1516356819124
"421010252005",0.18332365762162,8.06624093535126
"421010252006",0.22458373646725,8.30959824928824
"421010252007",0.236567952595839,6.15076676749182
"421010253001",0.183620197257348,9.18100986286742
"421010253002",0.314767816714188,9.12826668471144
"421010253003",0.232860699356154,8.38298517682155
"421010253004",0.433802361995072,8.24224487790637
"421010253005",0.334171187577254,7.35176612669959
"421010254001",0.304775486141559,8.2289381258221
"421010254002",0.313207674538499,9.08302256161648
"421010254003",0.495547463571859,8.4243068807216
"421010254004",0.21858928311621,9.18074989088084
"421010255001",0.387778942406735,3.10223153925388
"421010255002",0.401719066505449,5.62406693107629
"421010255003",0.271024421469807,8.94380590850365
"421010256001",0.324075071630174,8.10187679075436
"421010256002",0.402494493521594,7.24490088338869
"421010256003",0.381668636071614,5.72502954107421
"421010257001",0.251536758283393,8.30071302335196
"421010257002",0.376862745098039,5.65294117647059
"421010257003",0.309208590761989,3.40129449838188
"421010258001",0.23460452810248,8.68036753979177
"421010259001",0.362258235904674,7.60742295399816
"421010259002",0.410234463401524,3.69211017061372
"421010259003",0.636363636363636,7
"421010259004",0.442233767306946,4.42233767306946
"421010259005",0.475385589543577,9.03232620132797
"421010259006",0.50239593654626,4.01916749237008
"421010260001",0.153628074541959,9.21768447251754
"421010260002",0.314274172245681,7.54258013389635
"421010260003",0.30078125,4.8125
"421010261001",0.259790225864913,8.57307745354211
"421010261002",0.301562919254669,8.14219881987606
"421010261003",0.2820165701833,9.02453024586561
"421010262001",0.190911112762087,5.34551115733845
"421010262002",0.233898794876363,8.65425541042542
"421010262003",0.240603711721256,8.90233733368647
"421010262004",0.248671973332636,8.45484709330961
"421010263011",0.246647779509983,8.13937672382944
"421010263012",0.294809937416584,7.07543849799801
"421010263013",0.294117647058824,5
"421010263014",0.246985535051463,8.64449372680119
"421010263021",0.268250827908081,9.12052814887475
"421010263022",0.210670178355467,9.48015802599602
"421010263023",0.274217219797101,9.59760269289855
"421010263024",0.177838657644371,9.0697715398629
"421010264001",0.379597045736997,6.83274682326595
"421010264002",0.301755839889602,6.63862847757125
"421010264003",0.305520993578254,6.11041987156509
"421010264004",0.223808270829186,8.05709774985069
"421010264005",0.325248674677936,5.20397879484698
"421010264006",0.354878608415054,6.03293634305592
"421010264007",0.296296296296296,8
"421010265001",0.377788475312703,6.04461560500325
"421010265002",0.301482972518704,9.64745512059852
"421010265003",0.363636363636364,8
"421010265004",0.219704689192671,4.17438909466076
"421010265005",0.328741808855972,5.25986894169556
"421010265006",0.212745900925303,9.14807373978804
"421010266001",0.186067842415259,9.48945996317819
"421010266002",0.29733935830037,8.02816267410999
"421010266003",0.293142890666109,9.08742961064939
"421010266004",0.341104110171965,8.18649864412716
"421010266005",0.352941176470588,6
"421010266006",0.266582042594412,9.06378944821002
"421010266007",0.333333333333333,6
"421010266008",0.296296296296296,8
"421010267001",0.284744352198587,7.11860880496468
"421010267002",0.36,9
"421010267003",0.306616265992298,9.19848797976893
"421010267004",0.170826218362276,9.05378957320064
"421010267005",0.235368955122455,7.06106865367364
"421010267006",0.366467113301033,8.06227649262272
"421010267007",0.285757008094494,8.00119622664584
"421010268001",0.216808640684998,9.10596290876992
"421010268002",0.282131514932704,9.02820847784651
"421010268003",0.272774703758029,7.09214229770876
"421010268004",0.248830821307387,9.20674038837331
"421010269001",0.378477847883943,9.08346834921462
"421010269002",0.262470944248747,7.08671549471617
"421010270001",0.363636363636364,8
"421010270002",0.234609216700969,9.14975945133778
"421010271001",0.314881834718005,9.13157320682214
"421010271002",0.222989110135956,8.25059707503038
"421010271003",0.355313899961403,6.39565019930526
"421010272001",0.264065236915279,3.43284807989862
"421010272002",0.22080376091214,9.27375795830989
"421010272003",0.192964108816317,9.26227722318323
"421010273001",0.175487021177904,9.47629914360681
"421010273002",0.19457763618212,9.53430417292388
"421010273003",0.189062715647861,10.0203239293366
"421010273004",0.288016992252878,8.06447578308057
"421010273005",0.229443341592131,8.25996029731671
"421010274011",0.258368725751391,9.0429054012987
"421010274012",0.222222222222222,8
"421010274013",0.174076757875569,9.05199140952958
"421010274021",0.361407811182179,8.31237965719011
"421010274022",0.251322917283102,9.04762502219169
"421010274023",0.233522963874527,7.00568891623581
"421010274024",0.16666488881744,9.1665688849592
"421010274025",0.337461729534822,7.08669632023126
"421010275001",0.273486488555324,9.57202709943634
"421010275002",0.245321902391688,8.34094468131739
"421010275003",0.415250361396392,7.05925614373867
"421010275004",0.216499986346903,8.01049949483542
"421010276001",0.259490249244602,7.26572697884885
"421010276002",0.333333333333333,5
"421010276003",0.18449926404163,8.11796761783174
"421010276004",0.21293197512349,9.58193888055705
"421010277001",0.302488970020092,9.67964704064294
"421010277002",0.286906535437209,8.03338299224187
"421010277003",0.285714285714286,8
"421010277004",0.181707188652986,9.08535943264928
"421010277005",0.25,9
"421010277006",0.215790931937691,6.04214609425536
"421010278001",0.156819835741231,9.09555047299137
"421010278002",0.242460774524099,7.03136246119886
"421010278003",0.211735005195618,8.46940020782471
"421010278004",0.198030146782587,8.31726616486866
"421010279011",0.286170719377449,8.01278014256859
"421010279012",0.36,9
"421010279013",0.304347826086956,7
"421010279014",0.205860105158947,9.05784462699366
"421010279021",0.228215144810316,9.12860579241262
"421010279022",0.17991931193938,8.2762883492115
"421010280001",0.187633018660981,6.19188961581237
"421010280002",0.31981938135656,7.03602638984432
"421010280003",0.25650538719643,8.20817239028576
"421010280004",0.171211355125545,9.41662453190495
"421010281001",0.163991961940423,9.34754183060414
"421010281002",0.236744492250766,9.23303519777988
"421010281003",0.414873374706073,7.05284737000325
"421010282001",0.285113965459566,8.26830499832741
"421010282002",0.150298662895237,9.16821843660944
"421010282003",0.131549048260031,9.47153147472222
"421010283001",0.237150738175564,8.30027583614472
"421010283002",0.240203236380224,8.40711327330785
"421010283003",0.23794309229206,7.37623586105385
"421010283004",0.206176109313403,9.27792491910312
"421010283005",0.20035620974289,9.61709806765873
"421010283006",0.196797227979883,8.2654835751551
"421010283007",0.333261314140423,9.33131679593184
"421010284001",0.284301643352254,8.24474765721535
"421010284002",0.28812134112552,8.06739755151455
"421010284003",0.436956158205075,9.17607932230658
"421010284004",0.279436065301686,8.38308195905058
"421010285001",0.143815458727772,9.06037389984962
"421010286001",0.174225567054595,9.05972948683893
"421010286002",0.200846975903035,8.03387903612141
"421010286003",0.220110412490539,9.02452691211211
"421010286004",0.340410771101074,9.19109081972901
"421010286005",0.274834734968487,9.06954625396007
"421010286006",0.166967215235577,9.18319683795674
"421010287001",0.144449276568503,8.08915948783618
"421010287002",0.238043896559255,8.09349248301466
"421010288001",0.280206780681396,8.12599663976048
"421010288002",0.218348213776735,9.38897319239962
"421010288003",0.190945230167014,9.16537104801666
"421010289011",0.209895078771765,7.13643267824002
"421010289012",0.164375103068595,9.2050057718413
"421010289013",0.230068490552744,9.20273962210976
"421010289021",0.227910584416246,9.57224454548233
"421010289022",0.308710967922317,9.87875097351414
"421010289023",0.197815466946115,9.09951147952127
"421010289024",0.240749078435803,9.38921405899631
"421010289025",0.363527462953328,7.27054925906655
"421010290001",0.307730091824347,5.70827574910812
"421010290002",0.268790283653457,8.33249879325716
"421010290003",0.19519021039155,9.36913009879439
"421010290004",0.161923131118966,9.06769534266208
"421010291001",0.211945311168227,9.11364838023376
"421010291002",0.229309399510003,9.40168537991011
"421010291003",0.273893555494621,7.12123244286015
"421010291004",0.309824901556579,8.36527234202762
"421010292001",0.174306184112315,9.23822775795268
"421010292002",0.159521713607558,9.57130281645345
"421010292003",0.210555003185119,6.10609509236844
"421010293001",0.154956534280606,9.45234859111697
"421010293002",0.114807638218306,9.06980341924617
"421010294001",0.318181818181818,7
"421010294002",0.210189504545908,9.03814869547403
"421010294003",0.204736365284468,9.00840007251657
"421010298001",0.152385661588796,8.0764400642062
"421010298002",0.281082744087869,7.30815134628458
"421010298003",0.206237343245046,9.07444310278201
"421010298004",0.195121951219512,8
"421010298005",0.217421893321523,9.3491414128255
"421010299001",0.216353550479061,9.30320267059961
"421010299002",0.222898442882735,8.02434394377844
"421010299003",0.236842105263158,9
"421010299004",0.172437949404767,9.31164926785742
"421010300001",0.270379448565506,7.02986566270315
"421010300002",0.244662638385729,9.2971802586577
"421010300003",0.162866891095316,9.12054590133772
"421010300004",0.209476752212272,9.0075003451277
"421010300005",0.15,9
"421010300006",0.258064516129032,8
"421010300007",0.165471309806427,9.10092203935348
"421010301001",0.166666666666667,9
"421010301002",0.114188924877794,9.36349183997909
"421010301003",0.18,9
"421010301004",0.361876282901554,7.23752565803109
"421010301005",0.207115358066732,9.32019111300293
"421010302001",0.151571520367453,9.0942912220472
"421010302002",0.166673933931801,8.00034882872646
"421010302003",0.222222222222222,8
"421010302004",0.234581180461281,7.2720165942997
"421010302005",0.198198863567413,9.117147724101
"421010305011",0.241379310344828,7
"421010305012",0.124510212935392,9.08924554428359
"421010305013",0.174715880293536,9.08522577526385
"421010305021",0.15547835475932,9.17322293079986
"421010305022",0.225806451612903,7
"421010305023",0.233333333333333,7
"421010305024",0.201217808406358,8.04871233625433
"421010305025",0.214285714285714,6
"421010306001",0.250914176400448,8.02925364481433
"421010306002",0.290427380814263,8.13196666279936
"421010306003",0.219309320582964,5.04411437340816
"421010306004",0.228571428571429,8
"421010306005",0.368421052631579,7
"421010306006",0.304173244906162,9.12519734718487
"421010306007",0.210526315789474,8
"421010307001",0.236842105263158,9
"421010307002",0.292692329134861,7.31730822837153
"421010307003",0.173076923076923,9
"421010308001",0.333333333333333,7
"421010308002",0.233333333333333,7
"421010308003",0.184494348540687,9.59370612411573
"421010308004",0.248051210499073,8.1856899464694
"421010309001",0.218042350093155,8.06756695344673
"421010309002",0.261532032332782,8.10749300231625
"421010309003",0.207009319310568,9.10841004966498
"421010310001",0.28125,9
"421010310002",0.19174792262409,5.36894183347451
"421010310003",0.318597971427445,7.32775334283124
"421010310004",0.272030471702479,7.07279226426446
"421010310005",0.191813361117462,8.05616116693341
"421010310006",0.378798277571712,5.30317588600397
"421010310007",0.288677856256789,7.50562426267653
"421010311011",0.174099996463545,8.00859983732305
"421010311012",0.287920902007757,8.06178525621721
"421010311013",0.155843051124157,7.01293730058705
"421010311014",0.230769230769231,9
"421010311021",0.350600593323989,7.01201186647978
"421010311022",0.275862068965517,8
"421010311023",0.235294117647059,8
"421010311024",0.173076923076923,9
"421010312001",0.211380464107785,8.03245763609584
"421010312002",0.138834263683897,9.19160676576383
"421010312003",0.159166100737955,8.11747113763569
"421010313001",0.278104124127611,6.39639485493505
"421010313002",0.174206936006792,9.23296760835999
"421010313003",0.126761830687677,9.76066096295114
"421010313004",0.207397208836598,6.01451905626134
"421010313005",0.319480518671019,7.02857141076242
"421010313006",0.273868305375052,5.20349780212598
"421010314011",0.2,9
"421010314012",0.18776546458898,9.01274230027104
"421010314013",0.258064516129032,8
"421010314014",0.258064516129032,8
"421010314015",0.177162530240148,3.18892554432266
"421010314021",0.28,7
"421010314022",0.242424242424242,8
"421010314023",0.175606525456145,9.13153932371953
"421010315011",0.205152914530511,8.00096366668995
"421010315012",0.13250114994593,9.14257934626919
"421010315013",0.173569141413365,8.15774964642816
"421010315014",0.147588649542124,8.11737572481682
"421010315015",0.236061017731217,7.31789154966772
"421010315021",0.138804957025744,8.05068750749314
"421010315022",0.203119939701366,8.12479758805466
"421010315023",0.16970792952615,7.29744096962446
"421010316001",0.287568147598697,4.88865850917785
"421010316002",0.245226392147314,8.09247094086138
"421010316003",0.198278913484602,7.13804088544568
"421010316004",0.363636363636364,8
"421010316005",0.224097749970806,8.067518998949
"421010316006",0.152418273012536,7.16365883158917
"421010316007",0.159341155507197,7.17035199782386
"421010317001",0.194444444444444,7
"421010317002",0.129798266661693,8.17729079968669
"421010317003",0.27833486897445,5.01002764154009
"421010317004",0.296977637761925,8.01839621957198
"421010317005",0.229435959589208,8.0302585856223
"421010318001",0.170007254542633,9.18039174530216
"421010318002",0.163919341215301,9.01556376684156
"421010318003",0.25015511161507,6.00372267876167
"421010318004",0.363636363636364,8
"421010319001",0.200350547181685,9.01577462317585
"421010319002",0.211499777120763,8.03699153058899
"421010319003",0.189189189189189,7
"421010319004",0.280277999926101,7.00694999815253
"421010319005",0.224103598710803,8.2918331522997
"421010320001",0.147488112959043,7.07942942203408
"421010320002",0.123002188484006,9.84017507872044
"421010320003",0.178040486478817,8.01182189154675
"421010320004",0.176744679026868,8.13025523523591
"421010320005",0.1875,9
"421010320006",0.275023719717205,6.05052183377851
"421010320007",0.256071025201222,8.19427280643909
"421010321001",0.170358510858923,9.02900107552294
"421010321002",0.208304361718363,8.12387010701614
"421010321003",0.143221808831096,9.02297395635904
"421010323001",0.190826864060802,9.3505163389793
"421010323002",0.206626163756913,8.05842038651959
"421010323003",0.17007274014421,9.18392796778732
"421010325001",0.187435710347697,8.24717125529866
"421010325002",0.163037585735931,9.29314238694804
"421010325003",0.193233726793792,9.08198515930821
"421010325004",0.134727958292603,9.161501163897
"421010326001",0.228565835003791,8.22837006013647
"421010326002",0.236066478183128,8.26232673640949
"421010326003",0.139587404174944,8.37524425049663
"421010326004",0.192327149251783,9.0393760148338
"421010326005",0.295616801950167,7.09480324680401
"421010326006",0.228571428571429,8
"421010326007",0.145369762343626,5.08794168202692
"421010329001",0.203966034067274,9.17847153302733
"421010329002",0.182267700225994,9.29565271152572
"421010329003",0.25,7
"421010329004",0.243186637495431,8.02515903734921
"421010329005",0.214441479078103,9.22098360035843
"421010330001",0.210367001939172,6.31101005817515
"421010330002",0.220874762017936,7.28886714659188
"421010330003",0.168038859355872,8.06586524908184
"421010330004",0.125,9
"421010330005",0.147719393561607,9.15860240081966
"421010330006",0.21162077460484,7.19510633656458
"421010330007",0.255064679098362,6.37661697745904
"421010331011",0.165325912460698,9.42357701025978
"421010331012",0.190810992892578,8.20487269438084
"421010331013",0.201329048419246,9.26113622728532
"421010331014",0.141058013238017,7.19395867513887
"421010331021",0.230708690320157,6.4598433289644
"421010331022",0.260763054739335,9.38746997061606
"421010331023",0.208011105094176,7.28038867829615
"421010331024",0.164699161325292,8.56435638891517
"421010332001",0.197337166330899,8.48549815222866
"421010332002",0.171529695508714,7.54730660238343
"421010333001",0.278448977772484,8.63191831094701
"421010333002",0.175809623954938,9.49371969356663
"421010333003",0.160205066604327,7.36943306379906
"421010334001",0.238832556628546,8.12030692537055
"421010334002",0.213586341174707,9.1842126705124
"421010334003",0.265207284984359,9.01704768946821
"421010334004",0.153846153846154,8
"421010335001",0.282781191941687,7.06952979854218
"421010335002",0.16,8
"421010335003",0.1875,9
"421010336001",0.261304165242704,7.57782079203841
"421010336002",0.166666666666667,5
"421010336003",0.175,7
"421010336004",0.202062973651111,7.27426705144
"421010336005",0.281650775910221,7.32292017366574
"421010337011",0.146610340247685,9.38306177585187
"421010337012",0.206067289353164,6.18201868059493
"421010337013",0.174682520743425,9.0834910786581
"421010337021",0.155676408278638,9.18490808843963
"421010337022",0.148165295079119,8.59358711458893
"421010337023",0.164709178911887,9.0590048401538
"421010337024",0.348753274794111,6.27755894629399
"421010338001",0.137080489316013,7.26526593374871
"421010338002",0.187332259356633,9.55394522718826
"421010338003",0.298007461310037,7.15217907144088
"421010338004",0.202199471578898,8.0879788631559
"421010338005",0.20839095854121,9.16920217581322
"421010339001",0.195382763520254,6.05686566912789
"421010339002",0.181446188062472,9.25375559118609
"421010339003",0.237251671663702,7.35480182157475
"421010340001",0.173978540041116,9.56881970226139
"421010340002",0.228626389259181,6.17291250999789
"421010340003",0.250070206644085,5.00140413288171
"421010341001",0.216924594514567,9.54468215864097
"421010341002",0.142857142857143,9
"421010341003",0.27527574251806,6.33134207791538
"421010341004",0.205991707683273,7.41570147659782
"421010341005",0.151719419331339,5.31017967659687
"421010341006",0.18862224907156,8.29937895914862
"421010342001",0.194747571775123,7.40040772745469
"421010342002",0.134196834830851,7.51502275052766
"421010344001",0.178296626909173,8.37994146473113
"421010344002",0.164149840348918,5.74524441221212
"421010344003",0.148553906851819,9.50745003851639
"421010344004",0.151601826041528,7.42848947603489
"421010345011",0.199508191711547,5.58622936792331
"421010345012",0.207249384011784,8.70447412849494
"421010345021",0.228566066822513,8.45694447243299
"421010345022",0.163798343305975,9.50030391174653
"421010345023",0.230694147488011,8.76637760454442
"421010346001",0.160496579188669,9.46929817213145
"421010347011",0.146919727711785,9.40286257355424
"421010347012",0.161052664933539,9.5021072310788
"421010347013",0.173613858097159,5.0995581791561
"421010347021",0.15176487789093,9.40942242923768
"421010347022",0.176617607565726,9.53735080854922
"421010347023",0.144240916256579,7.64476856159871
"421010348011",0.133285583180737,9.4632764058323
"421010348012",0.124922543113976,8.24488784552239
"421010348013",0.146714799566777,9.5364619718405
"421010348021",0.11439360483892,9.15148838711361
"421010348022",0.122558605493759,8.21142656808188
"421010348023",0.15450086304948,9.27005178296881
"421010348031",0.139310479688126,9.1944916594163
"421010348032",0.121362449081107,9.2235461301641
"421010348033",0.315224250163829,9.14150325475103
"421010349001",0.164495394662928,9.54073289044985
"421010349002",0.11711717149284,9.36937371942721
"421010349003",0.266624253114886,8.53197609967636
"421010349004",0.160766661233569,9.64599967401412
"421010351001",0.119393449990863,5.25331179959795
"421010351002",0.171397194127353,7.19868215334884
"421010352001",0.12691927130266,9.26510680509415
"421010352002",0.241325828907892,8.44640401177621
"421010352003",0.153935128526605,9.23610771159629
"421010353011",0.117365148169655,9.50657700174202
"421010353012",0.187342547582733,9.36712737913663
"421010353013",0.188632617091912,7.35667206658455
"421010353021",0.169781038138015,8.65883294503877
"421010353022",0.133866530949254,9.3706571664478
"421010355001",0.128201731118831,9.48692810279351
"421010355002",0.229885602359596,9.42530969674343
"421010355003",0.113115537909369,9.50170518438697
"421010356011",0.124271393607833,9.32035452058751
"421010356012",0.170017021454769,9.52095320146707
"421010356013",0.234029275015133,8.19102462552966
"421010356014",0.305578142689987,5.80598471110975
"421010356021",0.182888304815231,8.41286202150062
"421010356022",0.170065654100908,8.33321705094447
"421010357011",0.151805840982924,9.5637679819242
"421010357012",0.160025778631704,9.60154671790226
"421010357021",0.234612283032526,9.61910360433356
"421010357022",0.186737366494022,8.96339359171304
"421010358001",0.126868872687222,9.8957720696033
"421010358002",0.269042502014098,7.26414755438066
"421010358003",0.275823198942154,9.92963516191753
"421010359001",0.164540636479464,9.37881627932943
"421010359002",0.139039973498346,8.20335843640241
"421010360001",0.151872047178389,9.26419487788173
"421010361001",0.205235108436582,8.61987455433645
"421010361002",0.255672404428696,8.43718934614698
"421010361003",0.17675162636536,9.54458782372943
"421010362011",0.147245222724761,9.27644903165992
"421010362013",0.192803882461197,9.64019412305986
"421010362014",0.174454831914602,9.24610609147391
"421010362021",0.169343308853025,9.31388198691639
"421010362022",0.173976986751038,9.56873427130706
"421010362023",0.24759732225621,8.41830895671113
"421010362024",0.217462761561052,7.17627113151473
"421010362031",0.162075583106001,9.40038382014806
"421010362032",0.203640829395547,6.92378819944859
"421010362033",0.166707397096209,7.83524766352181
"421010363011",0.191154652629308,9.55773263146542
"421010363012",0.22250291758964,8.50939729452772
"421010363021",0.226591394413702,9.74342995978917
"421010363022",0.182962965303961,8.41629640398221
"421010363031",0.16727264525836,10.0363587155016
"421010363032",0.169997330715499,8.49986653577493
"421010363033",0.198550498324831,9.33187342126705
"421010363034",0.235778243039524,7.07334729118571
"421010364001",0.403842199140602,7.67300178367143
"421010365011",0.172678061530295,9.4972933841662
"421010365012",0.129738921200248,9.34120232641785
"421010365013",0.340944468188,7.84172276832401
"421010365021",0.159595147089897,9.57570882539383
"421010365022",0.144646436317705,9.54666479696852
"421010366001",0.244313238206966,5.13057800234628
"421010367001",0.297999148502796,8.0459770095755
"421010367002",0.281350214346798,9.00320685909754
"421010369001",0.277986895973358,5.2817510234938
"421010369002",0.251626800461865,8.05205761477967
"421010369003",0.226058539519162,9.26840012028566
"421010372001",0.239911834811249,8.63682605320495
"421010372002",0.143035111715702,7.15175558578511
"421010372003",0.203899312071803,4.28188555350787
"421010372004",0.256308144199496,9.22709319118184
"421010373001",0.33834434424924,10.4886746717264
"421010373002",0.125220523133051,9.51675975811185
"421010373003",0.367807763434383,6.98834750525329
"421010375001",0.276910899318839,8.03041608024633
"421010375002",0.288389266550414,8.363288729962
"421010376001",0.259901122222946,8.05693478891132
"421010376002",0.247329285297126,9.15118355599368
"421010377001",0.18018340244053,9.00917012202648
"421010377002",0.114046243963705,9.00965327313266
"421010377003",0.347826086956522,8
"421010378001",0.186723667576779,8.21584137337829
"421010378002",0.195951692350119,9.60163292515581
"421010378003",0.296147309658333,8.29212467043333
"421010379001",0.229147800756791,8.47846862800128
"421010379002",0.136250429719729,8.31127621290345
"421010379003",0.282585783293578,7.06464458233945
"421010379004",0.19659523996048,8.45359531830065
"421010379005",0.171483656214487,8.05973184208087
"421010379006",0.1814912001159,7.07815680452009
"421010380001",0.158316927140198,9.02406484699131
"421010380002",0.250117783390501,5.50259123459102
"421010381001",0.151228841203161,9.52741699579912
"421010381002",0.267145119124091,9.0829340502191
"421010382001",0.161938853489389,9.0685757954058
"421010382002",0.174540215808947,9.07609122206526
"421010382003",0.13562207181829,9.49354502728032
"421010383001",0.129642925496854,9.33429063577351
"421010383002",0.282724624845434,9.04718799505388
"421010383003",0.227953375689228,8.20632152481221
"421010384001",0.243808156329982,8.77709362787935
"421010384002",0.345101533316121,8.62753833290303
"421010385001",0.247276332694056,9.39650064237413
"421010385002",0.301038068219699,5.41868522795458
"421010386001",0.452859456252307,7.69861075628921
"421010387001",0.430428134556575,2.58256880733945
"421010387002",0.379537236786685,8.34981920930706
"421010388001",0.615567929836328,6.15567929836328
"421010388002",0.285744780020635,8.28659862059842
"421010388003",0.226899780971791,6.12629408623835
"421010388004",0.391152396600419,8.60535272520921
"421010389001",0.115141398353349,9.67187746168128
"421010389002",0.221535696156939,8.19682075780674
"421010389003",0.243959190910888,9.02649006370284
"421010390001",0.15694972530193,9.26003379281389
"421010390002",0.225,9
"421010390003",0.228691118484482,8.00418914695686
"421010390004",0.470783897258978,8.00332625340262
"421010390005",0.22765767808519,9.10630712340761
"421010390006",0.282103944357525,9.02732621944079
"421010390007",0.204545454545455,9
"421010390008",0.228810499616078,8.00836748656273
"421019801001",0.401070691104888,5.61498967546844
"421019802001",0.188777126223552,9.62763343740115
"421019891001",0.330858426439113,5.2937348230258
