year,month,day,region,iso_country_code,total_visits,total_devices_seen,total_home_visits,total_home_visitors
2021,10,1,ALL,"",65267645,15836595,22774187,12444212
2021,10,1,ALL_CA,CA,497987,303006,497987,303006
2021,10,1,ALL_US,US,64769658,15533950,22276200,12141206
2021,10,1,ab,CA,68961,42327,68961,42327
2021,10,1,ak,US,68255,20681,24412,15341
2021,10,1,al,US,1855660,413180,621013,326627
2021,10,1,ar,US,993338,234572,344876,182790
2021,10,1,as,US,4,4,2,2
2021,10,1,az,US,1256260,308397,411056,231906
2021,10,1,bc,CA,60891,38834,60891,38834
2021,10,1,ca,US,5142202,1277940,1687946,961150
2021,10,1,co,US,978088,256171,314220,177108
2021,10,1,ct,US,488919,134892,181252,98081
2021,10,1,dc,US,79218,31684,16092,9710
2021,10,1,de,US,167392,46776,59015,32173
2021,10,1,fl,US,4658594,1073292,1545787,828546
2021,10,1,ga,US,2912485,674101,951610,503882
2021,10,1,gu,US,40,35,34,31
2021,10,1,hi,US,227166,53832,63524,40041
2021,10,1,ia,US,867883,221920,315673,168524
2021,10,1,id,US,305840,83309,109647,62498
2021,10,1,il,US,2504007,636027,891800,485443
2021,10,1,in,US,1564093,390543,560730,300214
2021,10,1,ks,US,774080,191451,279158,146694
2021,10,1,ky,US,1064798,263634,366314,197888
2021,10,1,la,US,1248319,293413,418096,222948
2021,10,1,ma,US,841809,236574,291547,159815
2021,10,1,mb,CA,23264,13896,23264,13896
2021,10,1,md,US,873182,242801,303386,171049
2021,10,1,me,US,191493,52106,72436,40244
2021,10,1,mi,US,1805136,474038,663966,361211
2021,10,1,mn,US,948782,266843,339688,193770
2021,10,1,mo,US,1739638,422530,591773,319646
2021,10,1,mp,US,6,6,6,6
2021,10,1,ms,US,997102,223862,331214,175353
2021,10,1,mt,US,159446,43955,54271,31913
2021,10,1,nb,CA,8745,5365,8745,5365
2021,10,1,nc,US,2262158,545218,801626,426736
2021,10,1,nd,US,161260,42849,56152,30796
2021,10,1,ne,US,503846,127897,179542,95003
2021,10,1,nh,US,209168,59405,76357,42001
2021,10,1,nj,US,1500263,391598,559455,295936
2021,10,1,nl,CA,6597,3806,6597,3806
2021,10,1,nm,US,295438,83201,100235,56755
2021,10,1,ns,CA,11515,7021,11515,7021
2021,10,1,nt,CA,287,199,287,199
2021,10,1,nu,CA,111,74,111,74
2021,10,1,nv,US,633577,150680,173740,100103
2021,10,1,ny,US,2686747,732983,938488,516721
2021,10,1,oh,US,2478501,618605,897334,482314
2021,10,1,ok,US,1250649,293469,425077,224621
2021,10,1,on,CA,195311,118009,195311,118009
2021,10,1,or,US,601843,172047,202272,120983
2021,10,1,pa,US,2056894,557686,757664,415546
2021,10,1,pe,CA,1538,930,1538,930
2021,10,1,pr,US,7966,5833,4259,3530
2021,10,1,qc,CA,101294,60937,101294,60937
2021,10,1,ri,US,149895,41165,51043,27549
2021,10,1,sc,US,1372771,328197,480586,251751
2021,10,1,sd,US,193473,49614,67011,36549
2021,10,1,sk,CA,19261,11457,19261,11457
2021,10,1,tn,US,1870512,450488,610297,329707
2021,10,1,tx,US,7161325,1689318,2426989,1309220
2021,10,1,ut,US,534574,140872,185973,102925
2021,10,1,va,US,1479128,376624,518444,281648
2021,10,1,vi,US,91,70,0,0
2021,10,1,vt,US,68573,20625,25591,14491
2021,10,1,wa,US,1019186,289713,364432,219124
2021,10,1,wi,US,1084805,289433,393578,218464
2021,10,1,wv,US,373925,100668,135690,74943
2021,10,1,wy,US,99855,28325,33821,19192
2021,10,1,yt,CA,212,151,212,151
2021,10,2,ALL,"",59739427,16034369,21613501,12222083
2021,10,2,ALL_CA,CA,462561,291190,462561,291190
2021,10,2,ALL_US,US,59276866,15743381,21150940,11930893
2021,10,2,ab,CA,65128,41803,65128,41803
2021,10,2,ak,US,61324,23126,25248,16908
2021,10,2,al,US,1567773,416458,569800,317396
2021,10,2,ar,US,812939,232111,314443,178680
2021,10,2,as,US,1,1,1,1
2021,10,2,az,US,1150235,319016,396252,233950
2021,10,2,bc,CA,60072,39675,60072,39675
2021,10,2,ca,US,4820326,1349333,1643403,980626
2021,10,2,co,US,926886,263665,308259,177786
2021,10,2,ct,US,453712,133992,174403,95425
2021,10,2,dc,US,78169,31342,15573,9549
2021,10,2,de,US,159690,47850,55663,31282
2021,10,2,fl,US,4333665,1078642,1448584,804908
2021,10,2,ga,US,2682388,674257,902878,492045
2021,10,2,gu,US,35,33,32,31
2021,10,2,hi,US,217732,59535,68265,42601
2021,10,2,ia,US,791443,224141,295746,163269
2021,10,2,id,US,277229,85684,105902,63300
2021,10,2,il,US,2317971,646249,860571,480187
2021,10,2,in,US,1417431,394287,534979,294760
2021,10,2,ks,US,706407,191731,264261,143621
2021,10,2,ky,US,912828,259002,335382,189424
2021,10,2,la,US,1101038,291852,386381,216322
2021,10,2,ma,US,791120,238051,283011,156277
2021,10,2,mb,CA,21493,13414,21493,13414
2021,10,2,md,US,826062,243633,293678,167189
2021,10,2,me,US,172869,52881,69213,39660
2021,10,2,mi,US,1620617,479629,631710,354759
2021,10,2,mn,US,855685,263922,321071,186474
2021,10,2,mo,US,1603832,429914,561154,313629
2021,10,2,mp,US,5,4,5,4
2021,10,2,ms,US,835041,222906,306211,170471
2021,10,2,mt,US,140972,45265,52487,32390
2021,10,2,nb,CA,8034,5021,8034,5021
2021,10,2,nc,US,2052773,542177,751057,412304
2021,10,2,nd,US,141709,42501,52340,30019
2021,10,2,ne,US,469359,130126,170241,92098
2021,10,2,nh,US,199634,61430,73526,41034
2021,10,2,nj,US,1431122,394953,537717,288105
2021,10,2,nl,CA,5882,3484,5882,3484
2021,10,2,nm,US,276484,85716,96233,57039
2021,10,2,ns,CA,10342,6461,10342,6461
2021,10,2,nt,CA,287,199,287,199
2021,10,2,nu,CA,99,69,99,69
2021,10,2,nv,US,616862,160000,168463,102449
2021,10,2,ny,US,2442407,730983,888286,504851
2021,10,2,oh,US,2296160,625265,870673,475135
2021,10,2,ok,US,1102430,293752,390365,218171
2021,10,2,on,CA,180887,111231,180887,111231
2021,10,2,or,US,543979,181742,199044,125733
2021,10,2,pa,US,1926580,563135,723365,404163
2021,10,2,pe,CA,1524,923,1524,923
2021,10,2,pr,US,6424,4746,3740,3084
2021,10,2,qc,CA,90523,57455,90523,57455
2021,10,2,ri,US,144751,42805,49654,27235
2021,10,2,sc,US,1249719,329320,442491,242403
2021,10,2,sd,US,184216,50923,63275,35552
2021,10,2,sk,CA,18056,11286,18056,11286
2021,10,2,tn,US,1640356,451222,568514,320561
2021,10,2,tx,US,6634009,1687469,2290743,1272658
2021,10,2,ut,US,487946,145241,179946,104000
2021,10,2,va,US,1380906,375750,491457,273518
2021,10,2,vi,US,95,70,0,0
2021,10,2,vt,US,59556,20771,24090,14298
2021,10,2,wa,US,934504,306295,356150,227171
2021,10,2,wi,US,1002129,295764,376565,214121
2021,10,2,wv,US,328864,99639,125878,72722
2021,10,2,wy,US,88467,29422,32561,19552
2021,10,2,yt,CA,234,169,234,169
2021,10,3,ALL,"",51788296,16065954,22566724,12946870
2021,10,3,ALL_CA,CA,497621,316784,497621,316784
2021,10,3,ALL_US,US,51290675,15749364,22069103,12630086
2021,10,3,ab,CA,67714,44196,67714,44196
2021,10,3,ak,US,52399,20777,23052,15557
2021,10,3,al,US,1350333,411752,603768,337537
2021,10,3,ar,US,740441,229984,341008,188249
2021,10,3,as,US,1,1,1,1
2021,10,3,az,US,970799,306991,381645,234256
2021,10,3,bc,CA,60357,39968,60357,39968
2021,10,3,ca,US,4237775,1286504,1608359,980243
2021,10,3,co,US,787379,259055,307808,183995
2021,10,3,ct,US,407628,139790,183967,102709
2021,10,3,dc,US,63264,29509,16862,10361
2021,10,3,de,US,134550,48176,58774,33877
2021,10,3,fl,US,3799383,1094792,1524823,860005
2021,10,3,ga,US,2315235,680942,963168,529316
2021,10,3,gu,US,34,33,30,30
2021,10,3,hi,US,186986,54227,62882,40410
2021,10,3,ia,US,674741,222739,316900,175126
2021,10,3,id,US,220383,83126,102630,64825
2021,10,3,il,US,2004480,650565,887321,506593
2021,10,3,in,US,1209202,395972,558877,314227
2021,10,3,ks,US,596904,190750,276282,152009
2021,10,3,ky,US,766968,258034,347703,200271
2021,10,3,la,US,954319,292773,417989,231669
2021,10,3,ma,US,707566,247828,297169,168790
2021,10,3,mb,CA,23204,14557,23204,14557
2021,10,3,md,US,724743,250179,312708,181282
2021,10,3,me,US,151807,53978,71868,42495
2021,10,3,mi,US,1398336,494563,672023,388225
2021,10,3,mn,US,771796,267947,347957,201198
2021,10,3,mo,US,1343225,426279,590297,331722
2021,10,3,mp,US,7,7,7,7
2021,10,3,ms,US,722938,222585,328728,182559
2021,10,3,mt,US,118382,44703,53305,33706
2021,10,3,nb,CA,8960,5559,8960,5559
2021,10,3,nc,US,1795678,553617,810302,447015
2021,10,3,nd,US,119444,42756,56319,32662
2021,10,3,ne,US,409559,129561,183785,99161
2021,10,3,nh,US,174656,62613,77549,44434
2021,10,3,nj,US,1261662,407116,563516,308154
2021,10,3,nl,CA,6842,4037,6842,4037
2021,10,3,nm,US,239197,84218,96660,58774
2021,10,3,ns,CA,11717,7300,11717,7300
2021,10,3,nt,CA,275,203,275,203
2021,10,3,nu,CA,100,78,100,78
2021,10,3,nv,US,526383,152207,161255,100977
2021,10,3,ny,US,2167584,754046,931795,541422
2021,10,3,oh,US,1935107,640292,908947,512253
2021,10,3,ok,US,971165,292178,422925,232313
2021,10,3,on,CA,195609,124130,195609,124130
2021,10,3,or,US,478015,172197,194501,124341
2021,10,3,pa,US,1696833,584028,777656,442044
2021,10,3,pe,CA,1642,987,1642,987
2021,10,3,pr,US,4988,3843,3282,2765
2021,10,3,qc,CA,102166,63617,102166,63617
2021,10,3,ri,US,123938,43865,52344,29371
2021,10,3,sc,US,1085877,332166,485780,264391
2021,10,3,sd,US,148865,50250,68769,38663
2021,10,3,sk,CA,18825,11996,18825,11996
2021,10,3,tn,US,1373531,441708,580817,334886
2021,10,3,tx,US,5757007,1685481,2406192,1348536
2021,10,3,ut,US,348541,141326,164451,107679
2021,10,3,va,US,1215081,385524,527987,296822
2021,10,3,vi,US,70,59,0,0
2021,10,3,vt,US,53040,21219,25450,15356
2021,10,3,wa,US,786225,289154,343601,225107
2021,10,3,wi,US,845686,299771,397646,232372
2021,10,3,wv,US,286088,100940,136778,78845
2021,10,3,wy,US,74451,28993,32885,20494
2021,10,3,yt,CA,210,156,210,156
2021,10,4,ALL,"",58970593,16304633,23599446,13057980
2021,10,4,ALL_CA,CA,527297,323136,527297,323136
2021,10,4,ALL_US,US,58443296,15981767,23072149,12734844
2021,10,4,ab,CA,73930,45824,73930,45824
2021,10,4,ak,US,66186,22961,25507,16745
2021,10,4,al,US,1597545,410173,634057,339601
2021,10,4,ar,US,908376,231564,357007,188685
2021,10,4,as,US,1,1,1,1
2021,10,4,az,US,1101155,327561,406208,249080
2021,10,4,bc,CA,64912,42489,64912,42489
2021,10,4,ca,US,4713734,1388723,1709626,1035586
2021,10,4,co,US,898439,265803,326624,189952
2021,10,4,ct,US,435088,137386,186260,102637
2021,10,4,dc,US,69504,30236,17476,10498
2021,10,4,de,US,150559,45850,61976,33807
2021,10,4,fl,US,4302081,1094758,1630826,863633
2021,10,4,ga,US,2563003,674109,1001078,528890
2021,10,4,gu,US,21,20,16,15
2021,10,4,hi,US,213765,58566,63952,42828
2021,10,4,ia,US,781408,219548,324458,174744
2021,10,4,id,US,276947,85827,112711,66983
2021,10,4,il,US,2251038,645793,917034,505593
2021,10,4,in,US,1385684,390549,579434,311341
2021,10,4,ks,US,699598,190885,287751,152281
2021,10,4,ky,US,893532,253191,359213,197279
2021,10,4,la,US,1132292,293621,435379,231994
2021,10,4,ma,US,742969,239856,301790,167700
2021,10,4,mb,CA,24489,14761,24489,14761
2021,10,4,md,US,800141,247687,326676,182837
2021,10,4,me,US,173565,52104,75034,41388
2021,10,4,mi,US,1631191,483831,700866,381850
2021,10,4,mn,US,872300,267331,354291,201763
2021,10,4,mo,US,1542941,422711,608149,332114
2021,10,4,mp,US,7,7,7,7
2021,10,4,ms,US,879963,222559,343462,182856
2021,10,4,mt,US,145502,45717,56882,34427
2021,10,4,nb,CA,9343,5602,9343,5602
2021,10,4,nc,US,2019830,549337,840721,447112
2021,10,4,nd,US,149393,43521,60002,32795
2021,10,4,ne,US,459594,128655,185972,99236
2021,10,4,nh,US,185854,58481,79453,43633
2021,10,4,nj,US,1358861,398039,580401,308724
2021,10,4,nl,CA,7270,4077,7270,4077
2021,10,4,nm,US,277384,85443,104014,60662
2021,10,4,ns,CA,12338,7380,12338,7380
2021,10,4,nt,CA,308,211,308,211
2021,10,4,nu,CA,126,86,126,86
2021,10,4,nv,US,545351,157247,168399,106794
2021,10,4,ny,US,2451252,756681,977093,542619
2021,10,4,oh,US,2227105,631281,945008,505517
2021,10,4,ok,US,1135095,289602,438530,232405
2021,10,4,on,CA,205144,125280,205144,125280
2021,10,4,or,US,557168,183432,208243,132352
2021,10,4,pa,US,1879077,569946,799354,437991
2021,10,4,pe,CA,1701,1020,1701,1020
2021,10,4,pr,US,8075,5820,4507,3655
2021,10,4,qc,CA,106755,63776,106755,63776
2021,10,4,ri,US,129675,41290,52744,29019
2021,10,4,sc,US,1214819,324641,504831,263519
2021,10,4,sd,US,176431,50126,71157,38911
2021,10,4,sk,CA,20740,12445,20740,12445
2021,10,4,tn,US,1607799,436137,611353,333527
2021,10,4,tx,US,6593315,1692973,2508124,1358359
2021,10,4,ut,US,500290,146408,195057,110818
2021,10,4,va,US,1340543,381963,546344,296699
2021,10,4,vi,US,101,77,0,0
2021,10,4,vt,US,62688,20559,26705,15152
2021,10,4,wa,US,936135,309317,373502,238253
2021,10,4,wi,US,968625,295094,407918,230459
2021,10,4,wv,US,335765,99548,142787,78471
2021,10,4,wy,US,94536,29751,36179,21052
2021,10,4,yt,CA,241,185,241,185
2021,10,5,ALL,"",58758709,16100126,23251467,12945973
2021,10,5,ALL_CA,CA,513054,310164,513054,310164
2021,10,5,ALL_US,US,58245655,15790244,22738413,12635809
2021,10,5,ab,CA,70767,43359,70767,43359
2021,10,5,ak,US,63668,21005,24145,15754
2021,10,5,al,US,1572111,406411,624970,338535
2021,10,5,ar,US,900960,231560,351656,189136
2021,10,5,az,US,1081272,315629,397190,243096
2021,10,5,bc,CA,60679,39102,60679,39102
2021,10,5,ca,US,4638637,1296079,1658348,996349
2021,10,5,co,US,895906,261248,320755,187373
2021,10,5,ct,US,448437,135465,186712,101708
2021,10,5,dc,US,70911,32032,17580,10559
2021,10,5,de,US,146686,45608,60686,33846
2021,10,5,fl,US,4283266,1089433,1607709,863067
2021,10,5,ga,US,2521138,672459,983596,528932
2021,10,5,gu,US,29,29,26,26
2021,10,5,hi,US,209973,54918,61656,40812
2021,10,5,ia,US,786378,219842,319792,175171
2021,10,5,id,US,278352,84072,111884,66091
2021,10,5,il,US,2258860,644731,906549,504407
2021,10,5,in,US,1402535,390487,575356,311318
2021,10,5,ks,US,698253,189320,283251,151559
2021,10,5,ky,US,892384,253136,358825,198196
2021,10,5,la,US,1136482,291949,428098,231137
2021,10,5,ma,US,762181,237883,299967,166155
2021,10,5,mb,CA,23926,14168,23926,14168
2021,10,5,md,US,788358,244185,320973,181332
2021,10,5,me,US,174315,52145,74429,41413
2021,10,5,mi,US,1647565,480311,694920,379197
2021,10,5,mn,US,874788,262920,348751,200258
2021,10,5,mo,US,1531009,415890,601917,333465
2021,10,5,mp,US,8,7,8,7
2021,10,5,ms,US,872892,221124,338562,182043
2021,10,5,mt,US,144152,44968,55862,33993
2021,10,5,nb,CA,9326,5550,9326,5550
2021,10,5,nc,US,2024986,546977,832685,447796
2021,10,5,nd,US,148834,43146,59064,32792
2021,10,5,ne,US,460567,127851,183983,99025
2021,10,5,nh,US,189703,58737,79782,43849
2021,10,5,nj,US,1366727,394359,575243,306944
2021,10,5,nl,CA,7237,4034,7237,4034
2021,10,5,nm,US,275185,85502,101715,59821
2021,10,5,ns,CA,12179,7156,12179,7156
2021,10,5,nt,CA,310,198,310,198
2021,10,5,nu,CA,123,75,123,75
2021,10,5,nv,US,544806,149760,170205,103429
2021,10,5,ny,US,2487315,753394,970909,539584
2021,10,5,oh,US,2238394,628451,936127,504109
2021,10,5,ok,US,1128922,285934,433517,231387
2021,10,5,on,CA,201760,121513,201760,121513
2021,10,5,or,US,535777,173250,200261,127201
2021,10,5,pa,US,1877444,570129,792058,436104
2021,10,5,pe,CA,1637,956,1637,956
2021,10,5,pr,US,7414,5582,3967,3362
2021,10,5,qc,CA,104870,62146,104870,62146
2021,10,5,ri,US,135675,41794,52751,28762
2021,10,5,sc,US,1188816,322480,494622,263038
2021,10,5,sd,US,176892,49340,69100,38560
2021,10,5,sk,CA,20028,11752,20028,11752
2021,10,5,tn,US,1566562,435329,602676,333963
2021,10,5,tx,US,6603421,1690869,2467237,1353308
2021,10,5,ut,US,492429,142054,191532,108856
2021,10,5,va,US,1338249,380936,540517,296404
2021,10,5,vi,US,101,76,0,0
2021,10,5,vt,US,63415,20464,26457,15076
2021,10,5,wa,US,910938,294219,360610,229418
2021,10,5,wi,US,971561,289492,401780,228691
2021,10,5,wv,US,336704,99968,142095,78679
2021,10,5,wy,US,93312,28953,35347,20718
2021,10,5,yt,CA,212,155,212,155
2021,10,6,ALL,"",57545513,14716701,22477141,12079025
2021,10,6,ALL_CA,CA,464157,263788,464157,263788
2021,10,6,ALL_US,US,57081356,14453249,22012984,11815237
2021,10,6,ab,CA,65512,38673,65512,38673
2021,10,6,ak,US,59665,18399,22064,13969
2021,10,6,al,US,1551432,388421,608933,323852
2021,10,6,ar,US,883200,220226,342806,181027
2021,10,6,as,US,1,1,1,1
2021,10,6,az,US,1066141,280448,378814,220620
2021,10,6,bc,CA,55697,34038,55697,34038
2021,10,6,ca,US,4471662,1157930,1586186,922568
2021,10,6,co,US,868403,234228,306337,171692
2021,10,6,ct,US,435959,118774,179903,92593
2021,10,6,dc,US,66366,28413,16069,9273
2021,10,6,de,US,146416,41877,58873,31137
2021,10,6,fl,US,4249391,1025944,1577773,823812
2021,10,6,ga,US,2524869,641957,967184,508187
2021,10,6,gu,US,23,23,21,21
2021,10,6,hi,US,204580,49977,59962,38128
2021,10,6,ia,US,771636,202238,313933,162946
2021,10,6,id,US,269068,75895,105392,59996
2021,10,6,il,US,2203164,588690,877501,471437
2021,10,6,in,US,1366392,362524,558910,293167
2021,10,6,ks,US,689104,176605,276279,142921
2021,10,6,ky,US,864305,236194,343959,186336
2021,10,6,la,US,1118851,275813,416651,220635
2021,10,6,ma,US,746979,207255,290264,149843
2021,10,6,mb,CA,21666,12169,21666,12169
2021,10,6,md,US,768669,219523,306595,165324
2021,10,6,me,US,172366,46999,71606,37380
2021,10,6,mi,US,1612359,434716,671533,351972
2021,10,6,mn,US,846504,233313,333854,181717
2021,10,6,mo,US,1496317,387094,584719,312374
2021,10,6,mp,US,7,6,7,6
2021,10,6,ms,US,859202,212158,329385,174912
2021,10,6,mt,US,139963,39530,52412,29944
2021,10,6,nb,CA,7892,4286,7892,4286
2021,10,6,nc,US,1993520,513695,810336,422908
2021,10,6,nd,US,143187,38406,56280,29453
2021,10,6,ne,US,454005,116872,178914,92268
2021,10,6,nh,US,187713,52199,76583,39483
2021,10,6,nj,US,1338260,358558,558257,285939
2021,10,6,nl,CA,6711,3342,6711,3342
2021,10,6,nm,US,266754,77427,97263,54597
2021,10,6,ns,CA,10494,5653,10494,5653
2021,10,6,nt,CA,231,134,231,134
2021,10,6,nu,CA,90,54,90,54
2021,10,6,nv,US,528636,133214,162882,95458
2021,10,6,ny,US,2435515,676361,938291,498406
2021,10,6,oh,US,2197076,576651,907605,470779
2021,10,6,ok,US,1107471,270045,421279,221592
2021,10,6,on,CA,182388,103171,182388,103171
2021,10,6,or,US,522782,152780,188155,113436
2021,10,6,pa,US,1841340,515908,763287,401575
2021,10,6,pe,CA,1434,742,1434,742
2021,10,6,pr,US,7778,5732,4551,3763
2021,10,6,qc,CA,93595,51136,93595,51136
2021,10,6,ri,US,134309,36642,50912,26048
2021,10,6,sc,US,1188898,309929,485830,252570
2021,10,6,sd,US,172907,44305,66604,34866
2021,10,6,sk,CA,18281,10284,18281,10284
2021,10,6,tn,US,1546927,412328,586010,317177
2021,10,6,tx,US,6469485,1569916,2398757,1283196
2021,10,6,ut,US,479340,128707,182227,99389
2021,10,6,va,US,1297490,349485,521048,277182
2021,10,6,vi,US,155,127,0,0
2021,10,6,vt,US,62601,18155,25132,13333
2021,10,6,wa,US,886644,260703,339658,205916
2021,10,6,wi,US,946136,255860,385722,206503
2021,10,6,wv,US,329799,93256,136356,73267
2021,10,6,wy,US,89634,25852,33119,18347
2021,10,6,yt,CA,166,107,166,107
2021,10,7,ALL,"",61340647,16461857,23426016,13070893
2021,10,7,ALL_CA,CA,503623,301868,503623,301868
2021,10,7,ALL_US,US,60837024,16160331,22922393,12769025
2021,10,7,ab,CA,69673,42553,69673,42553
2021,10,7,ak,US,65020,21402,24377,15940
2021,10,7,al,US,1662933,412231,619008,335473
2021,10,7,ar,US,942527,234567,352876,189902
2021,10,7,az,US,1146574,321532,400973,242306
2021,10,7,bc,CA,60505,38555,60505,38555
2021,10,7,ca,US,4807975,1339330,1679463,1010478
2021,10,7,co,US,929953,270005,323496,188988
2021,10,7,ct,US,472549,139476,192175,103829
2021,10,7,dc,US,74269,34749,17306,10633
2021,10,7,de,US,156610,47279,61390,34114
2021,10,7,fl,US,4523188,1133417,1622813,877668
2021,10,7,ga,US,2643362,687984,975862,528960
2021,10,7,gu,US,26,26,23,23
2021,10,7,hi,US,215121,56221,61894,40878
2021,10,7,ia,US,816990,225505,324145,177104
2021,10,7,id,US,288683,86962,112042,66569
2021,10,7,il,US,2335633,668755,915731,511613
2021,10,7,in,US,1454931,400924,581512,315634
2021,10,7,ks,US,726973,193302,285464,152869
2021,10,7,ky,US,923497,260755,357847,199896
2021,10,7,la,US,1176599,296709,428401,231845
2021,10,7,ma,US,806502,244678,308970,169712
2021,10,7,mb,CA,23436,13790,23436,13790
2021,10,7,md,US,836792,253603,326182,184461
2021,10,7,me,US,184860,54172,76188,42364
2021,10,7,mi,US,1720938,500335,706286,388669
2021,10,7,mn,US,908412,272356,353041,203631
2021,10,7,mo,US,1589533,422227,604718,333980
2021,10,7,mp,US,8,7,8,7
2021,10,7,ms,US,911951,224909,333030,180412
2021,10,7,mt,US,149471,46612,56669,34798
2021,10,7,nb,CA,8773,5160,8773,5160
2021,10,7,nc,US,2084954,567422,837416,455810
2021,10,7,nd,US,152642,44097,59144,32948
2021,10,7,ne,US,478415,130663,184207,99630
2021,10,7,nh,US,200655,60628,81334,44518
2021,10,7,nj,US,1436568,405090,587158,312188
2021,10,7,nl,CA,6951,3717,6951,3717
2021,10,7,nm,US,284795,89512,101683,60164
2021,10,7,ns,CA,11810,6843,11810,6843
2021,10,7,nt,CA,277,177,277,177
2021,10,7,nu,CA,106,68,106,68
2021,10,7,nv,US,576895,155622,174204,105499
2021,10,7,ny,US,2624780,774993,990149,547890
2021,10,7,oh,US,2337333,646653,946235,513150
2021,10,7,ok,US,1163934,288724,432731,231793
2021,10,7,on,CA,197107,117574,197107,117574
2021,10,7,or,US,564285,176981,203311,128030
2021,10,7,pa,US,1970394,590637,806089,444345
2021,10,7,pe,CA,1632,956,1632,956
2021,10,7,pr,US,7866,5843,4378,3671
2021,10,7,qc,CA,103608,60805,103608,60805
2021,10,7,ri,US,144412,43853,54172,29430
2021,10,7,sc,US,1245340,332657,494780,265505
2021,10,7,sd,US,183749,50622,69485,38573
2021,10,7,sk,CA,19548,11522,19548,11522
2021,10,7,tn,US,1666843,451137,608592,336715
2021,10,7,tx,US,6860841,1724326,2469964,1356382
2021,10,7,ut,US,512892,145120,192328,109097
2021,10,7,va,US,1392459,393044,544851,300814
2021,10,7,vi,US,142,116,0,0
2021,10,7,vt,US,67676,21383,27275,15382
2021,10,7,wa,US,960017,301900,365921,230552
2021,10,7,wi,US,1003415,299464,408180,233882
2021,10,7,wv,US,346549,103289,140924,79107
2021,10,7,wy,US,97293,30294,35992,21201
2021,10,7,yt,CA,197,148,197,148
2021,10,8,ALL,"",64470979,16155326,22548387,12462899
2021,10,8,ALL_CA,CA,488312,292033,488312,292033
2021,10,8,ALL_US,US,63982667,15863687,22060075,12170866
2021,10,8,ab,CA,67432,41060,67432,41060
2021,10,8,ak,US,68279,20903,24139,15512
2021,10,8,al,US,1784543,418025,599661,320694
2021,10,8,ar,US,1005014,235789,344623,182241
2021,10,8,as,US,3,3,3,3
2021,10,8,az,US,1207624,315027,395042,231046
2021,10,8,bc,CA,59545,37118,59545,37118
2021,10,8,ca,US,5080941,1305403,1675464,969042
2021,10,8,co,US,971102,265697,315973,180430
2021,10,8,ct,US,488294,139012,182420,98986
2021,10,8,dc,US,77803,35020,15594,9669
2021,10,8,de,US,159789,47894,57245,32445
2021,10,8,fl,US,4711049,1131002,1548074,842140
2021,10,8,ga,US,2781514,684244,918087,498731
2021,10,8,gu,US,35,34,29,29
2021,10,8,hi,US,228931,55203,62678,39803
2021,10,8,ia,US,859516,223525,312681,167999
2021,10,8,id,US,298323,86224,110031,63912
2021,10,8,il,US,2451048,653783,877156,483891
2021,10,8,in,US,1524751,397918,551003,298955
2021,10,8,ks,US,761193,191052,277393,146156
2021,10,8,ky,US,986259,263779,346868,192690
2021,10,8,la,US,1232797,294328,412075,221280
2021,10,8,ma,US,837290,241580,291573,160538
2021,10,8,mb,CA,23202,13577,23202,13577
2021,10,8,md,US,884355,251321,311797,174783
2021,10,8,me,US,185897,53867,70701,40073
2021,10,8,mi,US,1779715,492050,670560,370307
2021,10,8,mn,US,948398,266619,338305,191588
2021,10,8,mo,US,1733486,423991,590584,319169
2021,10,8,mp,US,11,10,11,10
2021,10,8,ms,US,972225,227136,321933,172035
2021,10,8,mt,US,158034,45428,55143,32679
2021,10,8,nb,CA,8864,5155,8864,5155
2021,10,8,nc,US,2199981,562796,802692,433957
2021,10,8,nd,US,162061,44259,57028,31530
2021,10,8,ne,US,500765,129115,179928,95239
2021,10,8,nh,US,211528,61724,76226,42134
2021,10,8,nj,US,1503442,401013,564977,299749
2021,10,8,nl,CA,6506,3687,6506,3687
2021,10,8,nm,US,295240,88565,98583,57216
2021,10,8,ns,CA,11147,6623,11147,6623
2021,10,8,nt,CA,279,165,279,165
2021,10,8,nu,CA,105,66,105,66
2021,10,8,nv,US,631125,156231,172031,101179
2021,10,8,ny,US,2710639,764104,941200,521480
2021,10,8,oh,US,2467400,639087,895252,488634
2021,10,8,ok,US,1224129,288810,418751,221894
2021,10,8,on,CA,192255,114471,192255,114471
2021,10,8,or,US,567825,173234,196589,122173
2021,10,8,pa,US,2077512,586605,763113,422730
2021,10,8,pe,CA,1507,906,1507,906
2021,10,8,pr,US,7219,5406,3851,3283
2021,10,8,qc,CA,98283,57843,98283,57843
2021,10,8,ri,US,151032,43560,51284,27838
2021,10,8,sc,US,1319634,334086,473860,253328
2021,10,8,sd,US,188746,49953,66003,36158
2021,10,8,sk,CA,18971,11212,18971,11212
2021,10,8,tn,US,1792175,457347,587660,322412
2021,10,8,tx,US,7189580,1698957,2379314,1291764
2021,10,8,ut,US,528184,143406,187798,104556
2021,10,8,va,US,1487823,392123,521622,286683
2021,10,8,vi,US,182,147,0,0
2021,10,8,vt,US,69983,21863,25466,14420
2021,10,8,wa,US,989477,295926,359457,220770
2021,10,8,wi,US,1065079,293913,391302,219431
2021,10,8,wv,US,363962,104032,134506,75465
2021,10,8,wy,US,99725,29527,34736,20010
2021,10,8,yt,CA,216,150,216,150
2021,10,9,ALL,"",58662682,15632597,20953767,11814775
2021,10,9,ALL_CA,CA,435138,268134,435138,268134
2021,10,9,ALL_US,US,58227544,15364671,20518629,11546641
2021,10,9,ab,CA,61221,38371,61221,38371
2021,10,9,ak,US,58437,20247,23083,15028
2021,10,9,al,US,1568476,413056,548630,304327
2021,10,9,ar,US,842758,227580,314916,172868
2021,10,9,as,US,2,2,1,1
2021,10,9,az,US,1126073,304848,378841,221861
2021,10,9,bc,CA,54581,35107,54581,35107
2021,10,9,ca,US,4658389,1257188,1569326,925695
2021,10,9,co,US,898716,255763,302394,173769
2021,10,9,ct,US,446197,133425,168219,92731
2021,10,9,dc,US,72757,32238,14866,9209
2021,10,9,de,US,154274,47769,55146,31194
2021,10,9,fl,US,4399790,1101618,1429415,798189
2021,10,9,ga,US,2500360,656199,854412,470810
2021,10,9,gu,US,52,49,40,37
2021,10,9,hi,US,209541,54680,62584,38760
2021,10,9,ia,US,751838,217896,285963,158538
2021,10,9,id,US,267272,83452,103237,61061
2021,10,9,il,US,2265597,625427,822627,455486
2021,10,9,in,US,1365185,381770,508854,279392
2021,10,9,ks,US,695210,186342,261827,139481
2021,10,9,ky,US,912784,259833,333542,187308
2021,10,9,la,US,1094180,283365,384329,210308
2021,10,9,ma,US,752191,228498,266603,148904
2021,10,9,mb,CA,20540,12622,20540,12622
2021,10,9,md,US,818484,243613,290511,166369
2021,10,9,me,US,171942,53096,66762,38003
2021,10,9,mi,US,1613414,470237,626614,349335
2021,10,9,mn,US,863882,262204,324794,186621
2021,10,9,mo,US,1588730,413127,552056,302367
2021,10,9,mp,US,11,10,11,10
2021,10,9,ms,US,855765,222546,293894,162388
2021,10,9,mt,US,136786,43980,51115,31539
2021,10,9,nb,CA,7906,4757,7906,4757
2021,10,9,nc,US,1986648,545947,725434,409889
2021,10,9,nd,US,143089,43767,51426,30389
2021,10,9,ne,US,452044,126222,164338,89136
2021,10,9,nh,US,200853,61809,70615,39380
2021,10,9,nj,US,1403057,394630,527930,285079
2021,10,9,nl,CA,5586,3355,5586,3355
2021,10,9,nm,US,269431,86056,92484,54824
2021,10,9,ns,CA,9784,5912,9784,5912
2021,10,9,nt,CA,254,180,254,180
2021,10,9,nu,CA,97,63,97,63
2021,10,9,nv,US,618603,154140,162474,97682
2021,10,9,ny,US,2383213,730003,855742,490075
2021,10,9,oh,US,2305218,617535,851684,463782
2021,10,9,ok,US,1034331,279924,381564,211690
2021,10,9,on,CA,170951,104678,170951,104678
2021,10,9,or,US,523229,168468,189697,118334
2021,10,9,pa,US,1907807,566851,707616,397641
2021,10,9,pe,CA,1428,839,1428,839
2021,10,9,pr,US,5161,3842,3106,2588
2021,10,9,qc,CA,86004,51920,86004,51920
2021,10,9,ri,US,135154,42338,46852,26073
2021,10,9,sc,US,1213167,326098,434134,239866
2021,10,9,sd,US,166220,49318,60244,34413
2021,10,9,sk,CA,16580,10186,16580,10186
2021,10,9,tn,US,1610497,445572,542917,305688
2021,10,9,tx,US,6580463,1646000,2220082,1223533
2021,10,9,ut,US,480622,137230,172992,99523
2021,10,9,va,US,1361536,380659,475796,270451
2021,10,9,vi,US,153,119,0,0
2021,10,9,vt,US,66587,22021,24262,13780
2021,10,9,wa,US,900730,287072,340020,213691
2021,10,9,wi,US,980141,286574,366611,206481
2021,10,9,wv,US,326081,100323,124139,71806
2021,10,9,wy,US,84416,28703,31858,19258
2021,10,9,yt,CA,206,144,206,144
2021,10,10,ALL,"",52306683,16158738,22686554,13152450
2021,10,10,ALL_CA,CA,436525,283167,436525,283167
2021,10,10,ALL_US,US,51870158,15875781,22250029,12869286
2021,10,10,ab,CA,60161,40422,60161,40422
2021,10,10,ak,US,51879,20862,23971,16344
2021,10,10,al,US,1385108,411859,606230,335303
2021,10,10,ar,US,756255,236135,352650,195746
2021,10,10,as,US,2,2,2,2
2021,10,10,az,US,1003490,314325,396314,245289
2021,10,10,bc,CA,54726,36518,54726,36518
2021,10,10,ca,US,4265316,1289085,1635070,1007585
2021,10,10,co,US,789557,261948,317302,191952
2021,10,10,ct,US,397110,139158,176567,103121
2021,10,10,dc,US,63544,30559,16207,10435
2021,10,10,de,US,132642,49248,59383,35550
2021,10,10,fl,US,3957791,1127596,1549100,882538
2021,10,10,ga,US,2275811,667378,933389,518796
2021,10,10,gu,US,41,37,35,31
2021,10,10,hi,US,188324,54637,62511,40613
2021,10,10,ia,US,671590,226272,324054,181734
2021,10,10,id,US,223020,85293,109702,68636
2021,10,10,il,US,2024626,653179,875332,504853
2021,10,10,in,US,1218015,391435,556407,310410
2021,10,10,ks,US,606437,198561,288144,160316
2021,10,10,ky,US,841421,268806,379893,212109
2021,10,10,la,US,960874,292067,422641,237279
2021,10,10,ma,US,687113,239784,279427,165620
2021,10,10,mb,CA,19717,13159,19717,13159
2021,10,10,md,US,723845,254432,313912,187039
2021,10,10,me,US,157916,55664,69868,42217
2021,10,10,mi,US,1434252,488441,692958,396651
2021,10,10,mn,US,776529,270781,359220,210436
2021,10,10,mo,US,1390640,432629,614919,344621
2021,10,10,mp,US,9,9,9,9
2021,10,10,ms,US,725621,222665,327920,181309
2021,10,10,mt,US,118333,46145,55532,35876
2021,10,10,nb,CA,8192,5279,8192,5279
2021,10,10,nc,US,1824768,563960,810209,455259
2021,10,10,nd,US,119592,44233,57349,34444
2021,10,10,ne,US,406724,129995,186916,101944
2021,10,10,nh,US,181457,63723,74531,43786
2021,10,10,nj,US,1190302,406877,541380,313483
2021,10,10,nl,CA,6101,3675,6101,3675
2021,10,10,nm,US,234102,87684,97624,61117
2021,10,10,ns,CA,10032,6383,10032,6383
2021,10,10,nt,CA,261,191,261,191
2021,10,10,nu,CA,104,71,104,71
2021,10,10,nv,US,553304,158966,169086,106997
2021,10,10,ny,US,2122506,756104,892596,539086
2021,10,10,oh,US,2022541,640369,932910,517640
2021,10,10,ok,US,941600,300140,440759,243947
2021,10,10,on,CA,170738,109539,170738,109539
2021,10,10,or,US,468741,172294,200827,131556
2021,10,10,pa,US,1701361,589921,766803,446970
2021,10,10,pe,CA,1481,892,1481,892
2021,10,10,pr,US,6756,5079,4510,3665
2021,10,10,qc,CA,88550,56128,88550,56128
2021,10,10,ri,US,119465,43767,48897,29132
2021,10,10,sc,US,1103287,335162,487972,268273
2021,10,10,sd,US,145038,50159,66536,38774
2021,10,10,sk,CA,16250,10762,16250,10762
2021,10,10,tn,US,1434082,444508,586905,332043
2021,10,10,tx,US,5787929,1713372,2411910,1374395
2021,10,10,ut,US,375643,138927,181596,109356
2021,10,10,va,US,1219627,392192,521644,301432
2021,10,10,vi,US,107,86,0,0
2021,10,10,vt,US,61293,23047,26154,15714
2021,10,10,wa,US,803888,293528,357834,235215
2021,10,10,wi,US,850806,303664,412419,242546
2021,10,10,wv,US,292660,103287,139544,80697
2021,10,10,wy,US,75468,29878,34449,21775
2021,10,10,yt,CA,212,157,212,157
2021,10,11,ALL,"",57950222,16564435,23903870,13510464
2021,10,11,ALL_CA,CA,467199,309950,467199,309950
2021,10,11,ALL_US,US,57483023,16254804,23436671,13200514
2021,10,11,ab,CA,64409,44115,64409,44115
2021,10,11,ak,US,62658,21561,25512,16756
2021,10,11,al,US,1556602,416014,629173,343633
2021,10,11,ar,US,897659,237783,364930,196248
2021,10,11,as,US,3,3,2,2
2021,10,11,az,US,1109137,328066,419566,256309
2021,10,11,bc,CA,58185,39572,58185,39572
2021,10,11,ca,US,4600156,1343442,1718600,1042569
2021,10,11,co,US,898849,272723,336591,198154
2021,10,11,ct,US,431964,142171,191706,107822
2021,10,11,dc,US,62950,29801,18194,11410
2021,10,11,de,US,152183,48684,65107,36286
2021,10,11,fl,US,4378951,1148274,1676854,906013
2021,10,11,ga,US,2485358,675867,977415,533950
2021,10,11,gu,US,40,39,32,32
2021,10,11,hi,US,199273,55259,62209,41145
2021,10,11,ia,US,776663,229057,334942,183435
2021,10,11,id,US,275110,87636,118044,70167
2021,10,11,il,US,2067045,678380,909484,532018
2021,10,11,in,US,1320178,400988,577063,318231
2021,10,11,ks,US,684643,195981,291587,157804
2021,10,11,ky,US,960495,273165,393068,214936
2021,10,11,la,US,1108737,298535,442022,240187
2021,10,11,ma,US,706575,247917,308376,178592
2021,10,11,mb,CA,21489,14400,21489,14400
2021,10,11,md,US,818939,258285,337095,192074
2021,10,11,me,US,164994,55946,76829,44531
2021,10,11,mi,US,1680189,501145,745191,406926
2021,10,11,mn,US,886750,273160,372303,211508
2021,10,11,mo,US,1487177,430343,621006,346457
2021,10,11,mp,US,9,9,9,9
2021,10,11,ms,US,821550,223063,340882,186046
2021,10,11,mt,US,140835,47632,59920,36905
2021,10,11,nb,CA,8437,5489,8437,5489
2021,10,11,nc,US,2041805,572256,855121,463808
2021,10,11,nd,US,150078,44850,62856,34712
2021,10,11,ne,US,455385,131011,190485,102802
2021,10,11,nh,US,186288,64141,82278,46686
2021,10,11,nj,US,1357224,413095,592043,323297
2021,10,11,nl,CA,6599,3972,6599,3972
2021,10,11,nm,US,266261,88588,105922,63359
2021,10,11,ns,CA,10957,7105,10957,7105
2021,10,11,nt,CA,237,180,237,180
2021,10,11,nu,CA,95,72,95,72
2021,10,11,nv,US,574728,160329,182395,111187
2021,10,11,ny,US,2302881,769739,977216,566646
2021,10,11,oh,US,2233301,650464,973874,526398
2021,10,11,ok,US,1116671,292798,447000,240067
2021,10,11,on,CA,180456,120265,180456,120265
2021,10,11,or,US,547638,178948,213493,134771
2021,10,11,pa,US,1849844,592782,817102,459939
2021,10,11,pe,CA,1531,957,1531,957
2021,10,11,pr,US,8110,6143,5158,4274
2021,10,11,qc,CA,96933,61678,96933,61678
2021,10,11,ri,US,125943,44747,55362,31413
2021,10,11,sc,US,1227810,336915,511814,272116
2021,10,11,sd,US,164259,51153,71389,40552
2021,10,11,sk,CA,17656,11990,17656,11990
2021,10,11,tn,US,1547695,441272,597455,334248
2021,10,11,tx,US,6369150,1715674,2499091,1400797
2021,10,11,ut,US,491290,146121,197898,113001
2021,10,11,va,US,1331715,397654,555453,310366
2021,10,11,vi,US,118,95,0,0
2021,10,11,vt,US,64031,22707,28648,16416
2021,10,11,wa,US,926553,304586,380468,241272
2021,10,11,wi,US,981122,308692,435315,247604
2021,10,11,wv,US,335907,103565,147009,81869
2021,10,11,wy,US,91544,30997,38114,22793
2021,10,11,yt,CA,215,155,215,155
2021,10,12,ALL,"",58998504,16369068,24126413,13395107
2021,10,12,ALL_CA,CA,515339,307295,515339,307295
2021,10,12,ALL_US,US,58483165,16062138,23611074,13087812
2021,10,12,ab,CA,71413,43547,71413,43547
2021,10,12,ak,US,65032,21239,25149,16215
2021,10,12,al,US,1591592,410726,638582,344408
2021,10,12,ar,US,908702,235491,365043,194897
2021,10,12,as,US,2,2,1,1
2021,10,12,az,US,1147518,319633,420962,252419
2021,10,12,bc,CA,61104,39259,61104,39259
2021,10,12,ca,US,4727178,1323835,1718097,1029453
2021,10,12,co,US,898490,269024,335866,197025
2021,10,12,ct,US,445814,135365,197233,106106
2021,10,12,dc,US,70229,31086,18595,11156
2021,10,12,de,US,148039,46872,64438,35727
2021,10,12,fl,US,4343558,1126432,1673124,896795
2021,10,12,ga,US,2524672,674228,995326,535925
2021,10,12,gu,US,42,39,35,33
2021,10,12,hi,US,204204,54777,61554,40375
2021,10,12,ia,US,795456,224743,334368,181803
2021,10,12,id,US,283027,85438,117341,68993
2021,10,12,il,US,2266551,653439,936560,518996
2021,10,12,in,US,1325380,387511,571160,312135
2021,10,12,ks,US,708082,202131,299526,162296
2021,10,12,ky,US,964165,268962,393181,213432
2021,10,12,la,US,1115742,293653,440838,238099
2021,10,12,ma,US,760780,240039,323453,176165
2021,10,12,mb,CA,24321,14227,24321,14227
2021,10,12,md,US,793804,251827,336889,189147
2021,10,12,me,US,173166,53605,78911,43850
2021,10,12,mi,US,1632977,483839,728914,397430
2021,10,12,mn,US,885115,271632,367196,209905
2021,10,12,mo,US,1553146,425742,626619,344112
2021,10,12,mp,US,9,9,9,9
2021,10,12,ms,US,857224,221769,347277,186624
2021,10,12,mt,US,144886,46476,59116,36160
2021,10,12,nb,CA,9454,5445,9454,5445
2021,10,12,nc,US,2033696,563071,855387,461026
2021,10,12,nd,US,148711,44426,62301,34684
2021,10,12,ne,US,465261,132229,192037,104048
2021,10,12,nh,US,190747,59845,84708,46030
2021,10,12,nj,US,1363676,399324,603806,318737
2021,10,12,nl,CA,7426,3923,7426,3923
2021,10,12,nm,US,274270,88781,106851,62949
2021,10,12,ns,CA,12248,7045,12248,7045
2021,10,12,nt,CA,289,189,289,189
2021,10,12,nu,CA,104,67,104,67
2021,10,12,nv,US,571084,153488,179163,108113
2021,10,12,ny,US,2484305,761290,1023810,563497
2021,10,12,oh,US,2240554,643989,969352,520608
2021,10,12,ok,US,1124383,292459,448431,240082
2021,10,12,on,CA,203296,119789,203296,119789
2021,10,12,or,US,555291,177807,211890,133817
2021,10,12,pa,US,1860063,578566,827286,455439
2021,10,12,pe,CA,1647,957,1647,957
2021,10,12,pr,US,8368,6183,4650,3913
2021,10,12,qc,CA,103614,60760,103614,60760
2021,10,12,ri,US,139743,44139,57742,30780
2021,10,12,sc,US,1221954,332610,513153,271440
2021,10,12,sd,US,173465,51044,73107,40767
2021,10,12,sk,CA,20200,11928,20200,11928
2021,10,12,tn,US,1541251,432891,595607,332743
2021,10,12,tx,US,6524403,1712381,2551724,1398894
2021,10,12,ut,US,490536,143825,195543,111253
2021,10,12,va,US,1326359,390068,559238,308061
2021,10,12,vi,US,185,149,0,0
2021,10,12,vt,US,63961,21241,28664,16149
2021,10,12,wa,US,938837,302171,379644,240329
2021,10,12,wi,US,981862,297258,427461,241387
2021,10,12,wv,US,335414,101642,146618,81207
2021,10,12,wy,US,90204,29955,37538,22188
2021,10,12,yt,CA,223,159,223,159
2021,10,13,ALL,"",60545164,16233870,24208429,13305741
2021,10,13,ALL_CA,CA,508347,300549,508347,300549
2021,10,13,ALL_US,US,60036817,15933644,23700082,13005192
2021,10,13,ab,CA,70755,42912,70755,42912
2021,10,13,ak,US,65143,20966,24955,16053
2021,10,13,al,US,1668835,411015,648452,344282
2021,10,13,ar,US,927548,236722,365081,194719
2021,10,13,as,US,3,3,3,3
2021,10,13,az,US,1169876,316658,423904,250512
2021,10,13,bc,CA,61042,38742,61042,38742
2021,10,13,ca,US,4746696,1300233,1717425,1019529
2021,10,13,co,US,900840,262309,331020,193040
2021,10,13,ct,US,460754,135210,199715,106144
2021,10,13,dc,US,74374,31578,18491,11044
2021,10,13,de,US,154350,46452,64789,35311
2021,10,13,fl,US,4462273,1114600,1672085,889794
2021,10,13,ga,US,2648996,672191,1012589,535571
2021,10,13,gu,US,37,37,28,28
2021,10,13,hi,US,206023,53887,61417,39990
2021,10,13,ia,US,806076,223247,337481,180195
2021,10,13,id,US,282757,84924,116504,68519
2021,10,13,il,US,2285898,649541,941726,518134
2021,10,13,in,US,1372391,386035,576169,310795
2021,10,13,ks,US,725959,193187,295179,155914
2021,10,13,ky,US,994163,267533,394165,212246
2021,10,13,la,US,1156534,293409,443246,238108
2021,10,13,ma,US,798848,237976,327286,175038
2021,10,13,mb,CA,23853,13916,23853,13916
2021,10,13,md,US,823968,250908,337046,187994
2021,10,13,me,US,180829,53157,79892,43730
2021,10,13,mi,US,1703217,479183,733791,394586
2021,10,13,mn,US,895546,269868,367813,208217
2021,10,13,mo,US,1575684,424734,627147,343056
2021,10,13,mp,US,10,8,10,8
2021,10,13,ms,US,895747,222162,351944,186261
2021,10,13,mt,US,146228,45719,58816,35607
2021,10,13,nb,CA,9186,5179,9186,5179
2021,10,13,nc,US,2119451,560435,864165,459031
2021,10,13,nd,US,149933,43997,62744,34277
2021,10,13,ne,US,472527,128671,190304,100629
2021,10,13,nh,US,199806,59470,85970,45680
2021,10,13,nj,US,1412189,397767,607795,318107
2021,10,13,nl,CA,7363,3823,7363,3823
2021,10,13,nm,US,275300,87128,105364,61744
2021,10,13,ns,CA,12110,6843,12110,6843
2021,10,13,nt,CA,289,182,289,182
2021,10,13,nu,CA,109,64,109,64
2021,10,13,nv,US,573203,151464,178658,107157
2021,10,13,ny,US,2572321,757911,1028408,561961
2021,10,13,oh,US,2328442,639801,972904,515475
2021,10,13,ok,US,1108925,286995,433339,234505
2021,10,13,on,CA,199314,116707,199314,116707
2021,10,13,or,US,554646,175005,211135,132240
2021,10,13,pa,US,1939620,573704,831534,450863
2021,10,13,pe,CA,1583,902,1583,902
2021,10,13,pr,US,8227,6096,4683,3911
2021,10,13,qc,CA,102440,59434,102440,59434
2021,10,13,ri,US,146966,43855,58307,30656
2021,10,13,sc,US,1278673,332008,517866,270472
2021,10,13,sd,US,170030,49918,71782,40003
2021,10,13,sk,CA,20082,11693,20082,11693
2021,10,13,tn,US,1595282,434191,600295,332072
2021,10,13,tx,US,6674328,1722955,2570838,1402204
2021,10,13,ut,US,497369,140935,191580,108952
2021,10,13,va,US,1385753,388182,563442,306337
2021,10,13,vi,US,178,150,0,0
2021,10,13,vt,US,66262,20991,29015,16016
2021,10,13,wa,US,943104,296448,379086,237416
2021,10,13,wi,US,1000102,292908,429806,238574
2021,10,13,wv,US,347737,101623,146961,80768
2021,10,13,wy,US,86840,29281,35932,21723
2021,10,13,yt,CA,221,152,221,152
2021,10,14,ALL,"",61728435,16337713,23840207,13239677
2021,10,14,ALL_CA,CA,512746,307263,512746,307263
2021,10,14,ALL_US,US,61215689,16030765,23327461,12932414
2021,10,14,ab,CA,71517,43884,71517,43884
2021,10,14,ak,US,66854,20712,24538,15800
2021,10,14,al,US,1707939,413620,640972,343372
2021,10,14,ar,US,946056,238102,357113,192474
2021,10,14,as,US,2,2,1,1
2021,10,14,az,US,1189100,320446,419522,249190
2021,10,14,bc,CA,61368,39420,61368,39420
2021,10,14,ca,US,4830308,1321626,1699275,1017710
2021,10,14,co,US,913141,267269,325991,192010
2021,10,14,ct,US,471879,136102,197764,106103
2021,10,14,dc,US,77221,33184,18337,11005
2021,10,14,de,US,157932,47682,63818,35347
2021,10,14,fl,US,4561104,1128552,1650593,887944
2021,10,14,ga,US,2696159,679346,999868,534401
2021,10,14,gu,US,46,45,43,42
2021,10,14,hi,US,207481,54657,61180,39952
2021,10,14,ia,US,824049,223124,329690,178293
2021,10,14,id,US,291200,86389,115586,68204
2021,10,14,il,US,2350031,653425,929369,515074
2021,10,14,in,US,1394996,391086,570156,311161
2021,10,14,ks,US,732837,194085,288368,154591
2021,10,14,ky,US,1017121,270060,388074,210951
2021,10,14,la,US,1183832,296603,438472,237493
2021,10,14,ma,US,811168,241512,323391,175172
2021,10,14,mb,CA,23937,14166,23937,14166
2021,10,14,md,US,839380,249955,331258,186428
2021,10,14,me,US,183708,53639,79207,43615
2021,10,14,mi,US,1715289,484474,722489,394017
2021,10,14,mn,US,915716,272834,360277,205726
2021,10,14,mo,US,1613384,429200,618396,341317
2021,10,14,mp,US,14,12,14,12
2021,10,14,ms,US,924959,224001,346773,185678
2021,10,14,mt,US,147591,46300,57656,35401
2021,10,14,nb,CA,9173,5350,9173,5350
2021,10,14,nc,US,2145773,562411,850206,455441
2021,10,14,nd,US,153002,43713,60769,33602
2021,10,14,ne,US,474251,130402,184762,100102
2021,10,14,nh,US,201986,60019,84323,45759
2021,10,14,nj,US,1447106,403505,604445,318586
2021,10,14,nl,CA,7292,3906,7292,3906
2021,10,14,nm,US,281177,88547,104010,61410
2021,10,14,ns,CA,12024,6903,12024,6903
2021,10,14,nt,CA,263,170,263,170
2021,10,14,nu,CA,99,63,99,63
2021,10,14,nv,US,600111,155619,178224,106706
2021,10,14,ny,US,2628911,767050,1020158,562060
2021,10,14,oh,US,2365829,646873,952213,513071
2021,10,14,ok,US,1102346,283321,408510,226005
2021,10,14,on,CA,202151,119899,202151,119899
2021,10,14,or,US,562563,177130,209980,132343
2021,10,14,pa,US,1979015,582406,820545,449676
2021,10,14,pe,CA,1632,953,1632,953
2021,10,14,pr,US,8249,6047,4800,3967
2021,10,14,qc,CA,103050,60535,103050,60535
2021,10,14,ri,US,148903,44795,57861,30930
2021,10,14,sc,US,1300658,335577,509739,269232
2021,10,14,sd,US,183241,50217,70554,39283
2021,10,14,sk,CA,20018,11851,20018,11851
2021,10,14,tn,US,1637884,442740,594701,331319
2021,10,14,tx,US,6843209,1722477,2515138,1385270
2021,10,14,ut,US,468322,140435,176516,105043
2021,10,14,va,US,1414227,389791,555362,302872
2021,10,14,vi,US,162,139,0,0
2021,10,14,vt,US,66923,21060,28627,15919
2021,10,14,wa,US,951889,298920,376221,237391
2021,10,14,wi,US,1030537,296378,420890,236482
2021,10,14,wv,US,354214,102622,144520,80039
2021,10,14,wy,US,94704,29694,36196,21427
2021,10,14,yt,CA,222,163,222,163
2021,10,15,ALL,"",65247735,15963088,23098465,12702327
2021,10,15,ALL_CA,CA,501434,300363,501434,300363
2021,10,15,ALL_US,US,64746301,15663089,22597031,12401964
2021,10,15,ab,CA,70998,42825,70998,42825
2021,10,15,ak,US,67505,20366,24285,15351
2021,10,15,al,US,1842893,417587,626890,332334
2021,10,15,ar,US,1003555,236853,343002,183337
2021,10,15,az,US,1259404,312257,419069,239315
2021,10,15,bc,CA,61036,38657,61036,38657
2021,10,15,ca,US,5145384,1274459,1712879,978932
2021,10,15,co,US,945529,255369,313686,181683
2021,10,15,ct,US,498230,136006,190709,102075
2021,10,15,dc,US,80318,33633,17049,10345
2021,10,15,de,US,166976,48431,60808,33605
2021,10,15,fl,US,4789528,1113266,1578201,851140
2021,10,15,ga,US,2882823,677250,964784,514736
2021,10,15,gu,US,49,47,39,38
2021,10,15,hi,US,221049,53246,62375,39289
2021,10,15,ia,US,867201,220623,316016,169863
2021,10,15,id,US,302524,85023,112864,65089
2021,10,15,il,US,2481237,637807,899609,492305
2021,10,15,in,US,1472481,391956,546161,300664
2021,10,15,ks,US,765635,191572,277515,147424
2021,10,15,ky,US,1075801,274964,376437,205376
2021,10,15,la,US,1273480,295111,428797,228696
2021,10,15,ma,US,854945,239383,310770,169138
2021,10,15,mb,CA,23812,13985,23812,13985
2021,10,15,md,US,851726,243897,309342,176437
2021,10,15,me,US,191861,53626,76018,42317
2021,10,15,mi,US,1784235,474301,681307,375265
2021,10,15,mn,US,947834,259450,343969,194117
2021,10,15,mo,US,1742525,427379,599445,325623
2021,10,15,mp,US,19,17,19,17
2021,10,15,ms,US,996661,228467,337904,179310
2021,10,15,mt,US,156112,44454,56016,33353
2021,10,15,nb,CA,9050,5177,9050,5177
2021,10,15,nc,US,2276656,559227,813055,435829
2021,10,15,nd,US,159956,43051,58197,31910
2021,10,15,ne,US,489141,125914,176280,94716
2021,10,15,nh,US,216354,61383,81311,44305
2021,10,15,nj,US,1531788,400700,583326,307250
2021,10,15,nl,CA,6678,3741,6678,3741
2021,10,15,nm,US,293180,85607,102199,58700
2021,10,15,ns,CA,11734,6854,11734,6854
2021,10,15,nt,CA,303,198,303,198
2021,10,15,nu,CA,104,61,104,61
2021,10,15,nv,US,664983,154206,176589,102441
2021,10,15,ny,US,2738160,754190,983950,542554
2021,10,15,oh,US,2446475,636581,907618,495080
2021,10,15,ok,US,1133903,279025,392939,214956
2021,10,15,on,CA,196474,117165,196474,117165
2021,10,15,or,US,597465,171128,208511,125990
2021,10,15,pa,US,2083963,570635,785258,431261
2021,10,15,pe,CA,1567,928,1567,928
2021,10,15,pr,US,8497,6333,4783,4051
2021,10,15,qc,CA,99969,59143,99969,59143
2021,10,15,ri,US,156910,44150,55728,29698
2021,10,15,sc,US,1374330,335504,487906,257579
2021,10,15,sd,US,193208,49824,68408,37161
2021,10,15,sk,CA,19519,11489,19519,11489
2021,10,15,tn,US,1750783,449923,589660,326709
2021,10,15,tx,US,7338831,1685047,2454868,1324627
2021,10,15,ut,US,487150,133136,171492,98816
2021,10,15,va,US,1505364,387050,533105,290252
2021,10,15,vi,US,179,142,0,0
2021,10,15,vt,US,69621,21210,27267,15337
2021,10,15,wa,US,1005300,287990,371430,224549
2021,10,15,wi,US,1081467,290845,402981,223396
2021,10,15,wv,US,376482,104244,139519,77462
2021,10,15,wy,US,98635,28917,34686,20168
2021,10,15,yt,CA,190,140,190,140
2021,10,16,ALL,"",59909200,15683966,21729286,12204175
2021,10,16,ALL_CA,CA,462871,286301,462871,286301
2021,10,16,ALL_US,US,59446329,15397880,21266415,11917874
2021,10,16,ab,CA,66005,41016,66005,41016
2021,10,16,ak,US,61240,20094,23789,15261
2021,10,16,al,US,1574910,410381,578190,317385
2021,10,16,ar,US,858541,228177,313744,173698
2021,10,16,as,US,1,1,1,1
2021,10,16,az,US,1170974,307813,401986,232705
2021,10,16,bc,CA,58011,37520,58011,37520
2021,10,16,ca,US,4717542,1255476,1615262,947005
2021,10,16,co,US,896739,254840,304302,176918
2021,10,16,ct,US,463745,134137,182427,98870
2021,10,16,dc,US,73794,32730,16155,10045
2021,10,16,de,US,152107,47584,57618,32363
2021,10,16,fl,US,4421715,1086382,1471225,815471
2021,10,16,ga,US,2666504,669975,908242,496575
2021,10,16,gu,US,9,8,7,7
2021,10,16,hi,US,213596,54092,63854,39226
2021,10,16,ia,US,769947,218289,291379,162047
2021,10,16,id,US,275517,84008,107692,63320
2021,10,16,il,US,2336586,628111,854065,473331
2021,10,16,in,US,1378468,381328,513789,285624
2021,10,16,ks,US,721036,189180,263166,141698
2021,10,16,ky,US,955422,265571,347526,194706
2021,10,16,la,US,1145070,286975,400061,218563
2021,10,16,ma,US,803589,237124,298684,163800
2021,10,16,mb,CA,21889,13238,21889,13238
2021,10,16,md,US,796428,239803,297422,170899
2021,10,16,me,US,171897,52804,70814,41023
2021,10,16,mi,US,1615023,463547,633236,356587
2021,10,16,mn,US,864554,253371,324026,184800
2021,10,16,mo,US,1633116,419998,564982,310581
2021,10,16,mp,US,3,3,3,3
2021,10,16,ms,US,885639,224529,308201,169298
2021,10,16,mt,US,137857,44053,53233,32740
2021,10,16,nb,CA,8232,5034,8232,5034
2021,10,16,nc,US,2070586,547541,762076,416734
2021,10,16,nd,US,140726,41927,53253,30354
2021,10,16,ne,US,436986,124442,165111,90780
2021,10,16,nh,US,209229,62706,78184,42834
2021,10,16,nj,US,1413491,398242,557432,297016
2021,10,16,nl,CA,5971,3510,5971,3510
2021,10,16,nm,US,265868,85712,95699,56918
2021,10,16,ns,CA,10587,6452,10587,6452
2021,10,16,nt,CA,265,196,265,196
2021,10,16,nu,CA,88,60,88,60
2021,10,16,nv,US,646364,154421,167997,100354
2021,10,16,ny,US,2415974,738163,918094,524777
2021,10,16,oh,US,2296514,618093,856609,471815
2021,10,16,ok,US,1046269,277562,374831,209075
2021,10,16,on,CA,182198,111147,182198,111147
2021,10,16,or,US,541040,168917,199858,122667
2021,10,16,pa,US,1889025,559863,731641,413059
2021,10,16,pe,CA,1501,874,1501,874
2021,10,16,pr,US,8075,5855,4924,3990
2021,10,16,qc,CA,89724,56099,89724,56099
2021,10,16,ri,US,147597,44789,54045,29290
2021,10,16,sc,US,1249349,329323,449289,244892
2021,10,16,sd,US,172270,49025,63170,35400
2021,10,16,sk,CA,18188,11009,18188,11009
2021,10,16,tn,US,1656161,449188,563151,317506
2021,10,16,tx,US,6831917,1652029,2322336,1269285
2021,10,16,ut,US,468852,134266,169838,97943
2021,10,16,va,US,1384345,379302,500224,279029
2021,10,16,vi,US,146,117,0,0
2021,10,16,vt,US,60247,20720,25576,14879
2021,10,16,wa,US,926734,285065,352205,219581
2021,10,16,wi,US,993342,285232,377640,211739
2021,10,16,wv,US,327555,100467,125980,73858
2021,10,16,wy,US,86098,28317,32171,19559
2021,10,16,yt,CA,212,146,212,146
2021,10,17,ALL,"",53236695,16086662,23428823,13279871
2021,10,17,ALL_CA,CA,503790,313774,503790,313774
2021,10,17,ALL_US,US,52732905,15773141,22925033,12966097
2021,10,17,ab,CA,69541,44934,69541,44934
2021,10,17,ak,US,52949,20726,24047,16220
2021,10,17,al,US,1414558,414247,636138,345060
2021,10,17,ar,US,757470,232437,350304,191872
2021,10,17,as,US,8,7,8,7
2021,10,17,az,US,1019356,317260,412704,250603
2021,10,17,bc,CA,61232,41009,61232,41009
2021,10,17,ca,US,4274034,1300347,1663705,1015620
2021,10,17,co,US,789840,262021,312996,188741
2021,10,17,ct,US,411751,137528,190194,105327
2021,10,17,dc,US,59730,30117,17686,10836
2021,10,17,de,US,136532,48704,61487,35407
2021,10,17,fl,US,3914589,1104650,1578263,881003
2021,10,17,ga,US,2397088,684074,999712,540418
2021,10,17,gu,US,51,50,44,43
2021,10,17,hi,US,190927,54056,64016,40984
2021,10,17,ia,US,681130,223746,325630,179312
2021,10,17,id,US,228621,85297,112463,68374
2021,10,17,il,US,2067482,650230,916204,516164
2021,10,17,in,US,1232475,391002,564227,311870
2021,10,17,ks,US,610814,193385,284002,155795
2021,10,17,ky,US,863082,271087,389408,213762
2021,10,17,la,US,989144,294489,439115,239163
2021,10,17,ma,US,717913,241873,312618,174898
2021,10,17,mb,CA,23472,14506,23472,14506
2021,10,17,md,US,738885,249527,323118,186302
2021,10,17,me,US,153108,53814,75530,43970
2021,10,17,mi,US,1449828,479362,699785,392459
2021,10,17,mn,US,769376,266100,358195,206150
2021,10,17,mo,US,1380024,425802,616254,341600
2021,10,17,mp,US,12,11,12,11
2021,10,17,ms,US,752859,225947,344432,186766
2021,10,17,mt,US,118829,45204,56630,35689
2021,10,17,nb,CA,8650,5458,8650,5458
2021,10,17,nc,US,1868418,561264,829848,454954
2021,10,17,nd,US,119306,42928,58560,33846
2021,10,17,ne,US,402642,128268,182695,99403
2021,10,17,nh,US,181788,62598,82075,45862
2021,10,17,nj,US,1290870,407375,582694,316729
2021,10,17,nl,CA,7026,3915,7026,3915
2021,10,17,nm,US,234260,87713,99856,61611
2021,10,17,ns,CA,11588,7119,11588,7119
2021,10,17,nt,CA,290,213,290,213
2021,10,17,nu,CA,104,68,104,68
2021,10,17,nv,US,553197,156728,171363,106853
2021,10,17,ny,US,2207782,753160,974613,560773
2021,10,17,oh,US,2018490,638634,937051,516634
2021,10,17,ok,US,947781,287033,421578,233231
2021,10,17,on,CA,199675,121911,199675,121911
2021,10,17,or,US,476887,174057,205570,132427
2021,10,17,pa,US,1736334,581486,800060,451685
2021,10,17,pe,CA,1616,948,1616,948
2021,10,17,pr,US,6979,5321,4629,3854
2021,10,17,qc,CA,100746,61263,100746,61263
2021,10,17,ri,US,129145,44794,56180,30972
2021,10,17,sc,US,1114694,333678,495281,267389
2021,10,17,sd,US,149659,50795,70989,39870
2021,10,17,sk,CA,19617,12262,19617,12262
2021,10,17,tn,US,1509834,456572,636086,350875
2021,10,17,tx,US,5903195,1688857,2476775,1379919
2021,10,17,ut,US,377532,139729,181401,108767
2021,10,17,va,US,1247273,389266,543514,303144
2021,10,17,vi,US,132,111,0,0
2021,10,17,vt,US,54332,21015,27179,15947
2021,10,17,wa,US,802559,293178,364214,236558
2021,10,17,wi,US,859333,296735,417811,237829
2021,10,17,wv,US,293604,102523,141484,80831
2021,10,17,wy,US,74414,29397,34600,21714
2021,10,17,yt,CA,233,168,233,168
2021,10,18,ALL,"",59654264,16159103,24209010,13303592
2021,10,18,ALL_CA,CA,518776,311547,518776,311547
2021,10,18,ALL_US,US,59135488,15847860,23690234,12992045
2021,10,18,ab,CA,71014,44120,71014,44120
2021,10,18,ak,US,63514,20564,24683,15797
2021,10,18,al,US,1631611,409032,650988,345472
2021,10,18,ar,US,908222,231499,361676,191992
2021,10,18,as,US,1,1,0,0
2021,10,18,az,US,1170561,319779,429925,253523
2021,10,18,bc,CA,62573,40054,62573,40054
2021,10,18,ca,US,4602548,1294959,1696719,1017720
2021,10,18,co,US,856709,260900,321172,190121
2021,10,18,ct,US,453039,136067,197100,106032
2021,10,18,dc,US,71147,32478,18764,11096
2021,10,18,de,US,152193,46528,64651,35157
2021,10,18,fl,US,4333386,1105905,1671494,890003
2021,10,18,ga,US,2649748,678486,1035206,541434
2021,10,18,gu,US,33,33,31,31
2021,10,18,hi,US,209068,53865,61697,40844
2021,10,18,ia,US,793798,220358,334326,178580
2021,10,18,id,US,279034,85469,116891,68650
2021,10,18,il,US,2283523,644543,940443,515470
2021,10,18,in,US,1364520,386068,577181,310404
2021,10,18,ks,US,701930,192189,293014,155422
2021,10,18,ky,US,994417,267971,398878,212801
2021,10,18,la,US,1144294,293987,448056,238815
2021,10,18,ma,US,782394,239664,323593,175834
2021,10,18,mb,CA,24356,14264,24356,14264
2021,10,18,md,US,806900,243962,335332,186337
2021,10,18,me,US,174419,52924,78658,43643
2021,10,18,mi,US,1659274,475584,726427,391022
2021,10,18,mn,US,878573,263462,365329,205307
2021,10,18,mo,US,1552632,420959,625383,341538
2021,10,18,mp,US,15,14,15,14
2021,10,18,ms,US,883509,221757,352271,186255
2021,10,18,mt,US,145418,45277,58761,35354
2021,10,18,nb,CA,9519,5503,9519,5503
2021,10,18,nc,US,2068109,556180,859766,456045
2021,10,18,nd,US,149036,43088,61681,33593
2021,10,18,ne,US,449060,127226,185133,99317
2021,10,18,nh,US,194266,59567,84670,45892
2021,10,18,nj,US,1396657,399677,604167,318705
2021,10,18,nl,CA,7463,3966,7463,3966
2021,10,18,nm,US,271219,86081,105983,61997
2021,10,18,ns,CA,12528,7186,12528,7186
2021,10,18,nt,CA,279,183,279,183
2021,10,18,nu,CA,114,68,114,68
2021,10,18,nv,US,570331,151494,177880,107131
2021,10,18,ny,US,2513060,757372,1023688,563229
2021,10,18,oh,US,2248354,631857,966532,513899
2021,10,18,ok,US,1104083,285201,440063,236302
2021,10,18,on,CA,204561,121758,204561,121758
2021,10,18,or,US,545312,172918,209716,131872
2021,10,18,pa,US,1894723,568479,826420,449662
2021,10,18,pe,CA,1680,969,1680,969
2021,10,18,pr,US,8516,6282,5025,4142
2021,10,18,qc,CA,103847,61313,103847,61313
2021,10,18,ri,US,141987,43003,58485,31252
2021,10,18,sc,US,1232163,326517,513240,268352
2021,10,18,sd,US,179752,50268,73370,39637
2021,10,18,sk,CA,20612,12002,20612,12002
2021,10,18,tn,US,1704679,451894,650652,350824
2021,10,18,tx,US,6683360,1699926,2567787,1390953
2021,10,18,ut,US,469580,141394,190090,109970
2021,10,18,va,US,1365001,384467,560724,303336
2021,10,18,vi,US,182,143,0,0
2021,10,18,vt,US,63566,20611,28532,15929
2021,10,18,wa,US,917156,293247,374672,236023
2021,10,18,wi,US,981442,291304,428498,237053
2021,10,18,wv,US,344884,101286,147711,80595
2021,10,18,wy,US,92580,29013,37085,21671
2021,10,18,yt,CA,230,161,230,161
2021,10,19,ALL,"",60603915,16254782,24229783,13356874
2021,10,19,ALL_CA,CA,520491,311585,520491,311585
2021,10,19,ALL_US,US,60083424,15943497,23709292,13045289
2021,10,19,ab,CA,72103,44525,72103,44525
2021,10,19,ak,US,63865,20518,24358,15775
2021,10,19,al,US,1647326,409019,649579,346180
2021,10,19,ar,US,920923,232438,360927,193158
2021,10,19,as,US,3,3,3,3
2021,10,19,az,US,1187318,321554,429669,254768
2021,10,19,bc,CA,62646,39976,62646,39976
2021,10,19,ca,US,4730474,1312476,1715360,1029458
2021,10,19,co,US,872808,261229,322844,190516
2021,10,19,ct,US,461978,135829,197750,106176
2021,10,19,dc,US,76685,35114,18961,11267
2021,10,19,de,US,154444,46390,64735,35372
2021,10,19,fl,US,4402169,1107973,1672610,892535
2021,10,19,ga,US,2682495,681616,1030403,543669
2021,10,19,gu,US,46,46,41,41
2021,10,19,hi,US,213585,54821,62399,41186
2021,10,19,ia,US,801861,220693,334434,178735
2021,10,19,id,US,283756,85173,116715,68476
2021,10,19,il,US,2322489,648433,939048,518069
2021,10,19,in,US,1392112,388097,583636,313525
2021,10,19,ks,US,715603,192880,292529,155827
2021,10,19,ky,US,1008373,268194,400318,214258
2021,10,19,la,US,1162482,295043,446387,239374
2021,10,19,ma,US,793271,241375,324236,176413
2021,10,19,mb,CA,24122,14271,24122,14271
2021,10,19,md,US,814095,242492,334144,186495
2021,10,19,me,US,175263,52862,78696,43737
2021,10,19,mi,US,1687107,478699,730485,394282
2021,10,19,mn,US,891300,264837,360853,205981
2021,10,19,mo,US,1570653,420813,622718,342133
2021,10,19,mp,US,17,16,17,16
2021,10,19,ms,US,887955,221912,349093,186248
2021,10,19,mt,US,147171,45451,58194,35284
2021,10,19,nb,CA,9485,5453,9485,5453
2021,10,19,nc,US,2089804,553641,858984,456618
2021,10,19,nd,US,148528,43278,60966,33676
2021,10,19,ne,US,459464,129151,187783,101517
2021,10,19,nh,US,194997,59499,84555,46048
2021,10,19,nj,US,1417504,399578,604556,318619
2021,10,19,nl,CA,7487,3962,7487,3962
2021,10,19,nm,US,276558,86233,106198,62369
2021,10,19,ns,CA,12232,7043,12232,7043
2021,10,19,nt,CA,298,185,298,185
2021,10,19,nu,CA,106,61,106,61
2021,10,19,nv,US,571813,150984,178627,107602
2021,10,19,ny,US,2569874,759443,1027723,565259
2021,10,19,oh,US,2295802,635117,972533,515788
2021,10,19,ok,US,1145057,289397,444884,237807
2021,10,19,on,CA,205452,121449,205452,121449
2021,10,19,or,US,555184,175352,211213,132675
2021,10,19,pa,US,1920734,568815,825178,449430
2021,10,19,pe,CA,1686,952,1686,952
2021,10,19,pr,US,9028,6651,5154,4304
2021,10,19,qc,CA,104140,61541,104140,61541
2021,10,19,ri,US,141245,42278,58161,31120
2021,10,19,sc,US,1250131,327437,516226,270669
2021,10,19,sd,US,180901,50623,72511,39986
2021,10,19,sk,CA,20519,12014,20519,12014
2021,10,19,tn,US,1719244,455691,653500,353192
2021,10,19,tx,US,6758870,1700056,2546586,1390385
2021,10,19,ut,US,487837,142938,193513,110393
2021,10,19,va,US,1383976,385466,560755,304853
2021,10,19,vi,US,166,131,0,0
2021,10,19,vt,US,63953,20645,28478,15992
2021,10,19,wa,US,937754,295646,378031,237546
2021,10,19,wi,US,1001451,293351,428654,238274
2021,10,19,wv,US,345822,101382,146707,80637
2021,10,19,wy,US,90100,29032,36674,21577
2021,10,19,yt,CA,215,153,215,153
2021,10,20,ALL,"",60616911,15702852,23932525,12995381
2021,10,20,ALL_CA,CA,516130,305794,516130,305794
2021,10,20,ALL_US,US,60100781,15397346,23416395,12689587
2021,10,20,ab,CA,71906,43627,71906,43627
2021,10,20,ak,US,63757,19921,23976,15165
2021,10,20,al,US,1669292,403936,648114,341945
2021,10,20,ar,US,927299,229138,360033,190271
2021,10,20,as,US,2,2,2,2
2021,10,20,az,US,1196979,309425,427426,246787
2021,10,20,bc,CA,61663,39133,61663,39133
2021,10,20,ca,US,4694288,1249546,1684889,994298
2021,10,20,co,US,872178,247476,315746,183144
2021,10,20,ct,US,459267,129994,195583,103004
2021,10,20,dc,US,74687,33574,18142,10746
2021,10,20,de,US,154151,45134,63424,34325
2021,10,20,fl,US,4409570,1080146,1648480,872271
2021,10,20,ga,US,2681486,665509,1017327,534770
2021,10,20,gu,US,55,53,48,46
2021,10,20,hi,US,214855,52943,62327,40109
2021,10,20,ia,US,805358,213103,329774,172974
2021,10,20,id,US,284108,82068,114169,65978
2021,10,20,il,US,2314092,623210,927122,501804
2021,10,20,in,US,1389799,375573,573709,304519
2021,10,20,ks,US,719490,187804,290605,151735
2021,10,20,ky,US,1013436,261125,395593,208756
2021,10,20,la,US,1162360,289453,442300,235034
2021,10,20,ma,US,788673,229519,320567,169946
2021,10,20,mb,CA,24046,14036,24046,14036
2021,10,20,md,US,811482,233489,329956,180597
2021,10,20,me,US,176555,50684,78110,42041
2021,10,20,mi,US,1681898,460070,718235,381364
2021,10,20,mn,US,848185,251601,340996,194358
2021,10,20,mo,US,1578165,410056,618966,333197
2021,10,20,mp,US,9,9,9,9
2021,10,20,ms,US,886117,218467,348228,183749
2021,10,20,mt,US,147031,43434,56327,33372
2021,10,20,nb,CA,9230,5218,9230,5218
2021,10,20,nc,US,2100450,540950,847245,446345
2021,10,20,nd,US,147171,41479,58496,31718
2021,10,20,ne,US,466613,124534,187974,98345
2021,10,20,nh,US,195518,57360,83536,44448
2021,10,20,nj,US,1417460,387532,599221,310991
2021,10,20,nl,CA,7340,3862,7340,3862
2021,10,20,nm,US,272196,81559,103377,59620
2021,10,20,ns,CA,12247,6992,12247,6992
2021,10,20,nt,CA,271,178,271,178
2021,10,20,nu,CA,96,52,96,52
2021,10,20,nv,US,575744,146303,175109,104050
2021,10,20,ny,US,2567269,731021,1015815,549466
2021,10,20,oh,US,2303316,612283,958084,500711
2021,10,20,ok,US,1155345,284058,442166,233537
2021,10,20,on,CA,203342,119630,203342,119630
2021,10,20,or,US,548156,167602,205468,127248
2021,10,20,pa,US,1935150,552144,820505,437848
2021,10,20,pe,CA,1671,950,1671,950
2021,10,20,pr,US,8886,6496,5129,4240
2021,10,20,qc,CA,103802,60162,103802,60162
2021,10,20,ri,US,139912,40357,57009,29874
2021,10,20,sc,US,1264894,322269,513541,266210
2021,10,20,sd,US,179783,48348,71372,38172
2021,10,20,sk,CA,20320,11805,20320,11805
2021,10,20,tn,US,1728275,445564,646684,345941
2021,10,20,tx,US,6774923,1649770,2533154,1359742
2021,10,20,ut,US,492335,136610,190063,106528
2021,10,20,va,US,1385722,374977,553297,296936
2021,10,20,vi,US,185,139,0,0
2021,10,20,vt,US,64172,19812,28253,15391
2021,10,20,wa,US,925634,282343,369794,228486
2021,10,20,wi,US,988141,279257,420052,228299
2021,10,20,wv,US,346888,99047,145266,78594
2021,10,20,wy,US,92019,27774,35602,20535
2021,10,20,yt,CA,196,149,196,149
2021,10,21,ALL,"",61656753,16151971,23893024,13163669
2021,10,21,ALL_CA,CA,505750,300632,505750,300632
2021,10,21,ALL_US,US,61151003,15851670,23387274,12863037
2021,10,21,ab,CA,71266,43147,71266,43147
2021,10,21,ak,US,65158,21035,24313,15666
2021,10,21,al,US,1678040,411948,644834,344242
2021,10,21,ar,US,949513,233754,354911,190680
2021,10,21,as,US,4,4,4,4
2021,10,21,az,US,1218221,319043,426330,249902
2021,10,21,bc,CA,60882,38451,60882,38451
2021,10,21,ca,US,4818028,1302794,1700845,1012148
2021,10,21,co,US,889489,258540,318528,187233
2021,10,21,ct,US,473656,135088,196763,104959
2021,10,21,dc,US,78922,35873,18339,10975
2021,10,21,de,US,156769,46774,63939,35111
2021,10,21,fl,US,4513062,1106868,1646245,878085
2021,10,21,ga,US,2721093,679653,1017723,538837
2021,10,21,gu,US,39,37,29,28
2021,10,21,hi,US,215879,54922,62015,40848
2021,10,21,ia,US,811409,221794,329381,176663
2021,10,21,id,US,290810,85325,114988,67324
2021,10,21,il,US,2340667,647038,922198,510708
2021,10,21,in,US,1405105,387456,573207,308919
2021,10,21,ks,US,726434,191932,287949,153042
2021,10,21,ky,US,1034065,269325,396348,212482
2021,10,21,la,US,1189253,294947,439869,235878
2021,10,21,ma,US,810267,238442,321764,173104
2021,10,21,mb,CA,23408,13713,23408,13713
2021,10,21,md,US,827498,242122,331819,184760
2021,10,21,me,US,178139,52081,77916,42922
2021,10,21,mi,US,1686656,475588,712583,388213
2021,10,21,mn,US,823278,256715,324329,190356
2021,10,21,mo,US,1614058,421733,616804,337243
2021,10,21,mp,US,9,9,9,9
2021,10,21,ms,US,909885,222648,345437,184223
2021,10,21,mt,US,141707,44815,54437,33583
2021,10,21,nb,CA,9096,5181,9096,5181
2021,10,21,nc,US,2132223,556734,850258,452417
2021,10,21,nd,US,145384,43105,56101,31735
2021,10,21,ne,US,476158,129127,185861,99500
2021,10,21,nh,US,200855,59319,84430,45560
2021,10,21,nj,US,1444493,398316,602312,315855
2021,10,21,nl,CA,7449,3870,7449,3870
2021,10,21,nm,US,277382,84166,104455,60997
2021,10,21,ns,CA,11820,6800,11820,6800
2021,10,21,nt,CA,280,182,280,182
2021,10,21,nu,CA,100,62,100,62
2021,10,21,nv,US,598098,152979,176255,105310
2021,10,21,ny,US,2609359,752747,1021063,558768
2021,10,21,oh,US,2330627,639646,954848,512645
2021,10,21,ok,US,1171052,288866,441063,235093
2021,10,21,on,CA,198004,116885,198004,116885
2021,10,21,or,US,556792,175645,208909,131247
2021,10,21,pa,US,1962657,575416,825086,448839
2021,10,21,pe,CA,1716,962,1716,962
2021,10,21,pr,US,7646,5580,4428,3676
2021,10,21,qc,CA,101770,59597,101770,59597
2021,10,21,ri,US,143021,41586,57198,30366
2021,10,21,sc,US,1285431,329557,508226,267165
2021,10,21,sd,US,187810,50607,70634,38675
2021,10,21,sk,CA,19737,11631,19737,11631
2021,10,21,tn,US,1756789,459921,646051,349712
2021,10,21,tx,US,6919121,1691054,2521075,1372420
2021,10,21,ut,US,500488,141653,189115,107831
2021,10,21,va,US,1416014,389706,554800,301806
2021,10,21,vi,US,159,131,0,0
2021,10,21,vt,US,64638,20616,28236,15854
2021,10,21,wa,US,947069,293841,375327,234804
2021,10,21,wi,US,1004440,292223,416499,233472
2021,10,21,wv,US,352430,102509,145301,80113
2021,10,21,wy,US,93754,28572,35887,21036
2021,10,21,yt,CA,222,151,222,151
2021,10,22,ALL,"",65290846,16125478,23234902,12802958
2021,10,22,ALL_CA,CA,495500,299398,495500,299398
2021,10,22,ALL_US,US,64795346,15826468,22739402,12503560
2021,10,22,ab,CA,70492,42877,70492,42877
2021,10,22,ak,US,65715,20677,23853,15288
2021,10,22,al,US,1838025,416483,629841,334141
2021,10,22,ar,US,984204,236108,342415,184000
2021,10,22,az,US,1301324,317428,430385,243417
2021,10,22,bc,CA,58361,38219,58361,38219
2021,10,22,ca,US,5138465,1298946,1722974,990723
2021,10,22,co,US,942568,255126,316391,181828
2021,10,22,ct,US,501227,137853,191094,102877
2021,10,22,dc,US,79426,34241,17573,10616
2021,10,22,de,US,167524,48115,62101,34239
2021,10,22,fl,US,4746301,1115330,1590302,858592
2021,10,22,ga,US,2917228,687577,980956,521684
2021,10,22,gu,US,42,41,28,27
2021,10,22,hi,US,234435,54671,64234,40333
2021,10,22,ia,US,854413,221819,315400,170090
2021,10,22,id,US,296486,85703,112758,65631
2021,10,22,il,US,2469978,648506,897233,496115
2021,10,22,in,US,1497997,396744,551707,302742
2021,10,22,ks,US,765064,192955,280344,148920
2021,10,22,ky,US,1087132,273853,379711,206268
2021,10,22,la,US,1255949,293271,424468,226782
2021,10,22,ma,US,866086,243881,311743,170341
2021,10,22,mb,CA,22378,13735,22378,13735
2021,10,22,md,US,882041,247795,321894,180555
2021,10,22,me,US,192621,53204,76075,42364
2021,10,22,mi,US,1779538,478827,683400,375993
2021,10,22,mn,US,842859,251612,309166,181181
2021,10,22,mo,US,1723974,427588,592058,325036
2021,10,22,mp,US,8,8,8,8
2021,10,22,ms,US,987866,227223,334455,178164
2021,10,22,mt,US,146503,44041,52694,32016
2021,10,22,nb,CA,8934,5219,8934,5219
2021,10,22,nc,US,2254363,562716,817329,439020
2021,10,22,nd,US,148727,42818,53674,30362
2021,10,22,ne,US,499299,128335,180393,96527
2021,10,22,nh,US,218455,62038,82170,44825
2021,10,22,nj,US,1516915,400019,581848,308852
2021,10,22,nl,CA,6791,3679,6791,3679
2021,10,22,nm,US,294026,85311,103508,59173
2021,10,22,ns,CA,11030,6738,11030,6738
2021,10,22,nt,CA,280,184,280,184
2021,10,22,nu,CA,113,70,113,70
2021,10,22,nv,US,650095,154955,177956,103269
2021,10,22,ny,US,2728089,757325,984756,546265
2021,10,22,oh,US,2481246,642724,914998,499472
2021,10,22,ok,US,1239138,293182,427987,228317
2021,10,22,on,CA,195964,116953,195964,116953
2021,10,22,or,US,588153,175044,209701,127986
2021,10,22,pa,US,2077404,578727,789347,436297
2021,10,22,pe,CA,1604,932,1604,932
2021,10,22,pr,US,9357,6745,5312,4329
2021,10,22,qc,CA,99368,58978,99368,58978
2021,10,22,ri,US,152871,42880,55797,29918
2021,10,22,sc,US,1354358,334900,483632,257967
2021,10,22,sd,US,197521,51069,68591,37529
2021,10,22,sk,CA,19964,11664,19964,11664
2021,10,22,tn,US,1890066,464587,626984,340513
2021,10,22,tx,US,7342219,1695959,2467732,1329580
2021,10,22,ut,US,517945,139531,184538,104128
2021,10,22,va,US,1492329,392964,533639,294144
2021,10,22,vi,US,192,160,0,0
2021,10,22,vt,US,69541,21281,27528,15539
2021,10,22,wa,US,992917,291520,374892,228483
2021,10,22,wi,US,1047941,290406,399113,223190
2021,10,22,wv,US,369314,104258,137766,77553
2021,10,22,wy,US,97866,28720,34950,20354
2021,10,22,yt,CA,221,150,221,150
2021,10,23,ALL,"",59504749,15797581,21770637,12288953
2021,10,23,ALL_CA,CA,468254,288219,468254,288219
2021,10,23,ALL_US,US,59036495,15509581,21302383,12000734
2021,10,23,ab,CA,65303,41857,65303,41857
2021,10,23,ak,US,59432,20195,23490,15182
2021,10,23,al,US,1583551,408700,577466,317083
2021,10,23,ar,US,844527,228598,317342,175678
2021,10,23,az,US,1189525,311310,410338,236545
2021,10,23,bc,CA,58950,37741,58950,37741
2021,10,23,ca,US,4659402,1279961,1611239,960099
2021,10,23,co,US,880686,254878,306806,178849
2021,10,23,ct,US,458166,133695,178013,97531
2021,10,23,dc,US,69744,30341,16496,10204
2021,10,23,de,US,156175,47902,57899,32611
2021,10,23,fl,US,4399586,1088579,1479418,820868
2021,10,23,ga,US,2682317,669116,917736,497841
2021,10,23,gu,US,36,36,28,28
2021,10,23,hi,US,219461,54724,65848,39937
2021,10,23,ia,US,765529,219039,293645,163039
2021,10,23,id,US,270126,84054,107115,63993
2021,10,23,il,US,2294704,637001,850728,477900
2021,10,23,in,US,1414390,392596,520997,291609
2021,10,23,ks,US,699504,190052,264152,143730
2021,10,23,ky,US,955756,266608,351461,196691
2021,10,23,la,US,1117326,286545,397203,217883
2021,10,23,ma,US,805360,233666,293101,160753
2021,10,23,mb,CA,21824,13361,21824,13361
2021,10,23,md,US,812541,242702,299847,171795
2021,10,23,me,US,170203,51544,71460,40309
2021,10,23,mi,US,1577493,466670,629621,357588
2021,10,23,mn,US,805917,248821,302978,177962
2021,10,23,mo,US,1558891,423001,558223,315230
2021,10,23,mp,US,8,7,8,7
2021,10,23,ms,US,857685,223724,307924,169583
2021,10,23,mt,US,130163,43419,50463,31701
2021,10,23,nb,CA,8129,4885,8129,4885
2021,10,23,nc,US,2061534,547435,760670,417556
2021,10,23,nd,US,135646,42002,50628,29635
2021,10,23,ne,US,455358,127407,169294,93200
2021,10,23,nh,US,205866,61369,77002,42390
2021,10,23,nj,US,1404139,393193,545518,294903
2021,10,23,nl,CA,6116,3553,6116,3553
2021,10,23,nm,US,263303,84316,95915,57184
2021,10,23,ns,CA,10556,6449,10556,6449
2021,10,23,nt,CA,245,165,245,165
2021,10,23,nu,CA,123,78,123,78
2021,10,23,nv,US,623264,154666,169261,101642
2021,10,23,ny,US,2407634,727682,906904,520568
2021,10,23,oh,US,2279652,630604,857912,478205
2021,10,23,ok,US,1086201,288146,398460,220007
2021,10,23,on,CA,185723,112240,185723,112240
2021,10,23,or,US,525611,173955,197685,125144
2021,10,23,pa,US,1911933,565280,727647,414307
2021,10,23,pe,CA,1527,924,1527,924
2021,10,23,pr,US,7333,5376,4585,3793
2021,10,23,qc,CA,91462,55590,91462,55590
2021,10,23,ri,US,139574,42364,52369,28335
2021,10,23,sc,US,1233513,327623,451742,246075
2021,10,23,sd,US,178446,50342,62750,35820
2021,10,23,sk,CA,18073,11222,18073,11222
2021,10,23,tn,US,1704641,455970,589124,327646
2021,10,23,tx,US,6764327,1660542,2328927,1274160
2021,10,23,ut,US,481097,138952,179001,103144
2021,10,23,va,US,1390532,381653,499637,279926
2021,10,23,vi,US,166,138,0,0
2021,10,23,vt,US,61046,20260,25782,14624
2021,10,23,wa,US,903335,287159,353291,222600
2021,10,23,wi,US,967561,285522,377506,213760
2021,10,23,wv,US,323160,100808,127052,73965
2021,10,23,wy,US,83419,28231,32676,19921
2021,10,23,yt,CA,223,154,223,154
2021,10,24,ALL,"",52076619,16077426,23310693,13300885
2021,10,24,ALL_CA,CA,488427,301016,488427,301016
2021,10,24,ALL_US,US,51588192,15776635,22822266,12999869
2021,10,24,ab,CA,67595,43302,67595,43302
2021,10,24,ak,US,52015,20382,23755,15821
2021,10,24,al,US,1403305,410037,639503,344752
2021,10,24,ar,US,742272,234317,354448,194058
2021,10,24,as,US,1,1,1,1
2021,10,24,az,US,1035757,316759,416293,251249
2021,10,24,bc,CA,59740,39174,59740,39174
2021,10,24,ca,US,4076369,1298717,1627604,1015648
2021,10,24,co,US,789518,259830,320754,190983
2021,10,24,ct,US,409400,137573,189915,105204
2021,10,24,dc,US,57867,28285,17713,10965
2021,10,24,de,US,134777,48308,61324,35277
2021,10,24,fl,US,3831182,1100143,1575221,882071
2021,10,24,ga,US,2376003,678174,1006429,539370
2021,10,24,gu,US,35,33,31,29
2021,10,24,hi,US,193238,54754,64344,41080
2021,10,24,ia,US,619012,222870,306039,178521
2021,10,24,id,US,219432,85508,110794,69010
2021,10,24,il,US,1913064,665177,892868,525858
2021,10,24,in,US,1187988,402916,565272,323700
2021,10,24,ks,US,595900,191578,280733,155737
2021,10,24,ky,US,852116,270317,388639,214051
2021,10,24,la,US,968924,291943,436721,238454
2021,10,24,ma,US,714735,239569,312348,174206
2021,10,24,mb,CA,22480,13938,22480,13938
2021,10,24,md,US,722314,248529,321239,186414
2021,10,24,me,US,151430,52247,75367,43323
2021,10,24,mi,US,1392130,476130,689225,391903
2021,10,24,mn,US,741907,263640,349186,204928
2021,10,24,mo,US,1306936,430623,611013,345605
2021,10,24,mp,US,13,13,13,13
2021,10,24,ms,US,738430,224529,342531,185842
2021,10,24,mt,US,113464,44776,54656,34842
2021,10,24,nb,CA,8669,5197,8669,5197
2021,10,24,nc,US,1840860,557546,832656,454794
2021,10,24,nd,US,115733,43348,56433,33684
2021,10,24,ne,US,373978,128374,178000,101445
2021,10,24,nh,US,179548,61410,81414,45539
2021,10,24,nj,US,1263601,403815,579386,316834
2021,10,24,nl,CA,6761,3840,6761,3840
2021,10,24,nm,US,231922,85479,100126,61283
2021,10,24,ns,CA,11177,6759,11177,6759
2021,10,24,nt,CA,256,182,256,182
2021,10,24,nu,CA,104,64,104,64
2021,10,24,nv,US,537934,155579,169480,106668
2021,10,24,ny,US,2178095,742821,976531,560346
2021,10,24,oh,US,1932953,641696,922034,519857
2021,10,24,ok,US,973696,292174,433711,237881
2021,10,24,on,CA,192847,116353,192847,116353
2021,10,24,or,US,463297,175291,202544,132394
2021,10,24,pa,US,1691643,578929,798662,453162
2021,10,24,pe,CA,1522,910,1522,910
2021,10,24,pr,US,5082,3927,3236,2765
2021,10,24,qc,CA,98633,59369,98633,59369
2021,10,24,ri,US,122066,42582,55258,30548
2021,10,24,sc,US,1105146,331672,501337,269207
2021,10,24,sd,US,145752,51080,69340,40040
2021,10,24,sk,CA,18426,11765,18426,11765
2021,10,24,tn,US,1525466,458303,643888,353307
2021,10,24,tx,US,5924755,1681242,2483145,1376745
2021,10,24,ut,US,369927,140165,184272,110136
2021,10,24,va,US,1239176,388392,545794,304100
2021,10,24,vi,US,138,109,0,0
2021,10,24,vt,US,52529,20480,27078,15745
2021,10,24,wa,US,782626,291473,359921,235662
2021,10,24,wi,US,828873,294258,407691,236674
2021,10,24,wv,US,291000,101788,141661,80509
2021,10,24,wy,US,72862,28635,34689,21636
2021,10,24,yt,CA,217,163,217,163
2021,10,25,ALL,"",58266924,15985360,23756185,13172841
2021,10,25,ALL_CA,CA,496915,302605,496915,302605
2021,10,25,ALL_US,US,57770009,15683067,23259270,12870236
2021,10,25,ab,CA,70631,43322,70631,43322
2021,10,25,ak,US,62011,20177,23626,15364
2021,10,25,al,US,1597422,404701,641504,342670
2021,10,25,ar,US,890436,230203,355036,189813
2021,10,25,as,US,2,2,2,2
2021,10,25,az,US,1154208,314953,421160,250005
2021,10,25,bc,CA,60277,38917,60277,38917
2021,10,25,ca,US,4417290,1279129,1666002,1008630
2021,10,25,co,US,872496,256683,325103,189445
2021,10,25,ct,US,442682,133648,192332,105130
2021,10,25,dc,US,65366,29642,18147,10991
2021,10,25,de,US,148407,45811,63764,34999
2021,10,25,fl,US,4233798,1090620,1635020,878539
2021,10,25,ga,US,2603889,671898,1012367,535569
2021,10,25,gu,US,38,36,29,28
2021,10,25,hi,US,206579,53192,61141,40487
2021,10,25,ia,US,775938,216807,328870,175503
2021,10,25,id,US,273775,83994,115095,67643
2021,10,25,il,US,2190631,638479,913236,509522
2021,10,25,in,US,1354051,388742,580341,315653
2021,10,25,ks,US,690145,189564,289160,153857
2021,10,25,ky,US,961585,264217,388730,210640
2021,10,25,la,US,1132268,291255,441963,236660
2021,10,25,ma,US,743191,234578,310214,173022
2021,10,25,mb,CA,23444,13765,23444,13765
2021,10,25,md,US,782292,243931,329373,185471
2021,10,25,me,US,164473,51114,75181,42615
2021,10,25,mi,US,1566097,470860,695780,386104
2021,10,25,mn,US,852390,260148,358255,202561
2021,10,25,mo,US,1507469,413762,610661,336266
2021,10,25,mp,US,12,12,12,12
2021,10,25,ms,US,866358,219552,344632,183678
2021,10,25,mt,US,138836,44212,57171,34460
2021,10,25,nb,CA,8770,5157,8770,5157
2021,10,25,nc,US,2020636,554090,848525,455552
2021,10,25,nd,US,144541,42655,60136,33067
2021,10,25,ne,US,453082,126705,187717,100046
2021,10,25,nh,US,183107,58081,81166,45247
2021,10,25,nj,US,1384242,396217,599770,317850
2021,10,25,nl,CA,7006,3810,7006,3810
2021,10,25,nm,US,266200,83091,104164,60703
2021,10,25,ns,CA,11758,6875,11758,6875
2021,10,25,nt,CA,289,189,289,189
2021,10,25,nu,CA,100,55,100,55
2021,10,25,nv,US,554221,148951,173361,105394
2021,10,25,ny,US,2465038,739847,1003571,556598
2021,10,25,oh,US,2178752,631806,943257,511117
2021,10,25,ok,US,1130166,287503,443094,235889
2021,10,25,on,CA,192724,117598,192724,117598
2021,10,25,or,US,530786,171425,205384,129639
2021,10,25,pa,US,1866869,567750,817957,448509
2021,10,25,pe,CA,1593,943,1593,943
2021,10,25,pr,US,5419,4008,2976,2518
2021,10,25,qc,CA,100492,60040,100492,60040
2021,10,25,ri,US,130662,40457,55478,30300
2021,10,25,sc,US,1204474,322877,507320,267036
2021,10,25,sd,US,173317,48963,71667,39132
2021,10,25,sk,CA,19635,11789,19635,11789
2021,10,25,tn,US,1661880,447584,644057,349869
2021,10,25,tx,US,6600454,1674467,2521400,1370942
2021,10,25,ut,US,472710,139550,190710,109545
2021,10,25,va,US,1317682,383479,551500,303548
2021,10,25,vi,US,144,117,0,0
2021,10,25,vt,US,60727,20026,27537,15725
2021,10,25,wa,US,897503,288995,367420,232206
2021,10,25,wi,US,950175,286416,417271,233580
2021,10,25,wv,US,334171,100826,143450,79581
2021,10,25,wy,US,88916,27735,36475,21306
2021,10,25,yt,CA,196,145,196,145
2021,10,26,ALL,"",59142908,16104811,23794555,13220240
2021,10,26,ALL_CA,CA,509641,308894,509641,308894
2021,10,26,ALL_US,US,58633267,15796227,23284914,12911346
2021,10,26,ab,CA,72809,44816,72809,44816
2021,10,26,ak,US,63623,21072,24248,16034
2021,10,26,al,US,1628171,405430,641335,342902
2021,10,26,ar,US,905383,232219,355950,191654
2021,10,26,as,US,1,1,1,1
2021,10,26,az,US,1179085,321833,427388,254757
2021,10,26,bc,CA,63136,41000,63136,41000
2021,10,26,ca,US,4673322,1311502,1698142,1024944
2021,10,26,co,US,881003,260600,328508,192824
2021,10,26,ct,US,414767,132270,185999,104550
2021,10,26,dc,US,66956,30147,18076,10890
2021,10,26,de,US,147307,45481,62237,34602
2021,10,26,fl,US,4318486,1088440,1639540,877845
2021,10,26,ga,US,2640384,668899,1011308,535277
2021,10,26,gu,US,41,39,31,31
2021,10,26,hi,US,211900,55156,63189,41574
2021,10,26,ia,US,787080,217965,328351,175856
2021,10,26,id,US,279701,85125,116486,68615
2021,10,26,il,US,2269104,637956,921386,508274
2021,10,26,in,US,1425466,391112,590588,314632
2021,10,26,ks,US,706610,196200,293989,157587
2021,10,26,ky,US,987614,264596,391298,211012
2021,10,26,la,US,1149148,292703,440913,237405
2021,10,26,ma,US,726176,232020,309174,171850
2021,10,26,mb,CA,24076,14191,24076,14191
2021,10,26,md,US,786799,242464,326390,184381
2021,10,26,me,US,164965,50812,75346,42497
2021,10,26,mi,US,1647306,470926,709696,384974
2021,10,26,mn,US,870220,261543,357840,203316
2021,10,26,mo,US,1543236,416256,612814,335695
2021,10,26,mp,US,10,9,10,9
2021,10,26,ms,US,875582,220490,343419,184309
2021,10,26,mt,US,143218,45138,57369,34807
2021,10,26,nb,CA,9068,5240,9068,5240
2021,10,26,nc,US,2071453,550485,850128,453233
2021,10,26,nd,US,146617,42885,59977,33129
2021,10,26,ne,US,462700,128971,189706,101692
2021,10,26,nh,US,184811,57527,81664,44972
2021,10,26,nj,US,1251415,387202,564449,313158
2021,10,26,nl,CA,7321,3918,7321,3918
2021,10,26,nm,US,271049,86479,104927,62109
2021,10,26,ns,CA,11899,6902,11899,6902
2021,10,26,nt,CA,298,192,298,192
2021,10,26,nu,CA,112,68,112,68
2021,10,26,nv,US,561219,149593,175286,106582
2021,10,26,ny,US,2300117,737776,966950,552715
2021,10,26,oh,US,2245415,624766,948528,507790
2021,10,26,ok,US,1140976,291810,444986,238696
2021,10,26,on,CA,197024,118993,197024,118993
2021,10,26,or,US,545011,175998,209658,132687
2021,10,26,pa,US,1832108,560841,801147,444846
2021,10,26,pe,CA,1608,939,1608,939
2021,10,26,pr,US,6409,4842,3617,3091
2021,10,26,qc,CA,101521,60339,101521,60339
2021,10,26,ri,US,128789,40136,55501,30263
2021,10,26,sc,US,1232544,322913,510212,267548
2021,10,26,sd,US,174810,49638,71363,39505
2021,10,26,sk,CA,20518,12130,20518,12130
2021,10,26,tn,US,1691462,447545,644413,350104
2021,10,26,tx,US,6675995,1707119,2524273,1386854
2021,10,26,ut,US,488543,141052,195312,110857
2021,10,26,va,US,1349223,380393,550943,301242
2021,10,26,vi,US,137,114,0,0
2021,10,26,vt,US,60203,19801,27383,15552
2021,10,26,wa,US,922478,299171,374605,237316
2021,10,26,wi,US,971228,286857,419259,233311
2021,10,26,wv,US,335637,100740,142912,79418
2021,10,26,wy,US,90254,28574,36694,21576
2021,10,26,yt,CA,251,166,251,166
2021,10,27,ALL,"",59988825,15921510,23835143,13123114
2021,10,27,ALL_CA,CA,510566,304854,510566,304854
2021,10,27,ALL_US,US,59478259,15616990,23324577,12818260
2021,10,27,ab,CA,71417,43529,71417,43529
2021,10,27,ak,US,63200,20312,23614,15234
2021,10,27,al,US,1647303,406389,642927,343769
2021,10,27,ar,US,896598,232063,358104,192187
2021,10,27,as,US,1,1,1,1
2021,10,27,az,US,1191955,313437,428719,249644
2021,10,27,bc,CA,61514,39346,61514,39346
2021,10,27,ca,US,4715801,1272568,1692664,1003694
2021,10,27,co,US,886922,251293,324722,188192
2021,10,27,ct,US,449645,130872,191368,103458
2021,10,27,dc,US,70568,30752,17999,10853
2021,10,27,de,US,152620,45733,63178,34666
2021,10,27,fl,US,4406881,1095824,1651175,883012
2021,10,27,ga,US,2693477,669493,1015711,537790
2021,10,27,gu,US,25,25,18,18
2021,10,27,hi,US,213187,54007,63027,40633
2021,10,27,ia,US,789863,216772,329180,175517
2021,10,27,id,US,282091,82756,115140,66935
2021,10,27,il,US,2291346,631231,921168,504789
2021,10,27,in,US,1478407,393297,589578,314038
2021,10,27,ks,US,702293,192063,290025,154692
2021,10,27,ky,US,1005357,264515,393536,211264
2021,10,27,la,US,1088049,292286,442354,237203
2021,10,27,ma,US,688312,223639,289050,163911
2021,10,27,mb,CA,23764,13976,23764,13976
2021,10,27,md,US,810244,241301,328810,183957
2021,10,27,me,US,167917,50429,75518,42197
2021,10,27,mi,US,1653941,467040,709833,384036
2021,10,27,mn,US,872583,259575,358125,202927
2021,10,27,mo,US,1539228,414136,611051,334177
2021,10,27,mp,US,6,6,6,6
2021,10,27,ms,US,858770,221304,347292,185157
2021,10,27,mt,US,143717,43614,57087,34040
2021,10,27,nb,CA,8983,5236,8983,5236
2021,10,27,nc,US,2097579,549699,847443,452607
2021,10,27,nd,US,148787,42415,60416,32685
2021,10,27,ne,US,458603,126819,188020,100515
2021,10,27,nh,US,189342,57523,81975,44891
2021,10,27,nj,US,1393715,387287,590041,312227
2021,10,27,nl,CA,7294,3845,7294,3845
2021,10,27,nm,US,272825,83856,104167,60916
2021,10,27,ns,CA,11716,6912,11716,6912
2021,10,27,nt,CA,284,171,284,171
2021,10,27,nu,CA,113,65,113,65
2021,10,27,nv,US,567054,145605,175120,104495
2021,10,27,ny,US,2512643,734271,997437,549473
2021,10,27,oh,US,2261747,620570,945616,505592
2021,10,27,ok,US,1125499,285275,438872,235476
2021,10,27,on,CA,200632,118835,200632,118835
2021,10,27,or,US,546029,169568,206596,128624
2021,10,27,pa,US,1908206,556795,812747,441992
2021,10,27,pe,CA,1660,946,1660,946
2021,10,27,pr,US,7750,5734,4619,3833
2021,10,27,qc,CA,102752,60054,102752,60054
2021,10,27,ri,US,123795,39380,52529,29335
2021,10,27,sc,US,1254751,323759,508692,267794
2021,10,27,sd,US,177931,48991,71780,38863
2021,10,27,sk,CA,20231,11796,20231,11796
2021,10,27,tn,US,1719254,447657,645784,350529
2021,10,27,tx,US,6677185,1683576,2518795,1374350
2021,10,27,ut,US,492234,137169,193590,108513
2021,10,27,va,US,1377693,378729,552410,300141
2021,10,27,vi,US,151,116,0,0
2021,10,27,vt,US,62255,19575,27720,15426
2021,10,27,wa,US,927320,288387,371268,230716
2021,10,27,wi,US,981100,282625,417609,231026
2021,10,27,wv,US,343143,100138,144099,79226
2021,10,27,wy,US,91361,27940,36252,21023
2021,10,27,yt,CA,206,143,206,143
2021,10,28,ALL,"",61481341,16220000,23877303,13178572
2021,10,28,ALL_CA,CA,507608,301000,507608,301000
2021,10,28,ALL_US,US,60973733,15919342,23369695,12877572
2021,10,28,ab,CA,71708,43376,71708,43376
2021,10,28,ak,US,63285,20628,23776,15565
2021,10,28,al,US,1672884,409303,634809,341377
2021,10,28,ar,US,927634,234562,357649,192744
2021,10,28,as,US,1,1,1,1
2021,10,28,az,US,1220737,321365,427006,251468
2021,10,28,bc,CA,61192,38833,61192,38833
2021,10,28,ca,US,4870382,1302066,1714663,1012890
2021,10,28,co,US,921399,260383,327074,189514
2021,10,28,ct,US,469137,132780,193706,103805
2021,10,28,dc,US,74270,33247,18286,10995
2021,10,28,de,US,158420,46587,63762,34986
2021,10,28,fl,US,4385592,1119850,1636033,885827
2021,10,28,ga,US,2662858,683475,999260,536994
2021,10,28,gu,US,42,41,35,34
2021,10,28,hi,US,218468,55001,63576,40944
2021,10,28,ia,US,798826,222752,327995,177227
2021,10,28,id,US,290938,84883,115723,67399
2021,10,28,il,US,2290972,649525,916573,510964
2021,10,28,in,US,1492465,400989,589003,317245
2021,10,28,ks,US,716932,193419,288499,154427
2021,10,28,ky,US,1010827,268498,393146,212531
2021,10,28,la,US,1204979,295009,440265,236578
2021,10,28,ma,US,785601,235936,309201,167415
2021,10,28,mb,CA,23937,13939,23937,13939
2021,10,28,md,US,834987,248427,331145,185153
2021,10,28,me,US,175691,50770,76825,42200
2021,10,28,mi,US,1714433,480350,718708,386582
2021,10,28,mn,US,890329,266349,356322,202559
2021,10,28,mo,US,1544923,419384,603555,334180
2021,10,28,mp,US,6,6,6,6
2021,10,28,ms,US,911445,223890,343504,184663
2021,10,28,mt,US,147001,44615,56906,34174
2021,10,28,nb,CA,8978,5188,8978,5188
2021,10,28,nc,US,2109613,559644,851151,455278
2021,10,28,nd,US,152975,42893,59917,32692
2021,10,28,ne,US,478400,129134,189220,100467
2021,10,28,nh,US,201454,58424,83634,44799
2021,10,28,nj,US,1445445,393848,597601,313764
2021,10,28,nl,CA,7203,3788,7203,3788
2021,10,28,nm,US,283201,86166,105128,61441
2021,10,28,ns,CA,11736,6838,11736,6838
2021,10,28,nt,CA,294,186,294,186
2021,10,28,nu,CA,112,59,112,59
2021,10,28,nv,US,595109,151774,176882,105161
2021,10,28,ny,US,2605487,754379,1005892,551697
2021,10,28,oh,US,2318608,634314,957667,509441
2021,10,28,ok,US,1161790,286465,438840,234912
2021,10,28,on,CA,198336,116866,198336,116866
2021,10,28,or,US,560430,174001,209058,130167
2021,10,28,pa,US,1965999,569386,820008,445535
2021,10,28,pe,CA,1610,929,1610,929
2021,10,28,pr,US,8227,6168,4639,3906
2021,10,28,qc,CA,102245,59222,102245,59222
2021,10,28,ri,US,138074,40943,55444,30003
2021,10,28,sc,US,1234995,329684,505801,268925
2021,10,28,sd,US,182190,49271,70601,38517
2021,10,28,sk,CA,20046,11637,20046,11637
2021,10,28,tn,US,1736747,458580,646285,352453
2021,10,28,tx,US,6986763,1710491,2518735,1373548
2021,10,28,ut,US,509289,141253,195376,109361
2021,10,28,va,US,1415104,387905,555238,302276
2021,10,28,vi,US,170,140,0,0
2021,10,28,vt,US,64193,19909,27920,15404
2021,10,28,wa,US,936192,298897,373976,234945
2021,10,28,wi,US,982270,289236,412530,231719
2021,10,28,wv,US,352129,102499,145094,79832
2021,10,28,wy,US,93415,28104,36046,20888
2021,10,28,yt,CA,211,139,211,139
2021,10,29,ALL,"",65584515,16286414,23578184,12907480
2021,10,29,ALL_CA,CA,500134,295263,500134,295263
2021,10,29,ALL_US,US,65084381,15991542,23078050,12612218
2021,10,29,ab,CA,70319,42447,70319,42447
2021,10,29,ak,US,66712,20743,24220,15531
2021,10,29,al,US,1789799,414538,628884,334477
2021,10,29,ar,US,1002358,236842,352223,187684
2021,10,29,as,US,1,1,1,1
2021,10,29,az,US,1322360,323605,440639,246942
2021,10,29,bc,CA,62085,38266,62085,38266
2021,10,29,ca,US,5230817,1306292,1755523,996377
2021,10,29,co,US,985506,259437,328070,184734
2021,10,29,ct,US,499953,135643,192383,102754
2021,10,29,dc,US,70049,32403,17272,10729
2021,10,29,de,US,157474,47532,61932,34463
2021,10,29,fl,US,4806746,1130411,1605770,864674
2021,10,29,ga,US,2912336,695023,980844,523365
2021,10,29,gu,US,41,40,30,30
2021,10,29,hi,US,235853,55167,66219,40940
2021,10,29,ia,US,862414,222706,318502,170732
2021,10,29,id,US,305858,85493,115101,65969
2021,10,29,il,US,2428226,657474,907628,501087
2021,10,29,in,US,1602123,407456,581658,311806
2021,10,29,ks,US,782322,194809,285878,150236
2021,10,29,ky,US,1089483,274317,386986,208707
2021,10,29,la,US,1280547,298752,435139,231279
2021,10,29,ma,US,845796,240343,307108,166672
2021,10,29,mb,CA,23661,13696,23661,13696
2021,10,29,md,US,784575,251986,309612,182448
2021,10,29,me,US,189884,51576,75998,41575
2021,10,29,mi,US,1769718,481221,697227,380653
2021,10,29,mn,US,959931,265293,351054,196026
2021,10,29,mo,US,1674310,428451,592431,326083
2021,10,29,mp,US,10,9,10,9
2021,10,29,ms,US,978765,227785,338830,180423
2021,10,29,mt,US,155151,44834,56809,33529
2021,10,29,nb,CA,8546,5015,8546,5015
2021,10,29,nc,US,2300787,565164,835528,445403
2021,10,29,nd,US,160160,42753,58486,31515
2021,10,29,ne,US,517649,130166,185587,97771
2021,10,29,nh,US,218320,60318,81881,43889
2021,10,29,nj,US,1486292,399450,589878,310251
2021,10,29,nl,CA,6766,3694,6766,3694
2021,10,29,nm,US,298184,85035,104710,59692
2021,10,29,ns,CA,11479,6679,11479,6679
2021,10,29,nt,CA,289,183,289,183
2021,10,29,nu,CA,111,60,111,60
2021,10,29,nv,US,603970,152701,165409,101283
2021,10,29,ny,US,2725263,762132,997441,546575
2021,10,29,oh,US,2435704,649313,924143,501447
2021,10,29,ok,US,1271700,294579,435469,230630
2021,10,29,on,CA,194765,114772,194765,114772
2021,10,29,or,US,597157,174919,211762,127753
2021,10,29,pa,US,2034407,581682,795504,439789
2021,10,29,pe,CA,1557,890,1557,890
2021,10,29,pr,US,8108,6025,4511,3799
2021,10,29,qc,CA,100467,57935,100467,57935
2021,10,29,ri,US,151340,42090,55530,29613
2021,10,29,sc,US,1373665,334946,495926,261677
2021,10,29,sd,US,193266,49538,70030,37305
2021,10,29,sk,CA,19874,11483,19874,11483
2021,10,29,tn,US,1867945,466471,634774,345596
2021,10,29,tx,US,7465608,1716036,2502529,1338912
2021,10,29,ut,US,539547,142226,195845,106930
2021,10,29,va,US,1459648,392297,536076,296163
2021,10,29,vi,US,183,141,0,0
2021,10,29,vt,US,68232,20493,27436,15237
2021,10,29,wa,US,1019832,296776,382451,230056
2021,10,29,wi,US,1026067,287875,397948,222703
2021,10,29,wv,US,373998,105057,140086,78119
2021,10,29,wy,US,98231,28223,35129,20182
2021,10,29,yt,CA,215,143,215,143
2021,10,30,ALL,"",59341573,15849583,22040184,12393328
2021,10,30,ALL_CA,CA,471860,289149,471860,289149
2021,10,30,ALL_US,US,58869713,15560683,21568324,12104179
2021,10,30,ab,CA,67588,42172,67588,42172
2021,10,30,ak,US,60234,19871,23824,15112
2021,10,30,al,US,1590890,404051,574611,319619
2021,10,30,ar,US,877052,229524,331067,180248
2021,10,30,as,US,1,1,1,1
2021,10,30,az,US,1203070,314179,420958,239638
2021,10,30,bc,CA,60855,37914,60855,37914
2021,10,30,ca,US,4693083,1271364,1647074,962459
2021,10,30,co,US,890347,251874,314501,180222
2021,10,30,ct,US,433778,133469,174706,99273
2021,10,30,dc,US,67464,30834,16519,10148
2021,10,30,de,US,153078,47049,57803,32643
2021,10,30,fl,US,4415817,1100075,1501143,830809
2021,10,30,ga,US,2572981,668081,906301,501890
2021,10,30,gu,US,45,44,33,33
2021,10,30,hi,US,217723,54024,67652,40185
2021,10,30,ia,US,758349,215607,301128,163962
2021,10,30,id,US,277000,83506,110944,64288
2021,10,30,il,US,2297897,638799,860021,479812
2021,10,30,in,US,1413684,393220,535254,297044
2021,10,30,ks,US,714444,189584,270315,145130
2021,10,30,ky,US,929840,264981,352213,199250
2021,10,30,la,US,1147134,290521,406228,220979
2021,10,30,ma,US,737115,234790,284566,162396
2021,10,30,mb,CA,22399,13412,22399,13412
2021,10,30,md,US,817768,245502,303057,174253
2021,10,30,me,US,160570,50595,70355,40592
2021,10,30,mi,US,1512461,464552,628451,361020
2021,10,30,mn,US,868004,256500,334642,188557
2021,10,30,mo,US,1573136,417577,569735,313072
2021,10,30,mp,US,11,10,11,10
2021,10,30,ms,US,848476,221306,308394,170618
2021,10,30,mt,US,132173,43641,53313,32761
2021,10,30,nb,CA,8270,5021,8270,5021
2021,10,30,nc,US,2084240,547033,772873,423412
2021,10,30,nd,US,138729,41392,53722,30263
2021,10,30,ne,US,455213,127714,172713,94343
2021,10,30,nh,US,189455,60304,75493,43019
2021,10,30,nj,US,1383071,391750,542731,296008
2021,10,30,nl,CA,6277,3513,6277,3513
2021,10,30,nm,US,263180,82486,98184,57607
2021,10,30,ns,CA,10606,6407,10606,6407
2021,10,30,nt,CA,271,170,271,170
2021,10,30,nu,CA,93,56,93,56
2021,10,30,nv,US,601042,151259,168008,100811
2021,10,30,ny,US,2378530,737390,903181,524542
2021,10,30,oh,US,2230835,631482,861980,480224
2021,10,30,ok,US,1141612,288326,405304,221938
2021,10,30,on,CA,183794,112416,183794,112416
2021,10,30,or,US,540358,171102,203516,124674
2021,10,30,pa,US,1908813,570967,742365,420589
2021,10,30,pe,CA,1477,847,1477,847
2021,10,30,pr,US,6848,5103,4243,3503
2021,10,30,qc,CA,91527,55907,91527,55907
2021,10,30,ri,US,129885,41700,51045,28928
2021,10,30,sc,US,1233238,326373,456720,249313
2021,10,30,sd,US,170231,48435,64331,35743
2021,10,30,sk,CA,18493,11172,18493,11172
2021,10,30,tn,US,1658153,454643,585552,332534
2021,10,30,tx,US,6782825,1657656,2354180,1279211
2021,10,30,ut,US,488659,138962,191752,104587
2021,10,30,va,US,1382075,379624,505304,280909
2021,10,30,vi,US,132,108,0,0
2021,10,30,vt,US,57180,19737,25311,14724
2021,10,30,wa,US,924510,287695,362095,222839
2021,10,30,wi,US,948198,280510,379290,213152
2021,10,30,wv,US,324334,101628,130129,75271
2021,10,30,wy,US,84742,27686,33482,20014
2021,10,30,yt,CA,210,142,210,142
2021,10,31,ALL,"",52659527,16051404,23763578,13207498
2021,10,31,ALL_CA,CA,495427,298462,495427,298462
2021,10,31,ALL_US,US,52164100,15753197,23268151,12909036
2021,10,31,ab,CA,69849,43005,69849,43005
2021,10,31,ak,US,54730,20351,25025,15593
2021,10,31,al,US,1398175,407839,636368,344218
2021,10,31,ar,US,761442,230539,357071,193082
2021,10,31,az,US,1049382,315063,444397,249676
2021,10,31,bc,CA,63369,38021,63369,38021
2021,10,31,ca,US,4309917,1276723,1756569,1003457
2021,10,31,co,US,764699,257612,322332,190371
2021,10,31,ct,US,404102,135164,191494,105154
2021,10,31,dc,US,56675,27815,18021,10837
2021,10,31,de,US,132375,46922,61725,34914
2021,10,31,fl,US,3872669,1105941,1590653,880372
2021,10,31,ga,US,2357693,678574,997408,540072
2021,10,31,gu,US,37,37,29,29
2021,10,31,hi,US,197158,54168,70841,41099
2021,10,31,ia,US,659318,217584,321401,176191
2021,10,31,id,US,232625,83477,116381,67931
2021,10,31,il,US,1986560,647238,920205,513390
2021,10,31,in,US,1237542,391582,587949,318615
2021,10,31,ks,US,618687,190200,288939,155139
2021,10,31,ky,US,835428,265346,388477,212991
2021,10,31,la,US,981309,295387,434836,237974
2021,10,31,ma,US,695341,238542,312778,173027
2021,10,31,mb,CA,22714,13851,22714,13851
2021,10,31,md,US,723302,248492,327189,186906
2021,10,31,me,US,150072,51229,75456,42806
2021,10,31,mi,US,1395652,472606,695983,388853
2021,10,31,mn,US,780978,265667,362648,204682
2021,10,31,mo,US,1351079,417417,609367,335229
2021,10,31,mp,US,7,7,7,7
2021,10,31,ms,US,730336,222170,344449,185825
2021,10,31,mt,US,119026,43866,56640,34603
2021,10,31,nb,CA,8557,5145,8557,5145
2021,10,31,nc,US,1842038,555148,840666,456270
2021,10,31,nd,US,120326,42035,58423,32995
2021,10,31,ne,US,403808,129139,187894,101729
2021,10,31,nh,US,170805,59592,82024,45405
2021,10,31,nj,US,1221795,396852,584433,313633
2021,10,31,nl,CA,7091,3801,7091,3801
2021,10,31,nm,US,236364,82357,103722,60625
2021,10,31,ns,CA,11194,6756,11194,6756
2021,10,31,nt,CA,239,168,239,168
2021,10,31,nu,CA,107,72,107,72
2021,10,31,nv,US,540521,152084,180163,105564
2021,10,31,ny,US,2202366,751191,990267,558382
2021,10,31,oh,US,1949950,639174,936682,513376
2021,10,31,ok,US,982909,288946,436030,236590
2021,10,31,on,CA,194601,115977,194601,115977
2021,10,31,or,US,496444,170469,215604,129344
2021,10,31,pa,US,1660245,577814,795448,451470
2021,10,31,pe,CA,1645,953,1645,953
2021,10,31,pr,US,5097,3936,3271,2770
2021,10,31,qc,CA,96724,59073,96724,59073
2021,10,31,ri,US,121723,41654,55577,30436
2021,10,31,sc,US,1102086,328836,502488,268960
2021,10,31,sd,US,145583,49071,70620,39216
2021,10,31,sk,CA,19127,11497,19127,11497
2021,10,31,tn,US,1478964,451029,642169,352596
2021,10,31,tx,US,5944695,1682448,2530910,1370712
2021,10,31,ut,US,377904,141681,192429,111335
2021,10,31,va,US,1223951,384941,542752,300685
2021,10,31,vi,US,102,86,0,0
2021,10,31,vt,US,50527,19898,26635,15617
2021,10,31,wa,US,837824,289611,382902,232189
2021,10,31,wi,US,833734,289018,418149,234561
2021,10,31,wv,US,285544,101308,139788,80269
2021,10,31,wy,US,72479,27918,34467,21273
2021,10,31,yt,CA,210,143,210,143
